{"stats":{"minecraft:killed":{"alexsmobs:tarantula_hawk":1,"minecraft:spider":2,"minecraft:skeleton":28,"alexsmobs:seal":1,"minecraft:sheep":4,"minecraft:zombie":54,"epicsamurai:komainu":1,"minecraft:cow":1},"minecraft:used":{"magistuarmory:corruptedroundshield":7,"minecraft:iron_bars":1,"minecraft:writable_book":1,"magistuarmory:silver_ranseur":6,"minecraft:iron_sword":11,"minecraft:rotten_flesh":1,"minecraft:torch":68,"minecraft:spyglass":3,"minecraft:cracked_deepslate_tiles":3,"minecraft:smooth_basalt":3,"minecraft:furnace":1,"minecraft:cooked_cod":1,"minecraft:egg":3,"minecraft:cooked_beef":3,"minecraft:cobbled_deepslate":39,"minecraft:cooked_mutton":19,"minecraft:water_bucket":4,"minecraft:oak_planks":25,"minecraft:blackstone":8,"minecraft:golden_apple":1,"minecraft:crafting_table":3,"alexscaves:cave_book":5,"minecraft:white_bed":4,"minecraft:deepslate_tiles":2,"minecraft:diamond_pickaxe":155,"minecraft:apple":8,"minecraft:bread":27,"minecraft:iron_pickaxe":423,"minecraft:cobblestone":198,"minecraft:bucket":5,"magistuarmory:silver_zweihander":59,"minecraft:oak_boat":2},"minecraft:custom":{"minecraft:mob_kills":92,"minecraft:interact_with_crafting_table":19,"minecraft:open_barrel":21,"minecraft:eat_cake_slice":4,"minecraft:leave_game":1,"minecraft:time_since_death":57159,"minecraft:climb_one_cm":7078,"minecraft:sprint_one_cm":703520,"minecraft:walk_one_cm":367071,"minecraft:damage_blocked_by_shield":420,"minecraft:drop":60,"minecraft:play_time":185104,"minecraft:deaths":12,"minecraft:sneak_time":6613,"minecraft:walk_under_water_one_cm":7026,"minecraft:jump":4260,"minecraft:walk_on_water_one_cm":26584,"minecraft:total_world_time":185104,"minecraft:interact_with_furnace":22,"minecraft:interact_with_loom":10,"minecraft:sleep_in_bed":5,"minecraft:time_since_rest":48706,"minecraft:damage_taken":5384,"minecraft:damage_absorbed":40,"minecraft:damage_dealt":2950,"minecraft:fly_one_cm":962633,"minecraft:swim_one_cm":42304,"minecraft:open_chest":104,"minecraft:crouch_one_cm":24116,"minecraft:fall_one_cm":109267},"minecraft:picked_up":{"minecraft:chiseled_deepslate":10,"minecraft:iron_trapdoor":2,"minecraft:leather_leggings":1,"minecraft:string":8,"epicsamurai:jade":21,"minecraft:blackstone":8,"minecraft:deepslate_tiles":2,"minecraft:cobbled_deepslate":418,"minecraft:beef":3,"minecraft:oak_boat":2,"minecraft:iron_pickaxe":1,"minecraft:egg":3,"minecraft:raw_iron":20,"minecraft:polished_deepslate_slab":6,"minecraft:polished_deepslate_stairs":5,"minecraft:torch":12,"magistuarmory:rustedbarbute":1,"magistuarmory:rustedkettlehat":1,"minecraft:carrot":1,"minecraft:redstone":41,"magistuarmory:rustedcrusader_chestplate":1,"minecraft:stone_sword":1,"minecraft:arrow":11,"minecraft:rotten_flesh":32,"minecraft:hay_block":11,"create:veridium":1,"minecraft:iron_bars":2,"minecraft:cobblestone":73,"minecraft:cracked_deepslate_tiles":3,"minecraft:leather_chestplate":2,"minecraft:glow_ink_sac":6,"minecraft:leather":2,"minecraft:tuff":26,"minecraft:oak_log":4,"jeg:scrap":7,"minecraft:lapis_lazuli":30,"magistuarmory:silver_zweihander":1,"minecraft:bone":30,"minecraft:apple":1,"minecraft:gray_carpet":3,"minecraft:wheat_seeds":2,"minecraft:raw_gold":22,"minecraft:iron_ingot":1,"aquaculture:minnow":3,"epicsamurai:aquamarine":3,"jeg:tech_trash":1,"minecraft:oak_planks":14,"epicsamurai:raw_silver":5,"minecraft:iron_sword":1,"rustic_engineer:raw_solarite_ore":10,"minecraft:smooth_basalt":4,"minecraft:pumpkin":2,"magistuarmory:rustedchainmail_chestplate":1,"minecraft:gravel":23,"magistuarmory:rustednorman_helmet":1,"minecraft:white_bed":4,"magistuarmory:rustedchainmail_leggings":1,"minecraft:spider_eye":3,"minecraft:diamond":9,"magistuarmory:rusted_bastardsword":1,"magistuarmory:rustedcrusader_boots":1,"magistuarmory:corruptedroundshield":2,"minecraft:granite":3,"minecraft:golden_apple":1,"epicsamurai:ruby":12,"minecraft:oak_sapling":1,"create:precision_mechanism":1},"minecraft:killed_by":{"epicsamurai:jorogumo":1,"alexsmobs:centipede_head":1,"minecraft:skeleton":3,"minecraft:zombie":2,"alexsmobs:kangaroo":1},"minecraft:crafted":{"minecraft:oak_planks":64,"epicsamurai:silver_ingot":13,"minecraft:furnace":1,"magistuarmory:silver_shortsword":2,"minecraft:cooked_mutton":23,"magistuarmory:hilt":6,"magistuarmory:silver_zweihander":1,"magistuarmory:pole":1,"minecraft:wheat":207,"minecraft:cooked_beef":15,"minecraft:cooked_cod":9,"minecraft:crafting_table":3,"minecraft:bucket":1,"minecraft:bread":69,"minecraft:air":0,"minecraft:oak_boat":1,"magistuarmory:silver_ranseur":1,"minecraft:diamond_pickaxe":1,"minecraft:stick":28,"minecraft:iron_ingot":58,"minecraft:iron_pickaxe":2,"minecraft:iron_leggings":1,"minecraft:torch":72,"magistuarmory:leather_strip":6},"minecraft:dropped":{"minecraft:bread":34,"minecraft:iron_sword":1,"minecraft:glow_ink_sac":3,"minecraft:cobblestone":66,"create:precision_mechanism":1,"minecraft:golden_apple":3,"minecraft:iron_trapdoor":2,"minecraft:iron_leggings":1,"minecraft:iron_pickaxe":1,"minecraft:paper":20,"minecraft:string":3,"minecraft:gray_carpet":3,"minecraft:gravel":1,"rustic_engineer:raw_solarite_ore":1,"minecraft:cobbled_deepslate":205,"minecraft:tuff":1,"minecraft:rotten_flesh":10,"minecraft:cooked_mutton":2,"minecraft:polished_deepslate_stairs":1,"minecraft:chainmail_chestplate":1,"minecraft:chiseled_deepslate":4,"minecraft:leather_chestplate":2,"minecraft:diamond_pickaxe":1,"magistuarmory:silver_ranseur":1,"minecraft:leather_leggings":1,"minecraft:spider_eye":3,"minecraft:arrow":2,"magistuarmory:silver_zweihander":1},"minecraft:broken":{"magistuarmory:rustedcrusader_boots":1,"magistuarmory:rustedkettlehat":1,"magistuarmory:rustedcrusader_chestplate":1,"magistuarmory:rustedchainmail_chestplate":1,"minecraft:iron_pickaxe":2,"magistuarmory:rustedbarbute":1},"minecraft:mined":{"minecraft:deepslate_tiles":7,"minecraft:tuff":16,"minecraft:white_bed":4,"minecraft:mossy_cobblestone":1,"minecraft:deepslate_diamond_ore":9,"epicsamurai:deepslate_ruby_ore":13,"minecraft:stone_brick_wall":1,"minecraft:spawner":4,"minecraft:hay_block":12,"epicsamurai:deepslate_jade_ore":24,"rustic_engineer:solarite_ore_deep_slate":10,"minecraft:iron_ore":9,"minecraft:cobbled_deepslate":4,"minecraft:chiseled_deepslate":10,"minecraft:pumpkin":2,"minecraft:deepslate_lapis_ore":5,"minecraft:polished_deepslate":1,"minecraft:polished_deepslate_slab":8,"minecraft:vine":4,"minecraft:deepslate_iron_ore":11,"minecraft:iron_bars":3,"epicsamurai:deepslate_silver_ore":6,"create:veridium":1,"minecraft:deepslate_redstone_ore":6,"minecraft:light_gray_carpet":1,"minecraft:blackstone":8,"minecraft:polished_deepslate_stairs":6,"epicsamurai:deepslate_aquamarine_ore":3,"minecraft:oak_fence":1,"minecraft:torch":7,"minecraft:tall_grass":7,"minecraft:cobblestone":3,"minecraft:deepslate_gold_ore":23,"minecraft:oak_planks":14,"minecraft:wall_torch":4,"jeg:deepslate_scrap_ore":4,"minecraft:stone_brick_stairs":2,"minecraft:grass":1,"minecraft:cracked_deepslate_tiles":3,"minecraft:oak_log":4,"minecraft:gravel":1,"minecraft:sand":1,"minecraft:dirt":1,"minecraft:gray_carpet":5,"minecraft:cobweb":6,"minecraft:smooth_basalt":4,"minecraft:stone_bricks":1,"minecraft:deepslate":363,"minecraft:oak_leaves":8,"minecraft:iron_trapdoor":2}},"DataVersion":3465}