{"stats":{"minecraft:killed":{"mca:male_zombie_villager":2,"alexsmobs:tarantula_hawk":1,"minecraft:spider":6,"minecraft:slime":8,"minecraft:skeleton":32,"alexsmobs:seal":1,"epicsamurai:akaname":1,"minecraft:creeper":1,"minecraft:sheep":4,"minecraft:zombie":67,"epicsamurai:komainu":1,"minecraft:enderman":1,"minecraft:cow":1},"minecraft:used":{"magistuarmory:corruptedroundshield":7,"minecraft:iron_bars":1,"minecraft:writable_book":1,"minecraft:flint_and_steel":1,"magistuarmory:silver_ranseur":6,"minecraft:iron_sword":11,"minecraft:rotten_flesh":1,"minecraft:torch":79,"minecraft:spyglass":3,"minecraft:cracked_deepslate_tiles":3,"minecraft:smooth_basalt":6,"minecraft:furnace":2,"minecraft:cooked_cod":1,"minecraft:egg":3,"minecraft:cooked_beef":3,"minecraft:cobbled_deepslate":70,"minecraft:cooked_mutton":19,"minecraft:water_bucket":12,"minecraft:oak_planks":25,"minecraft:blackstone":8,"minecraft:golden_apple":1,"minecraft:crafting_table":3,"alexscaves:cave_book":6,"minecraft:white_bed":5,"minecraft:deepslate_tiles":2,"minecraft:diamond_pickaxe":155,"minecraft:apple":8,"minecraft:bread":46,"minecraft:iron_pickaxe":521,"minecraft:cobblestone":198,"minecraft:bucket":13,"magistuarmory:silver_zweihander":98,"minecraft:oak_boat":2},"minecraft:custom":{"minecraft:mob_kills":126,"minecraft:interact_with_crafting_table":24,"minecraft:open_barrel":21,"minecraft:eat_cake_slice":4,"minecraft:leave_game":1,"minecraft:time_since_death":9266,"minecraft:climb_one_cm":7078,"minecraft:sprint_one_cm":865594,"minecraft:walk_one_cm":529303,"minecraft:damage_blocked_by_shield":420,"minecraft:drop":85,"minecraft:play_time":245104,"minecraft:deaths":22,"minecraft:sneak_time":7321,"minecraft:walk_under_water_one_cm":9603,"minecraft:jump":5557,"minecraft:walk_on_water_one_cm":33977,"minecraft:total_world_time":245104,"minecraft:interact_with_furnace":28,"minecraft:interact_with_loom":10,"minecraft:sleep_in_bed":6,"minecraft:time_since_rest":9322,"minecraft:damage_taken":9516,"minecraft:damage_absorbed":40,"minecraft:damage_dealt":4990,"minecraft:player_kills":3,"minecraft:fly_one_cm":1240864,"minecraft:swim_one_cm":72120,"minecraft:open_chest":106,"minecraft:crouch_one_cm":27401,"minecraft:fall_one_cm":146943},"minecraft:picked_up":{"minecraft:chiseled_deepslate":10,"minecraft:iron_trapdoor":2,"minecraft:leather_leggings":1,"minecraft:string":12,"epicsamurai:jade":21,"minecraft:blackstone":8,"minecraft:deepslate_tiles":2,"minecraft:cobbled_deepslate":469,"minecraft:beef":3,"minecraft:oak_boat":2,"immersive_melodies:trumpet":1,"minecraft:calcite":3,"minecraft:iron_pickaxe":2,"minecraft:egg":3,"minecraft:raw_iron":20,"minecraft:polished_deepslate_slab":6,"minecraft:polished_deepslate_stairs":5,"minecraft:torch":12,"magistuarmory:rustedbarbute":1,"magistuarmory:rustedkettlehat":1,"minecraft:carrot":1,"minecraft:redstone":41,"magistuarmory:rustedcrusader_chestplate":1,"minecraft:stone_sword":1,"minecraft:arrow":15,"minecraft:rotten_flesh":36,"minecraft:hay_block":11,"create:veridium":1,"minecraft:iron_bars":2,"minecraft:cobblestone":73,"minecraft:cracked_deepslate_tiles":3,"magistuarmory:rustedhalfarmor_chestplate":1,"minecraft:leather_chestplate":2,"magistuarmory:rustedchainmail_boots":1,"minecraft:glow_ink_sac":6,"minecraft:leather":2,"minecraft:flint":1,"minecraft:tuff":35,"minecraft:oak_log":4,"jeg:scrap":11,"minecraft:lapis_lazuli":30,"magistuarmory:silver_zweihander":3,"minecraft:bone":36,"minecraft:apple":1,"minecraft:gray_carpet":3,"minecraft:wheat_seeds":2,"minecraft:raw_gold":22,"minecraft:iron_ingot":1,"aquaculture:minnow":3,"minecraft:soul_sand":5,"epicsamurai:aquamarine":3,"jeg:tech_trash":1,"minecraft:oak_planks":14,"epicsamurai:raw_silver":5,"minecraft:iron_sword":1,"minecraft:ghast_tear":1,"rustic_engineer:raw_solarite_ore":10,"minecraft:smooth_basalt":9,"minecraft:pumpkin":2,"magistuarmory:rustedchainmail_chestplate":1,"minecraft:gravel":53,"magistuarmory:rustednorman_helmet":1,"minecraft:white_bed":5,"magistuarmory:rustedchainmail_leggings":1,"minecraft:spider_eye":3,"minecraft:slime_ball":5,"minecraft:diamond":17,"minecraft:chainmail_leggings":1,"magistuarmory:rusted_bastardsword":1,"magistuarmory:rustedcrusader_boots":1,"magistuarmory:corruptedroundshield":3,"minecraft:granite":3,"minecraft:golden_apple":1,"epicsamurai:ruby":12,"minecraft:oak_sapling":1,"create:precision_mechanism":1},"minecraft:killed_by":{"minecraft:ghast":1,"epicsamurai:jorogumo":1,"minecraft:creeper":3,"alexsmobs:centipede_head":3,"minecraft:skeleton":3,"minecraft:zombie":3,"alexsmobs:kangaroo":1},"minecraft:crafted":{"minecraft:oak_planks":64,"epicsamurai:silver_ingot":13,"immersive_melodies:trumpet":2,"minecraft:furnace":2,"immersive_melodies:triangle":1,"magistuarmory:silver_shortsword":2,"minecraft:cooked_mutton":23,"minecraft:flint_and_steel":1,"magistuarmory:hilt":6,"magistuarmory:silver_zweihander":1,"magistuarmory:pole":1,"minecraft:wheat":207,"minecraft:cooked_beef":15,"minecraft:cooked_cod":9,"minecraft:crafting_table":3,"minecraft:copper_ingot":41,"minecraft:bucket":1,"minecraft:bread":69,"minecraft:air":0,"minecraft:oak_boat":1,"magistuarmory:silver_ranseur":1,"minecraft:diamond_pickaxe":1,"minecraft:stick":28,"minecraft:iron_ingot":58,"minecraft:iron_pickaxe":2,"minecraft:iron_leggings":1,"minecraft:torch":72,"magistuarmory:leather_strip":6},"minecraft:dropped":{"minecraft:bread":34,"minecraft:iron_sword":1,"minecraft:glow_ink_sac":3,"immersive_melodies:trumpet":2,"minecraft:cobblestone":66,"create:precision_mechanism":1,"jeg:scrap":4,"minecraft:golden_apple":3,"minecraft:iron_trapdoor":2,"minecraft:iron_leggings":1,"immersive_melodies:triangle":1,"magistuarmory:corruptedroundshield":1,"minecraft:iron_pickaxe":2,"minecraft:chainmail_leggings":1,"minecraft:paper":20,"minecraft:string":7,"minecraft:gray_carpet":3,"minecraft:smooth_basalt":2,"minecraft:gravel":51,"rustic_engineer:raw_solarite_ore":1,"minecraft:cobbled_deepslate":205,"minecraft:tuff":19,"magistuarmory:rustedhalfarmor_chestplate":1,"minecraft:rotten_flesh":10,"minecraft:cooked_mutton":2,"minecraft:polished_deepslate_stairs":2,"minecraft:chainmail_chestplate":1,"minecraft:chiseled_deepslate":4,"minecraft:leather_chestplate":2,"minecraft:diamond_pickaxe":1,"magistuarmory:silver_ranseur":1,"minecraft:leather_leggings":1,"minecraft:spider_eye":3,"minecraft:arrow":2,"magistuarmory:silver_zweihander":3,"minecraft:calcite":3,"magistuarmory:rustedchainmail_boots":1},"minecraft:broken":{"magistuarmory:rustedcrusader_boots":1,"magistuarmory:rustedkettlehat":1,"magistuarmory:rustedcrusader_chestplate":1,"magistuarmory:rustedchainmail_chestplate":1,"minecraft:iron_pickaxe":2,"magistuarmory:rustedbarbute":1},"minecraft:mined":{"minecraft:deepslate_tiles":7,"minecraft:tuff":16,"minecraft:white_bed":4,"minecraft:mossy_cobblestone":1,"minecraft:deepslate_diamond_ore":17,"epicsamurai:deepslate_ruby_ore":13,"minecraft:stone_brick_wall":1,"minecraft:soul_soil":1,"minecraft:spawner":4,"minecraft:hay_block":12,"epicsamurai:deepslate_jade_ore":24,"rustic_engineer:solarite_ore_deep_slate":10,"minecraft:iron_ore":9,"minecraft:cobbled_deepslate":6,"minecraft:chiseled_deepslate":10,"minecraft:pumpkin":2,"minecraft:deepslate_lapis_ore":5,"minecraft:polished_deepslate":1,"minecraft:polished_deepslate_slab":8,"minecraft:vine":4,"minecraft:deepslate_iron_ore":11,"minecraft:iron_bars":3,"epicsamurai:deepslate_silver_ore":6,"create:veridium":1,"minecraft:deepslate_redstone_ore":6,"minecraft:light_gray_carpet":1,"minecraft:blackstone":8,"minecraft:polished_deepslate_stairs":6,"minecraft:soul_fire":2,"epicsamurai:deepslate_aquamarine_ore":3,"minecraft:oak_fence":1,"minecraft:torch":8,"minecraft:nether_quartz_ore":1,"minecraft:tall_grass":7,"minecraft:cobblestone":3,"minecraft:deepslate_gold_ore":23,"minecraft:oak_planks":14,"minecraft:wall_torch":4,"jeg:deepslate_scrap_ore":4,"minecraft:stone_brick_stairs":2,"minecraft:grass":1,"minecraft:cracked_deepslate_tiles":3,"minecraft:oak_log":4,"minecraft:gravel":8,"minecraft:sand":1,"minecraft:dirt":1,"minecraft:gray_carpet":5,"minecraft:cobweb":6,"minecraft:smooth_basalt":4,"minecraft:stone_bricks":1,"minecraft:netherrack":4,"minecraft:deepslate":439,"minecraft:oak_leaves":8,"minecraft:iron_trapdoor":2}},"DataVersion":3465}