{"stats":{"minecraft:killed":{"alexsmobs:seal":1,"minecraft:cow":1},"minecraft:used":{"minecraft:cooked_mutton":7,"minecraft:bread":3,"minecraft:oak_planks":10,"minecraft:iron_sword":11,"minecraft:spyglass":3,"minecraft:cobblestone":64,"minecraft:crafting_table":1,"minecraft:furnace":1,"minecraft:oak_boat":2},"minecraft:picked_up":{"minecraft:pumpkin":2,"minecraft:leather":2,"minecraft:hay_block":11,"minecraft:beef":3,"minecraft:oak_boat":2,"minecraft:oak_planks":8,"minecraft:iron_sword":1,"create:precision_mechanism":1,"minecraft:cobblestone":70,"minecraft:egg":2},"minecraft:custom":{"minecraft:time_since_rest":874,"minecraft:interact_with_furnace":11,"minecraft:sprint_one_cm":172632,"minecraft:damage_taken":972,"minecraft:walk_one_cm":70447,"minecraft:mob_kills":2,"minecraft:drop":4,"minecraft:damage_dealt":572,"minecraft:interact_with_crafting_table":6,"minecraft:swim_one_cm":13662,"minecraft:fly_one_cm":345411,"minecraft:open_chest":39,"minecraft:crouch_one_cm":5299,"minecraft:play_time":47105,"minecraft:deaths":3,"minecraft:sneak_time":1275,"minecraft:walk_under_water_one_cm":1454,"minecraft:jump":1356,"minecraft:eat_cake_slice":4,"minecraft:walk_on_water_one_cm":4508,"minecraft:time_since_death":1001,"minecraft:sleep_in_bed":2,"minecraft:total_world_time":47105,"minecraft:climb_one_cm":1638,"minecraft:fall_one_cm":40974},"minecraft:killed_by":{"minecraft:skeleton":1,"alexsmobs:kangaroo":1},"minecraft:crafted":{"minecraft:oak_boat":1,"minecraft:oak_planks":20,"epicsamurai:silver_ingot":10,"minecraft:crafting_table":1,"minecraft:iron_ingot":58,"minecraft:furnace":1,"magistuarmory:leather_strip":6,"minecraft:air":0,"minecraft:cooked_mutton":8},"minecraft:dropped":{"minecraft:iron_sword":1,"minecraft:cobblestone":64,"create:precision_mechanism":1},"minecraft:mined":{"minecraft:hay_block":12,"minecraft:pumpkin":2,"minecraft:tall_grass":4,"minecraft:oak_planks":8,"minecraft:oak_leaves":1}},"DataVersion":3465}