{"stats":{"minecraft:used":{"minecraft:cobblestone":64},"minecraft:custom":{"minecraft:jump":176,"minecraft:open_chest":1,"minecraft:time_since_rest":11105,"minecraft:crouch_one_cm":3600,"minecraft:sprint_one_cm":15172,"minecraft:play_time":11105,"minecraft:time_since_death":11105,"minecraft:walk_one_cm":1872,"minecraft:sneak_time":729,"minecraft:total_world_time":11105,"minecraft:fall_one_cm":2984,"minecraft:fly_one_cm":56836},"minecraft:mined":{"minecraft:tall_grass":3,"minecraft:oak_leaves":1}},"DataVersion":3465}