{"stats":{"minecraft:used":{"minecraft:cooked_mutton":3,"minecraft:spyglass":3,"minecraft:cobblestone":64,"minecraft:furnace":1,"minecraft:oak_planks":8},"minecraft:picked_up":{"minecraft:hay_block":11,"minecraft:oak_planks":8},"minecraft:custom":{"minecraft:time_since_rest":11794,"minecraft:open_chest":27,"minecraft:crouch_one_cm":3632,"minecraft:play_time":23105,"minecraft:interact_with_furnace":10,"minecraft:sprint_one_cm":61755,"minecraft:damage_taken":100,"minecraft:walk_one_cm":19240,"minecraft:sneak_time":756,"minecraft:walk_under_water_one_cm":1150,"minecraft:jump":487,"minecraft:eat_cake_slice":4,"minecraft:time_since_death":23105,"minecraft:walk_on_water_one_cm":1983,"minecraft:sleep_in_bed":1,"minecraft:climb_one_cm":1638,"minecraft:total_world_time":23105,"minecraft:swim_one_cm":9924,"minecraft:fall_one_cm":13851,"minecraft:interact_with_crafting_table":4,"minecraft:fly_one_cm":124116},"minecraft:crafted":{"minecraft:furnace":1,"epicsamurai:silver_ingot":10,"minecraft:iron_ingot":58,"minecraft:cooked_mutton":8,"minecraft:air":0},"minecraft:mined":{"minecraft:hay_block":12,"minecraft:tall_grass":4,"minecraft:oak_planks":8,"minecraft:oak_leaves":1}},"DataVersion":3465}