{"stats":{"minecraft:killed":{"minecraft:spider":1,"minecraft:skeleton":14,"alexsmobs:seal":1,"minecraft:sheep":4,"minecraft:zombie":46,"epicsamurai:komainu":1,"minecraft:cow":1},"minecraft:used":{"magistuarmory:corruptedroundshield":7,"magistuarmory:silver_ranseur":6,"minecraft:iron_sword":11,"minecraft:rotten_flesh":1,"minecraft:torch":5,"minecraft:spyglass":3,"minecraft:cracked_deepslate_tiles":3,"minecraft:smooth_basalt":3,"minecraft:furnace":1,"minecraft:egg":3,"minecraft:cooked_beef":3,"minecraft:cobbled_deepslate":25,"minecraft:cooked_mutton":16,"minecraft:water_bucket":2,"minecraft:oak_planks":22,"minecraft:blackstone":8,"minecraft:crafting_table":3,"alexscaves:cave_book":5,"minecraft:white_bed":2,"minecraft:deepslate_tiles":2,"minecraft:diamond_pickaxe":44,"minecraft:apple":8,"minecraft:bread":4,"minecraft:iron_pickaxe":401,"minecraft:cobblestone":198,"minecraft:bucket":2,"magistuarmory:silver_zweihander":44,"minecraft:oak_boat":2},"minecraft:custom":{"minecraft:mob_kills":68,"minecraft:interact_with_crafting_table":15,"minecraft:open_barrel":21,"minecraft:eat_cake_slice":4,"minecraft:leave_game":1,"minecraft:time_since_death":3159,"minecraft:climb_one_cm":6603,"minecraft:sprint_one_cm":463905,"minecraft:walk_one_cm":228953,"minecraft:damage_blocked_by_shield":420,"minecraft:drop":34,"minecraft:play_time":131104,"minecraft:deaths":12,"minecraft:sneak_time":5066,"minecraft:walk_under_water_one_cm":2298,"minecraft:jump":3215,"minecraft:walk_on_water_one_cm":15727,"minecraft:total_world_time":131104,"minecraft:interact_with_furnace":20,"minecraft:interact_with_loom":10,"minecraft:sleep_in_bed":4,"minecraft:time_since_rest":3194,"minecraft:damage_taken":4107,"minecraft:damage_dealt":2307,"minecraft:fly_one_cm":740671,"minecraft:swim_one_cm":29969,"minecraft:open_chest":65,"minecraft:crouch_one_cm":20390,"minecraft:fall_one_cm":86327},"minecraft:picked_up":{"minecraft:iron_trapdoor":2,"minecraft:string":5,"epicsamurai:jade":17,"minecraft:blackstone":8,"minecraft:deepslate_tiles":2,"minecraft:cobbled_deepslate":279,"minecraft:beef":3,"minecraft:oak_boat":2,"minecraft:iron_pickaxe":1,"minecraft:egg":3,"minecraft:raw_iron":16,"minecraft:torch":10,"magistuarmory:rustedbarbute":1,"magistuarmory:rustedkettlehat":1,"minecraft:carrot":1,"minecraft:redstone":27,"magistuarmory:rustedcrusader_chestplate":1,"minecraft:arrow":4,"minecraft:rotten_flesh":32,"minecraft:hay_block":11,"create:veridium":1,"minecraft:cobblestone":73,"minecraft:cracked_deepslate_tiles":3,"minecraft:glow_ink_sac":3,"minecraft:leather":2,"minecraft:tuff":13,"minecraft:oak_log":2,"jeg:scrap":7,"minecraft:lapis_lazuli":11,"minecraft:bone":16,"minecraft:wheat_seeds":1,"minecraft:raw_gold":22,"minecraft:iron_ingot":1,"jeg:tech_trash":1,"minecraft:oak_planks":14,"epicsamurai:raw_silver":4,"minecraft:iron_sword":1,"rustic_engineer:raw_solarite_ore":1,"minecraft:smooth_basalt":4,"minecraft:pumpkin":2,"magistuarmory:rustedchainmail_chestplate":1,"minecraft:gravel":1,"magistuarmory:rustednorman_helmet":1,"minecraft:white_bed":3,"minecraft:spider_eye":1,"minecraft:diamond":8,"magistuarmory:rusted_bastardsword":1,"magistuarmory:rustedcrusader_boots":1,"magistuarmory:corruptedroundshield":2,"epicsamurai:ruby":5,"minecraft:oak_sapling":1,"create:precision_mechanism":1},"minecraft:killed_by":{"epicsamurai:jorogumo":1,"alexsmobs:centipede_head":1,"minecraft:skeleton":3,"minecraft:zombie":2,"alexsmobs:kangaroo":1},"minecraft:crafted":{"minecraft:oak_planks":60,"epicsamurai:silver_ingot":13,"minecraft:furnace":1,"magistuarmory:silver_shortsword":2,"minecraft:cooked_mutton":23,"magistuarmory:hilt":6,"magistuarmory:silver_zweihander":1,"magistuarmory:pole":1,"minecraft:cooked_beef":3,"minecraft:cooked_cod":9,"minecraft:crafting_table":3,"minecraft:bucket":1,"minecraft:air":0,"minecraft:oak_boat":1,"magistuarmory:silver_ranseur":1,"minecraft:diamond_pickaxe":1,"minecraft:stick":12,"minecraft:iron_ingot":58,"minecraft:iron_pickaxe":2,"magistuarmory:leather_strip":6},"minecraft:dropped":{"minecraft:iron_sword":1,"minecraft:cobblestone":66,"create:precision_mechanism":1,"minecraft:golden_apple":1,"minecraft:iron_trapdoor":2,"minecraft:iron_pickaxe":1,"minecraft:paper":20,"minecraft:string":2,"minecraft:cobbled_deepslate":205,"minecraft:rotten_flesh":10,"minecraft:cooked_mutton":2,"minecraft:chainmail_chestplate":1,"minecraft:spider_eye":1,"minecraft:arrow":2},"minecraft:broken":{"magistuarmory:rustedkettlehat":1,"magistuarmory:rustedcrusader_chestplate":1,"magistuarmory:rustedchainmail_chestplate":1,"minecraft:iron_pickaxe":2,"magistuarmory:rustedbarbute":1},"minecraft:mined":{"minecraft:deepslate_tiles":2,"minecraft:tuff":14,"minecraft:white_bed":3,"minecraft:mossy_cobblestone":1,"minecraft:deepslate_diamond_ore":8,"epicsamurai:deepslate_ruby_ore":5,"minecraft:stone_brick_wall":1,"minecraft:hay_block":12,"epicsamurai:deepslate_jade_ore":20,"rustic_engineer:solarite_ore_deep_slate":1,"minecraft:iron_ore":9,"minecraft:cobbled_deepslate":1,"minecraft:pumpkin":2,"minecraft:deepslate_lapis_ore":2,"minecraft:vine":4,"minecraft:deepslate_iron_ore":7,"epicsamurai:deepslate_silver_ore":4,"create:veridium":1,"minecraft:deepslate_redstone_ore":6,"minecraft:light_gray_carpet":1,"minecraft:blackstone":8,"minecraft:oak_fence":1,"minecraft:torch":7,"minecraft:tall_grass":7,"minecraft:cobblestone":3,"minecraft:deepslate_gold_ore":23,"minecraft:oak_planks":14,"minecraft:wall_torch":4,"jeg:deepslate_scrap_ore":4,"minecraft:stone_brick_stairs":2,"minecraft:grass":1,"minecraft:cracked_deepslate_tiles":3,"minecraft:oak_log":4,"minecraft:gravel":1,"minecraft:sand":1,"minecraft:dirt":1,"minecraft:cobweb":2,"minecraft:smooth_basalt":4,"minecraft:stone_bricks":1,"minecraft:deepslate":310,"minecraft:oak_leaves":8,"minecraft:iron_trapdoor":2}},"DataVersion":3465}