{"stats":{"minecraft:killed":{"alexsmobs:seal":1,"minecraft:spider":1,"minecraft:skeleton":1,"minecraft:zombie":28,"minecraft:cow":1},"minecraft:used":{"minecraft:cooked_mutton":7,"minecraft:oak_planks":22,"magistuarmory:silver_ranseur":2,"minecraft:blackstone":7,"minecraft:iron_sword":11,"minecraft:torch":5,"minecraft:spyglass":3,"minecraft:crafting_table":2,"alexscaves:cave_book":3,"minecraft:white_bed":1,"minecraft:diamond_pickaxe":9,"minecraft:apple":8,"minecraft:bread":3,"minecraft:iron_pickaxe":278,"minecraft:smooth_basalt":3,"minecraft:cobblestone":198,"minecraft:furnace":1,"magistuarmory:silver_zweihander":27,"minecraft:oak_boat":2,"minecraft:egg":3,"minecraft:cooked_beef":2,"minecraft:cobbled_deepslate":9},"minecraft:picked_up":{"minecraft:glow_ink_sac":3,"minecraft:leather":2,"minecraft:tuff":6,"minecraft:oak_log":2,"jeg:scrap":7,"minecraft:lapis_lazuli":11,"minecraft:string":2,"epicsamurai:jade":15,"minecraft:bone":1,"minecraft:blackstone":7,"minecraft:wheat_seeds":1,"minecraft:cobbled_deepslate":152,"minecraft:raw_gold":15,"minecraft:beef":3,"minecraft:oak_boat":2,"minecraft:iron_sword":1,"epicsamurai:raw_silver":4,"minecraft:oak_planks":14,"jeg:tech_trash":1,"minecraft:egg":3,"minecraft:raw_iron":16,"minecraft:smooth_basalt":4,"minecraft:pumpkin":2,"magistuarmory:rustedchainmail_chestplate":1,"minecraft:torch":10,"magistuarmory:rustedbarbute":1,"magistuarmory:rustednorman_helmet":1,"magistuarmory:rustedkettlehat":1,"minecraft:white_bed":1,"minecraft:carrot":1,"minecraft:redstone":13,"magistuarmory:rustedcrusader_chestplate":1,"minecraft:spider_eye":1,"minecraft:rotten_flesh":21,"minecraft:diamond":3,"magistuarmory:rusted_bastardsword":1,"minecraft:hay_block":11,"magistuarmory:corruptedroundshield":2,"create:veridium":1,"minecraft:oak_sapling":1,"epicsamurai:ruby":5,"create:precision_mechanism":1,"minecraft:cobblestone":70},"minecraft:custom":{"minecraft:interact_with_furnace":17,"minecraft:mob_kills":32,"minecraft:interact_with_crafting_table":14,"minecraft:open_barrel":19,"minecraft:interact_with_loom":3,"minecraft:eat_cake_slice":4,"minecraft:leave_game":1,"minecraft:time_since_death":9552,"minecraft:sleep_in_bed":3,"minecraft:climb_one_cm":1638,"minecraft:time_since_rest":9603,"minecraft:sprint_one_cm":370283,"minecraft:damage_taken":2254,"minecraft:walk_one_cm":156502,"minecraft:drop":9,"minecraft:damage_dealt":1673,"minecraft:swim_one_cm":28248,"minecraft:fly_one_cm":609786,"minecraft:open_chest":59,"minecraft:crouch_one_cm":16480,"minecraft:play_time":95104,"minecraft:deaths":7,"minecraft:sneak_time":4015,"minecraft:walk_under_water_one_cm":2084,"minecraft:jump":2498,"minecraft:walk_on_water_one_cm":13223,"minecraft:total_world_time":95104,"minecraft:fall_one_cm":65032},"minecraft:killed_by":{"epicsamurai:jorogumo":1,"alexsmobs:centipede_head":1,"minecraft:skeleton":1,"minecraft:zombie":1,"alexsmobs:kangaroo":1},"minecraft:crafted":{"minecraft:cooked_beef":3,"minecraft:oak_planks":60,"epicsamurai:silver_ingot":13,"minecraft:crafting_table":2,"minecraft:furnace":1,"magistuarmory:silver_shortsword":2,"minecraft:air":0,"minecraft:cooked_mutton":21,"minecraft:oak_boat":1,"magistuarmory:hilt":6,"magistuarmory:silver_ranseur":1,"minecraft:diamond_pickaxe":1,"minecraft:stick":12,"magistuarmory:silver_zweihander":1,"minecraft:iron_ingot":58,"minecraft:iron_pickaxe":2,"magistuarmory:pole":1,"magistuarmory:leather_strip":6},"minecraft:dropped":{"minecraft:iron_sword":1,"minecraft:cobbled_deepslate":1,"minecraft:cobblestone":64,"minecraft:rotten_flesh":10,"create:precision_mechanism":1,"minecraft:spider_eye":1,"minecraft:string":2},"minecraft:broken":{"magistuarmory:rustedchainmail_chestplate":1,"minecraft:iron_pickaxe":1,"magistuarmory:rustedkettlehat":1,"magistuarmory:rustedbarbute":1,"magistuarmory:rustedcrusader_chestplate":1},"minecraft:mined":{"minecraft:deepslate_redstone_ore":3,"minecraft:tuff":7,"minecraft:white_bed":1,"minecraft:blackstone":7,"minecraft:deepslate_diamond_ore":3,"minecraft:torch":7,"epicsamurai:deepslate_ruby_ore":5,"minecraft:tall_grass":7,"minecraft:deepslate_gold_ore":16,"minecraft:oak_planks":14,"minecraft:wall_torch":4,"minecraft:hay_block":12,"jeg:deepslate_scrap_ore":4,"epicsamurai:deepslate_jade_ore":15,"minecraft:iron_ore":9,"minecraft:cobbled_deepslate":1,"minecraft:pumpkin":2,"minecraft:deepslate_lapis_ore":2,"minecraft:grass":1,"minecraft:oak_log":2,"minecraft:deepslate_iron_ore":7,"epicsamurai:deepslate_silver_ore":4,"minecraft:sand":1,"minecraft:smooth_basalt":4,"create:veridium":1,"minecraft:oak_leaves":8,"minecraft:deepslate":199}},"DataVersion":3465}