{"stats":{"minecraft:killed":{"alexsmobs:seal":1,"minecraft:zombie":21,"minecraft:cow":1},"minecraft:used":{"minecraft:cooked_mutton":7,"magistuarmory:silver_ranseur":2,"minecraft:oak_planks":22,"minecraft:iron_sword":11,"minecraft:torch":4,"minecraft:spyglass":3,"minecraft:crafting_table":1,"minecraft:white_bed":1,"minecraft:apple":8,"minecraft:bread":3,"minecraft:iron_pickaxe":70,"minecraft:smooth_basalt":3,"minecraft:cobblestone":198,"minecraft:furnace":1,"magistuarmory:silver_zweihander":20,"minecraft:oak_boat":2,"minecraft:egg":3},"minecraft:picked_up":{"minecraft:glow_ink_sac":1,"minecraft:leather":2,"minecraft:tuff":6,"minecraft:oak_log":2,"minecraft:blackstone":7,"minecraft:wheat_seeds":1,"minecraft:cobbled_deepslate":47,"minecraft:raw_gold":1,"minecraft:beef":3,"minecraft:oak_boat":2,"epicsamurai:raw_silver":4,"minecraft:iron_sword":1,"minecraft:oak_planks":12,"minecraft:egg":3,"minecraft:smooth_basalt":4,"minecraft:pumpkin":2,"minecraft:torch":10,"magistuarmory:rustedbarbute":1,"magistuarmory:rustedkettlehat":1,"minecraft:white_bed":1,"minecraft:carrot":1,"magistuarmory:rustedcrusader_chestplate":1,"minecraft:rotten_flesh":11,"minecraft:hay_block":11,"magistuarmory:corruptedroundshield":2,"create:veridium":1,"minecraft:oak_sapling":1,"create:precision_mechanism":1,"minecraft:cobblestone":70},"minecraft:custom":{"minecraft:interact_with_furnace":16,"minecraft:mob_kills":23,"minecraft:interact_with_crafting_table":13,"minecraft:eat_cake_slice":4,"minecraft:time_since_death":2735,"minecraft:sleep_in_bed":3,"minecraft:climb_one_cm":1638,"minecraft:time_since_rest":2775,"minecraft:sprint_one_cm":315814,"minecraft:damage_taken":1812,"minecraft:walk_one_cm":112408,"minecraft:drop":4,"minecraft:damage_dealt":1513,"minecraft:swim_one_cm":27556,"minecraft:fly_one_cm":539476,"minecraft:open_chest":57,"minecraft:crouch_one_cm":15766,"minecraft:play_time":77105,"minecraft:deaths":6,"minecraft:sneak_time":3602,"minecraft:walk_under_water_one_cm":1990,"minecraft:jump":2185,"minecraft:walk_on_water_one_cm":10995,"minecraft:total_world_time":77105,"minecraft:fall_one_cm":53773},"minecraft:killed_by":{"epicsamurai:jorogumo":1,"alexsmobs:centipede_head":1,"minecraft:skeleton":1,"minecraft:zombie":1,"alexsmobs:kangaroo":1},"minecraft:crafted":{"minecraft:cooked_beef":3,"minecraft:oak_planks":60,"epicsamurai:silver_ingot":13,"minecraft:crafting_table":1,"minecraft:furnace":1,"magistuarmory:silver_shortsword":2,"minecraft:cooked_mutton":21,"minecraft:air":0,"minecraft:oak_boat":1,"magistuarmory:hilt":6,"magistuarmory:silver_ranseur":1,"minecraft:stick":8,"minecraft:iron_ingot":58,"magistuarmory:silver_zweihander":1,"minecraft:iron_pickaxe":2,"magistuarmory:pole":1,"magistuarmory:leather_strip":6},"minecraft:dropped":{"minecraft:iron_sword":1,"minecraft:cobblestone":64,"create:precision_mechanism":1},"minecraft:broken":{"magistuarmory:rustedbarbute":1,"magistuarmory:rustedcrusader_chestplate":1},"minecraft:mined":{"minecraft:tuff":6,"minecraft:white_bed":1,"minecraft:blackstone":7,"minecraft:torch":7,"minecraft:tall_grass":7,"minecraft:deepslate_gold_ore":1,"minecraft:oak_planks":12,"minecraft:wall_torch":4,"minecraft:hay_block":12,"minecraft:pumpkin":2,"minecraft:grass":1,"minecraft:oak_log":2,"epicsamurai:deepslate_silver_ore":4,"minecraft:sand":1,"minecraft:smooth_basalt":4,"create:veridium":1,"minecraft:oak_leaves":8,"minecraft:deepslate":47}},"DataVersion":3465}