{"stats":{"minecraft:crafted":{"minecraft:oak_planks":40,"minecraft:crafting_table":1,"minecraft:wooden_pickaxe":1},"minecraft:picked_up":{"minecraft:stick":5,"minecraft:crafting_table":1,"minecraft:wheat":4,"minecraft:oak_log":11,"minecraft:yellow_candle":4,"minecraft:orange_candle":3,"minecraft:dirt":3,"minecraft:red_bed":1,"minecraft:beetroot":4,"minecraft:apple":1,"minecraft:beetroot_seeds":9,"minecraft:wheat_seeds":10,"minecraft:candle":11,"minecraft:cyan_candle":4,"minecraft:oak_sapling":6,"minecraft:moss_block":1,"minecraft:light_blue_candle":2,"minecraft:acacia_sapling":1,"minecraft:cobblestone":47},"minecraft:mined":{"minecraft:acacia_leaves":21,"minecraft:red_bed":1,"minecraft:candle":3,"minecraft:wheat":4,"minecraft:crafting_table":1,"minecraft:grass":2,"minecraft:grass_block":3,"minecraft:oak_log":11,"minecraft:yellow_candle":2,"minecraft:beetroots":4,"minecraft:light_blue_candle":1,"minecraft:orange_candle":1,"minecraft:tall_grass":5,"minecraft:stone":48,"minecraft:moss_block":1,"minecraft:oak_leaves":28,"minecraft:cyan_candle":1},"minecraft:used":{"minecraft:wheat_seeds":4,"minecraft:wooden_pickaxe":48,"minecraft:dirt":3,"minecraft:crafting_table":1,"minecraft:beetroot_seeds":4,"alexsmobs:animal_dictionary":1,"minecraft:yellow_candle":1},"minecraft:custom":{"minecraft:time_since_rest":19740,"minecraft:sprint_one_cm":56209,"minecraft:damage_taken":10,"minecraft:walk_one_cm":40396,"minecraft:swim_one_cm":802,"minecraft:interact_with_crafting_table":1,"minecraft:fly_one_cm":31665,"minecraft:open_chest":1,"minecraft:crouch_one_cm":12262,"minecraft:play_time":19740,"minecraft:sneak_time":3720,"minecraft:walk_under_water_one_cm":40,"minecraft:jump":200,"minecraft:leave_game":1,"minecraft:time_since_death":19740,"minecraft:walk_on_water_one_cm":307,"minecraft:total_world_time":19740,"minecraft:fall_one_cm":3230}},"DataVersion":3465}