{"stats":{"minecraft:crafted":{"minecraft:smooth_stone":3,"minecraft:oak_planks":40,"minecraft:crafting_table":1,"minecraft:wooden_pickaxe":1,"minecraft:iron_helmet":1,"minecraft:furnace":1,"minecraft:blast_furnace":1,"minecraft:stone":7,"minecraft:bucket":1,"minecraft:bread":1,"minecraft:air":0,"aquaculture:fish_fillet_raw":8,"magistuarmory:steel_ingot":10,"minecraft:stick":8,"minecraft:iron_ingot":20,"aquaculture:stone_fillet_knife":1,"minecraft:chest":1,"aquaculture:fish_fillet_cooked":8,"minecraft:torch":4},"minecraft:picked_up":{"minecraft:crafting_table":1,"minecraft:wheat":6,"minecraft:basalt":1,"minecraft:oak_log":12,"jeg:scrap":3,"minecraft:yellow_candle":4,"minecraft:paper":6,"minecraft:lapis_lazuli":122,"minecraft:map":16,"minecraft:dirt":12,"minecraft:red_bed":1,"minecraft:leather_boots":2,"minecraft:apple":1,"minecraft:beetroot":4,"minecraft:wheat_seeds":19,"minecraft:cartography_table":3,"minecraft:candle":11,"minecraft:iron_ingot":16,"minecraft:stone_pickaxe":2,"minecraft:cyan_candle":4,"minecraft:iron_pickaxe":2,"epicsamurai:aquamarine":6,"minecraft:moss_block":1,"minecraft:oak_planks":32,"minecraft:stone_hoe":2,"minecraft:acacia_sapling":1,"minecraft:raw_iron":20,"minecraft:stick":8,"minecraft:pumpkin":2,"minecraft:torch":7,"minecraft:orange_candle":3,"minecraft:redstone":26,"minecraft:bundle":2,"minecraft:rotten_flesh":4,"minecraft:stone_sword":2,"minecraft:stone_shovel":2,"minecraft:beetroot_seeds":9,"aquaculture:bayad":2,"minecraft:granite":136,"aquaculture:carp":1,"alexsmobs:emu_egg":1,"minecraft:emerald":6,"minecraft:gold_ingot":6,"epicsamurai:ruby":3,"minecraft:oak_sapling":6,"minecraft:light_blue_candle":2,"minecraft:coal":55,"minecraft:cobblestone":82},"minecraft:killed":{"aquaculture:bayad":2,"minecraft:zombie":2,"aquaculture:carp":1},"minecraft:killed_by":{"minecraft:creeper":2,"minecraft:zombie":1},"minecraft:mined":{"minecraft:acacia_leaves":23,"jeg:scrap_ore":1,"minecraft:red_bed":1,"minecraft:candle":3,"minecraft:torch":2,"minecraft:crafting_table":1,"minecraft:granite":2,"minecraft:grass_block":3,"minecraft:yellow_candle":2,"minecraft:orange_candle":1,"minecraft:tall_grass":8,"minecraft:deepslate_coal_ore":5,"minecraft:moss_block":1,"minecraft:cartography_table":1,"minecraft:wall_torch":4,"minecraft:redstone_ore":6,"minecraft:iron_ore":20,"epicsamurai:aquamarine_ore":6,"minecraft:wheat":6,"minecraft:pumpkin":2,"minecraft:grass":4,"minecraft:coal_ore":38,"minecraft:oak_log":11,"minecraft:beetroots":4,"minecraft:light_blue_candle":1,"minecraft:dirt":7,"minecraft:stone":83,"minecraft:oak_leaves":29,"minecraft:cyan_candle":1,"epicsamurai:ruby_ore":3},"minecraft:used":{"minecraft:wheat_seeds":11,"minecraft:stone_sword":18,"minecraft:stone_shovel":4,"minecraft:stone_pickaxe":62,"minecraft:cartography_table":1,"minecraft:chest":1,"minecraft:wooden_pickaxe":48,"minecraft:stone_hoe":6,"minecraft:torch":8,"minecraft:dirt":11,"minecraft:crafting_table":1,"minecraft:blast_furnace":1,"minecraft:yellow_candle":1,"minecraft:granite":13,"minecraft:bread":1,"minecraft:iron_pickaxe":57,"minecraft:beetroot_seeds":4,"minecraft:bucket":1,"alexsmobs:animal_dictionary":1,"aquaculture:fish_fillet_cooked":8},"minecraft:custom":{"minecraft:interact_with_furnace":44,"minecraft:mob_kills":5,"minecraft:interact_with_crafting_table":21,"minecraft:interact_with_cartography_table":2,"minecraft:leave_game":3,"minecraft:time_since_death":63954,"minecraft:sleep_in_bed":2,"minecraft:time_since_rest":14697,"minecraft:sprint_one_cm":112780,"minecraft:damage_taken":1075,"minecraft:walk_one_cm":122639,"minecraft:damage_dealt":632,"minecraft:swim_one_cm":15092,"minecraft:fly_one_cm":90336,"minecraft:open_chest":26,"minecraft:crouch_one_cm":22081,"minecraft:play_time":88161,"minecraft:deaths":3,"minecraft:sneak_time":6658,"minecraft:walk_under_water_one_cm":3875,"minecraft:jump":749,"minecraft:interact_with_blast_furnace":1,"minecraft:walk_on_water_one_cm":8920,"minecraft:total_world_time":88161,"minecraft:fall_one_cm":16630}},"DataVersion":3465}