{"stats":{"minecraft:crafted":{"minecraft:smooth_stone":3,"minecraft:oak_planks":40,"minecraft:crafting_table":1,"minecraft:wooden_pickaxe":1,"minecraft:iron_helmet":1,"minecraft:furnace":1,"minecraft:blast_furnace":1,"minecraft:stone":7,"minecraft:bucket":1,"minecraft:bread":5,"minecraft:air":0,"aquaculture:fish_fillet_raw":8,"magistuarmory:steel_ingot":10,"minecraft:stick":8,"minecraft:iron_ingot":20,"aquaculture:stone_fillet_knife":1,"minecraft:chest":1,"aquaculture:fish_fillet_cooked":8,"minecraft:torch":4},"minecraft:picked_up":{"minecraft:crafting_table":1,"minecraft:wheat":20,"minecraft:basalt":1,"minecraft:water_bucket":2,"minecraft:oak_log":15,"jeg:scrap":3,"minecraft:yellow_candle":4,"minecraft:paper":6,"minecraft:lapis_lazuli":122,"minecraft:map":16,"minecraft:dirt":14,"minecraft:red_bed":1,"minecraft:leather_boots":2,"minecraft:bone":8,"minecraft:apple":1,"minecraft:beetroot":4,"minecraft:wheat_seeds":52,"minecraft:cartography_table":3,"minecraft:candle":11,"minecraft:raw_gold":1,"minecraft:iron_ingot":16,"minecraft:stone_pickaxe":5,"minecraft:cyan_candle":4,"minecraft:iron_pickaxe":3,"epicsamurai:aquamarine":6,"minecraft:moss_block":1,"minecraft:oak_planks":44,"minecraft:stone_hoe":2,"minecraft:acacia_sapling":1,"minecraft:raw_iron":52,"minecraft:stick":14,"minecraft:stone":12,"minecraft:pumpkin":2,"minecraft:torch":17,"minecraft:carrot":1,"minecraft:orange_candle":3,"minecraft:redstone":26,"magistuarmory:rustedcrusader_chestplate":1,"minecraft:arrow":8,"minecraft:bundle":5,"minecraft:rotten_flesh":4,"minecraft:stone_sword":5,"minecraft:stone_shovel":3,"minecraft:beetroot_seeds":9,"aquaculture:bayad":2,"minecraft:iron_helmet":3,"minecraft:granite":139,"aquaculture:carp":1,"alexsmobs:emu_egg":1,"minecraft:emerald":6,"minecraft:gold_ingot":6,"epicsamurai:ruby":3,"minecraft:oak_sapling":6,"minecraft:light_blue_candle":2,"minecraft:coal":127,"minecraft:cobblestone":102},"minecraft:killed":{"aquaculture:bayad":2,"minecraft:skeleton":1,"minecraft:zombie":4,"aquaculture:carp":1},"minecraft:killed_by":{"minecraft:skeleton":2,"minecraft:creeper":2,"minecraft:zombie":3},"minecraft:mined":{"minecraft:acacia_leaves":23,"jeg:scrap_ore":1,"minecraft:red_bed":1,"minecraft:candle":3,"minecraft:torch":3,"minecraft:crafting_table":1,"minecraft:granite":5,"minecraft:grass_block":3,"minecraft:yellow_candle":2,"minecraft:orange_candle":1,"minecraft:tall_grass":8,"minecraft:deepslate_coal_ore":5,"minecraft:moss_block":1,"minecraft:cartography_table":1,"minecraft:wall_torch":7,"minecraft:redstone_ore":6,"minecraft:iron_ore":28,"epicsamurai:aquamarine_ore":6,"minecraft:wheat":20,"minecraft:pumpkin":2,"minecraft:grass":4,"minecraft:coal_ore":38,"minecraft:oak_log":11,"minecraft:beetroots":4,"minecraft:light_blue_candle":1,"minecraft:dirt":9,"minecraft:stone":84,"minecraft:gold_ore":1,"minecraft:oak_leaves":29,"minecraft:cyan_candle":1,"epicsamurai:ruby_ore":3},"minecraft:used":{"minecraft:wheat_seeds":26,"minecraft:stone_sword":37,"minecraft:stone_shovel":4,"minecraft:stone_pickaxe":62,"minecraft:cartography_table":1,"minecraft:chest":1,"minecraft:wooden_pickaxe":48,"minecraft:stone_hoe":6,"minecraft:torch":12,"minecraft:dirt":14,"minecraft:crafting_table":1,"minecraft:blast_furnace":1,"minecraft:yellow_candle":1,"minecraft:granite":13,"minecraft:bread":5,"minecraft:iron_pickaxe":70,"minecraft:beetroot_seeds":4,"minecraft:bucket":1,"alexsmobs:animal_dictionary":1,"aquaculture:fish_fillet_cooked":8},"minecraft:custom":{"minecraft:interact_with_furnace":46,"minecraft:mob_kills":8,"minecraft:interact_with_crafting_table":22,"minecraft:interact_with_cartography_table":2,"minecraft:leave_game":4,"minecraft:time_since_death":291,"minecraft:sleep_in_bed":2,"minecraft:time_since_rest":364,"minecraft:sprint_one_cm":129111,"minecraft:damage_taken":2398,"minecraft:walk_one_cm":167488,"minecraft:damage_dealt":1287,"minecraft:swim_one_cm":15370,"minecraft:fly_one_cm":107372,"minecraft:open_chest":32,"minecraft:crouch_one_cm":22514,"minecraft:play_time":102470,"minecraft:deaths":7,"minecraft:sneak_time":6969,"minecraft:walk_under_water_one_cm":5461,"minecraft:jump":932,"minecraft:interact_with_blast_furnace":2,"minecraft:walk_on_water_one_cm":19578,"minecraft:total_world_time":102470,"minecraft:fall_one_cm":20278}},"DataVersion":3465}