{"stats":{"minecraft:crafted":{"minecraft:oak_planks":40,"minecraft:smooth_stone":3,"minecraft:crafting_table":1,"minecraft:wooden_pickaxe":1,"minecraft:iron_helmet":1,"minecraft:furnace":1,"minecraft:blast_furnace":1,"minecraft:stone":7,"minecraft:bucket":1,"minecraft:bread":11,"minecraft:air":0,"aquaculture:fish_fillet_raw":8,"magistuarmory:steel_ingot":10,"minecraft:stick":16,"minecraft:iron_ingot":27,"minecraft:iron_pickaxe":1,"aquaculture:stone_fillet_knife":1,"minecraft:chest":1,"aquaculture:fish_fillet_cooked":8,"minecraft:torch":28},"minecraft:killed":{"aquaculture:bayad":2,"minecraft:skeleton":1,"minecraft:zombie":4,"aquaculture:carp":1},"minecraft:picked_up":{"minecraft:crafting_table":1,"minecraft:wheat":37,"minecraft:basalt":1,"minecraft:water_bucket":4,"minecraft:oak_log":17,"jeg:scrap":3,"minecraft:yellow_candle":4,"minecraft:red_bed":1,"minecraft:lapis_lazuli":122,"minecraft:map":16,"minecraft:dirt":16,"minecraft:paper":6,"minecraft:leather_boots":2,"minecraft:bone":12,"minecraft:apple":1,"minecraft:beetroot":4,"minecraft:wheat_seeds":97,"minecraft:cartography_table":3,"minecraft:candle":11,"minecraft:raw_gold":1,"minecraft:iron_ingot":16,"minecraft:stone_pickaxe":7,"minecraft:iron_pickaxe":3,"minecraft:cyan_candle":4,"minecraft:moss_block":1,"epicsamurai:aquamarine":6,"minecraft:acacia_sapling":1,"minecraft:stone_hoe":2,"minecraft:oak_planks":52,"minecraft:stick":26,"minecraft:raw_iron":68,"minecraft:stone":20,"minecraft:pumpkin":2,"minecraft:torch":22,"minecraft:carrot":3,"minecraft:orange_candle":3,"minecraft:redstone":26,"magistuarmory:rustedcrusader_chestplate":3,"minecraft:bundle":6,"minecraft:stone_sword":7,"minecraft:arrow":12,"minecraft:rotten_flesh":4,"minecraft:stone_shovel":5,"minecraft:beetroot_seeds":9,"aquaculture:bayad":2,"minecraft:iron_helmet":5,"minecraft:granite":151,"aquaculture:carp":1,"alexsmobs:emu_egg":1,"minecraft:gold_ingot":6,"minecraft:emerald":6,"minecraft:oak_sapling":6,"epicsamurai:ruby":3,"minecraft:light_blue_candle":2,"minecraft:coal":199,"minecraft:cobblestone":102},"minecraft:killed_by":{"minecraft:skeleton":2,"minecraft:creeper":2,"minecraft:zombie":4},"minecraft:mined":{"minecraft:acacia_leaves":23,"jeg:scrap_ore":1,"minecraft:red_bed":1,"minecraft:candle":3,"minecraft:torch":3,"minecraft:crafting_table":1,"minecraft:granite":5,"minecraft:grass_block":3,"minecraft:yellow_candle":2,"minecraft:orange_candle":1,"minecraft:tall_grass":8,"minecraft:deepslate_coal_ore":5,"minecraft:moss_block":1,"minecraft:cartography_table":1,"minecraft:wall_torch":7,"minecraft:seagrass":1,"minecraft:redstone_ore":6,"minecraft:iron_ore":28,"minecraft:wheat":37,"epicsamurai:aquamarine_ore":6,"minecraft:pumpkin":2,"minecraft:grass":5,"minecraft:oak_log":11,"minecraft:coal_ore":38,"minecraft:beetroots":4,"minecraft:light_blue_candle":1,"minecraft:dirt":11,"minecraft:stone":84,"minecraft:gold_ore":1,"minecraft:oak_leaves":29,"minecraft:cyan_candle":1,"epicsamurai:ruby_ore":3},"minecraft:used":{"minecraft:wheat_seeds":43,"minecraft:water_bucket":2,"minecraft:stone_sword":40,"minecraft:stone_shovel":4,"minecraft:stone_pickaxe":62,"minecraft:cartography_table":1,"minecraft:chest":1,"minecraft:wooden_pickaxe":48,"minecraft:stone_hoe":6,"minecraft:torch":18,"minecraft:dirt":14,"minecraft:crafting_table":1,"minecraft:blast_furnace":1,"minecraft:yellow_candle":1,"minecraft:granite":13,"minecraft:bread":6,"minecraft:iron_pickaxe":70,"minecraft:beetroot_seeds":4,"minecraft:bucket":2,"alexsmobs:animal_dictionary":1,"aquaculture:fish_fillet_cooked":8},"minecraft:custom":{"minecraft:interact_with_furnace":50,"minecraft:mob_kills":8,"minecraft:interact_with_crafting_table":27,"minecraft:interact_with_cartography_table":2,"minecraft:leave_game":5,"minecraft:time_since_death":8349,"minecraft:sleep_in_bed":2,"minecraft:time_since_rest":8396,"minecraft:sprint_one_cm":140173,"minecraft:damage_taken":2683,"minecraft:walk_one_cm":191661,"minecraft:damage_dealt":1362,"minecraft:swim_one_cm":15370,"minecraft:fly_one_cm":115251,"minecraft:open_chest":41,"minecraft:play_time":112281,"minecraft:crouch_one_cm":22514,"minecraft:sneak_time":7041,"minecraft:deaths":8,"minecraft:walk_under_water_one_cm":7308,"minecraft:jump":1076,"minecraft:interact_with_blast_furnace":2,"minecraft:walk_on_water_one_cm":25340,"minecraft:total_world_time":112281,"minecraft:fall_one_cm":23045}},"DataVersion":3465}