{"stats":{"minecraft:crafted":{"minecraft:oak_planks":44,"minecraft:smooth_stone":3,"minecraft:crafting_table":1,"minecraft:wooden_pickaxe":1,"minecraft:iron_helmet":1,"minecraft:iron_sword":1,"minecraft:furnace":1,"minecraft:blast_furnace":1,"minecraft:stone":7,"minecraft:bucket":1,"minecraft:bread":11,"minecraft:air":0,"aquaculture:fish_fillet_raw":8,"magistuarmory:steel_ingot":10,"minecraft:stick":16,"minecraft:iron_ingot":27,"minecraft:iron_pickaxe":1,"aquaculture:stone_fillet_knife":1,"minecraft:chest":1,"aquaculture:fish_fillet_cooked":8,"minecraft:torch":48},"minecraft:killed":{"aquaculture:bayad":2,"minecraft:skeleton":4,"minecraft:zombie":4,"minecraft:drowned":1,"aquaculture:carp":1},"minecraft:picked_up":{"minecraft:crafting_table":1,"minecraft:wheat":37,"minecraft:basalt":1,"magistuarmory:rustedchainmail_boots":2,"minecraft:water_bucket":4,"minecraft:oak_log":18,"jeg:scrap":3,"minecraft:yellow_candle":4,"minecraft:red_bed":1,"minecraft:lapis_lazuli":122,"minecraft:map":16,"minecraft:dirt":18,"minecraft:paper":6,"minecraft:raw_copper":11,"minecraft:leather_boots":2,"minecraft:bone":16,"minecraft:apple":1,"minecraft:beetroot":4,"minecraft:wheat_seeds":125,"minecraft:cartography_table":3,"minecraft:candle":11,"minecraft:raw_gold":1,"minecraft:bucket":1,"minecraft:iron_ingot":23,"minecraft:stone_pickaxe":8,"minecraft:iron_sword":1,"crittersandcompanions:clam":2,"minecraft:iron_pickaxe":6,"minecraft:cyan_candle":4,"minecraft:moss_block":1,"epicsamurai:aquamarine":6,"minecraft:acacia_sapling":1,"minecraft:stone_hoe":2,"minecraft:oak_planks":52,"minecraft:stick":29,"minecraft:raw_iron":78,"minecraft:stone":24,"minecraft:pumpkin":2,"minecraft:torch":31,"minecraft:carrot":4,"minecraft:orange_candle":3,"minecraft:redstone":26,"magistuarmory:rustedcrusader_chestplate":5,"minecraft:bundle":6,"minecraft:stone_sword":8,"minecraft:arrow":21,"minecraft:rotten_flesh":4,"minecraft:stone_shovel":6,"minecraft:beetroot_seeds":9,"aquaculture:bayad":2,"minecraft:iron_helmet":6,"minecraft:granite":157,"minecraft:bread":3,"aquaculture:carp":1,"alexsmobs:emu_egg":1,"minecraft:gold_ingot":6,"minecraft:emerald":6,"minecraft:oak_sapling":6,"epicsamurai:ruby":3,"minecraft:light_blue_candle":2,"minecraft:coal":226,"minecraft:cobblestone":109},"minecraft:killed_by":{"minecraft:skeleton":3,"minecraft:creeper":2,"minecraft:zombie":4},"minecraft:mined":{"minecraft:acacia_leaves":23,"jeg:scrap_ore":1,"minecraft:red_bed":1,"minecraft:candle":3,"minecraft:torch":3,"minecraft:crafting_table":1,"minecraft:granite":5,"minecraft:grass_block":3,"minecraft:yellow_candle":2,"minecraft:orange_candle":1,"minecraft:copper_ore":4,"minecraft:tall_grass":8,"minecraft:deepslate_coal_ore":5,"minecraft:moss_block":1,"minecraft:cartography_table":1,"minecraft:wall_torch":8,"minecraft:seagrass":1,"minecraft:redstone_ore":6,"minecraft:iron_ore":38,"minecraft:wheat":37,"epicsamurai:aquamarine_ore":6,"minecraft:pumpkin":2,"minecraft:grass":5,"minecraft:oak_log":11,"minecraft:coal_ore":38,"minecraft:beetroots":4,"minecraft:light_blue_candle":1,"minecraft:dirt":11,"minecraft:stone":91,"minecraft:gold_ore":1,"minecraft:oak_leaves":29,"minecraft:cyan_candle":1,"epicsamurai:ruby_ore":3},"minecraft:used":{"minecraft:wheat_seeds":43,"minecraft:water_bucket":2,"minecraft:stone_sword":45,"minecraft:stone_shovel":4,"minecraft:stone_pickaxe":62,"minecraft:cartography_table":1,"minecraft:chest":1,"minecraft:wooden_pickaxe":48,"minecraft:iron_sword":18,"minecraft:stone_hoe":6,"minecraft:torch":59,"minecraft:dirt":16,"minecraft:crafting_table":1,"minecraft:carrot":1,"minecraft:blast_furnace":1,"minecraft:yellow_candle":1,"minecraft:granite":13,"minecraft:bread":10,"minecraft:iron_pickaxe":91,"minecraft:iron_helmet":1,"minecraft:beetroot_seeds":4,"minecraft:bucket":2,"alexsmobs:animal_dictionary":1,"aquaculture:fish_fillet_cooked":8},"minecraft:custom":{"minecraft:interact_with_furnace":50,"minecraft:mob_kills":12,"minecraft:interact_with_crafting_table":28,"minecraft:interact_with_cartography_table":2,"minecraft:leave_game":5,"minecraft:time_since_death":6186,"minecraft:sleep_in_bed":3,"minecraft:time_since_rest":6214,"minecraft:sprint_one_cm":157513,"minecraft:damage_taken":3224,"minecraft:walk_one_cm":230795,"minecraft:damage_dealt":2252,"minecraft:swim_one_cm":15370,"minecraft:fly_one_cm":126158,"minecraft:open_chest":43,"minecraft:play_time":124281,"minecraft:crouch_one_cm":24423,"minecraft:sneak_time":7749,"minecraft:deaths":9,"minecraft:walk_under_water_one_cm":9906,"minecraft:jump":1356,"minecraft:interact_with_blast_furnace":2,"minecraft:walk_on_water_one_cm":39230,"minecraft:total_world_time":124281,"minecraft:fall_one_cm":25615}},"DataVersion":3465}