{"stats":{"minecraft:picked_up":{"minecraft:stick":4,"minecraft:crafting_table":2,"alexsmobs:acacia_blossom":1,"minecraft:red_wool":2,"minecraft:acacia_log":7,"minecraft:sand":2,"minecraft:oak_log":6,"jeg:scrap":20,"alexsmobs:animal_dictionary":1,"minecraft:dirt":5,"minecraft:rotten_flesh":1,"alexsmobs:emu_egg":1,"minecraft:oak_sapling":1,"minecraft:sugar_cane":3,"minecraft:stripped_dark_oak_log":4,"minecraft:acacia_sapling":1,"minecraft:coal":1,"alexsmobs:lobster_tail":1,"minecraft:cobblestone":59},"minecraft:custom":{"minecraft:time_since_rest":51942,"minecraft:interact_with_furnace":3,"minecraft:sprint_one_cm":57045,"minecraft:damage_taken":120,"minecraft:walk_one_cm":42547,"minecraft:mob_kills":3,"minecraft:drop":3,"minecraft:damage_dealt":219,"minecraft:fly_one_cm":63132,"minecraft:swim_one_cm":3873,"minecraft:interact_with_crafting_table":5,"minecraft:open_chest":1,"minecraft:play_time":51942,"minecraft:sneak_time":3,"minecraft:walk_under_water_one_cm":5915,"minecraft:jump":301,"minecraft:walk_on_water_one_cm":1495,"minecraft:time_since_death":51942,"minecraft:total_world_time":51942,"minecraft:fall_one_cm":10946},"minecraft:killed":{"alexsmobs:lobster":2,"minecraft:zombie":1},"minecraft:crafted":{"alexsmobs:cooked_lobster_tail":1,"minecraft:crafting_table":1,"minecraft:stick":8,"minecraft:wooden_pickaxe":1,"minecraft:stone_pickaxe":2,"minecraft:dark_oak_planks":16,"minecraft:stone_axe":1},"minecraft:dropped":{"alexsmobs:animal_dictionary":2,"alexsmobs:emu_egg":1},"minecraft:used":{"minecraft:red_wool":1,"minecraft:stone_pickaxe":63,"alexsmobs:cooked_lobster_tail":1,"minecraft:wooden_pickaxe":6,"minecraft:stone_axe":18,"minecraft:dirt":3,"minecraft:sand":2,"minecraft:crafting_table":3,"alexsmobs:animal_dictionary":1},"minecraft:mined":{"minecraft:acacia_leaves":1,"jeg:scrap_ore":8,"minecraft:red_wool":2,"minecraft:stripped_dark_oak_log":4,"minecraft:crafting_table":2,"minecraft:grass":1,"minecraft:acacia_log":7,"minecraft:coal_ore":1,"minecraft:oak_log":6,"minecraft:sand":2,"minecraft:dirt":5,"minecraft:tall_grass":3,"minecraft:stone":59,"minecraft:sugar_cane":1}},"DataVersion":3465}