{"stats":{"minecraft:picked_up":{"minecraft:crafting_table":1,"minecraft:red_wool":2,"minecraft:sand":2,"alexsmobs:emu_egg":1,"minecraft:stripped_dark_oak_log":4,"alexsmobs:animal_dictionary":1,"alexsmobs:lobster_tail":1},"minecraft:custom":{"minecraft:open_chest":1,"minecraft:time_since_rest":21942,"minecraft:play_time":21942,"minecraft:interact_with_furnace":3,"minecraft:sprint_one_cm":40765,"minecraft:damage_taken":80,"minecraft:walk_one_cm":29512,"minecraft:sneak_time":3,"minecraft:walk_under_water_one_cm":4363,"minecraft:mob_kills":2,"minecraft:drop":3,"minecraft:jump":128,"minecraft:damage_dealt":118,"minecraft:time_since_death":21942,"minecraft:walk_on_water_one_cm":392,"minecraft:total_world_time":21942,"minecraft:interact_with_crafting_table":1,"minecraft:swim_one_cm":3524,"minecraft:fall_one_cm":4298,"minecraft:fly_one_cm":30517},"minecraft:killed":{"alexsmobs:lobster":2},"minecraft:crafted":{"minecraft:dark_oak_planks":16,"minecraft:crafting_table":1,"alexsmobs:cooked_lobster_tail":1,"minecraft:stick":4,"minecraft:wooden_pickaxe":1},"minecraft:dropped":{"alexsmobs:emu_egg":1,"alexsmobs:animal_dictionary":2},"minecraft:used":{"minecraft:crafting_table":2,"minecraft:red_wool":1,"alexsmobs:animal_dictionary":1},"minecraft:mined":{"minecraft:sand":2,"minecraft:red_wool":2,"minecraft:tall_grass":3,"minecraft:stripped_dark_oak_log":4,"minecraft:crafting_table":1}},"DataVersion":3465}