{"stats":{"minecraft:custom":{"minecraft:interact_with_furnace":8,"minecraft:mob_kills":14,"minecraft:interact_with_cartography_table":1,"minecraft:interact_with_crafting_table":25,"minecraft:open_barrel":4,"minecraft:leave_game":1,"minecraft:time_since_death":110446,"minecraft:sleep_in_bed":1,"minecraft:climb_one_cm":328,"minecraft:time_since_rest":31951,"minecraft:sprint_one_cm":144052,"minecraft:damage_taken":360,"minecraft:walk_one_cm":112582,"minecraft:damage_blocked_by_shield":20,"minecraft:drop":4,"minecraft:damage_dealt":1439,"minecraft:swim_one_cm":32380,"minecraft:fly_one_cm":175259,"minecraft:open_chest":35,"minecraft:crouch_one_cm":824,"minecraft:play_time":110446,"minecraft:sneak_time":569,"minecraft:walk_under_water_one_cm":8412,"minecraft:jump":866,"minecraft:interact_with_blast_furnace":10,"minecraft:walk_on_water_one_cm":8325,"minecraft:total_world_time":110446,"minecraft:fall_one_cm":27236},"minecraft:picked_up":{"minecraft:birch_log":5,"minecraft:crafting_table":2,"minecraft:feather":2,"minecraft:chicken":1,"minecraft:salmon":3,"minecraft:andesite":16,"minecraft:leather":8,"alexsmobs:acacia_blossom":1,"minecraft:oak_log":16,"jeg:scrap":40,"minecraft:fire_coral":1,"minecraft:horn_coral":1,"minecraft:string":3,"minecraft:dirt":12,"minecraft:lantern":1,"minecraft:raw_copper":86,"minecraft:wheat_seeds":1,"minecraft:candle":6,"minecraft:cobbled_deepslate":1,"minecraft:grindstone":1,"minecraft:beef":14,"minecraft:oak_boat":1,"alexsmobs:raccoon_tail":1,"minecraft:sugar_cane":6,"minecraft:birch_sapling":2,"minecraft:acacia_sapling":3,"jeg:tech_trash":1,"minecraft:dark_oak_stairs":2,"minecraft:furnace":1,"minecraft:book":15,"minecraft:stick":7,"minecraft:raw_iron":1,"minecraft:pumpkin":2,"minecraft:torch":1,"minecraft:red_wool":4,"minecraft:acacia_log":9,"minecraft:sand":2,"minecraft:honeycomb_block":1,"minecraft:barrel":1,"alexsmobs:animal_dictionary":1,"minecraft:dark_oak_planks":1,"minecraft:purple_bed":1,"minecraft:rotten_flesh":1,"minecraft:salmon_bucket":1,"minecraft:honey_block":1,"alexsmobs:emu_egg":1,"minecraft:bread":2,"minecraft:cod":1,"minecraft:oak_sapling":5,"minecraft:mutton":1,"minecraft:white_wool":1,"minecraft:stripped_dark_oak_log":4,"minecraft:coal":7,"alexsmobs:lobster_tail":1,"minecraft:cobblestone":192,"minecraft:nautilus_shell":1},"minecraft:killed":{"alexsmobs:lobster":2,"alexsmobs:raccoon":1,"alexsmobs:seal":1,"minecraft:spider":1,"minecraft:sheep":1,"minecraft:zombie":1,"minecraft:chicken":1,"alexsmobs:maned_wolf":1,"minecraft:cow":5},"minecraft:broken":{"minecraft:stone_pickaxe":2},"minecraft:crafted":{"magistuarmory:copper_chainmorgenstern":1,"magistuarmory:steel_nugget":9,"minecraft:smooth_stone":3,"minecraft:oak_planks":16,"alexsmobs:cooked_lobster_tail":1,"minecraft:crafting_table":2,"minecraft:wooden_pickaxe":1,"magistuarmory:steel_chain":1,"mcwlights:copper_chain":6,"magistuarmory:wood_heatershield":1,"minecraft:furnace":1,"minecraft:blast_furnace":1,"minecraft:copper_ingot":78,"minecraft:stone":3,"minecraft:bucket":1,"minecraft:stone_axe":1,"magistuarmory:copper_heavywarhammer":1,"minecraft:air":0,"magistuarmory:hilt":2,"minecraft:oak_boat":1,"magistuarmory:copper_heatershield":1,"magistuarmory:steel_ingot":2,"minecraft:stick":12,"minecraft:iron_pickaxe":2,"minecraft:stone_pickaxe":2,"minecraft:chest":2,"minecraft:acacia_door":3,"minecraft:acacia_planks":36,"magistuarmory:steel_ring":16,"minecraft:dark_oak_planks":16,"minecraft:torch":4,"magistuarmory:leather_strip":6},"minecraft:dropped":{"alexsmobs:animal_dictionary":2,"alexsmobs:emu_egg":1,"minecraft:horn_coral":1},"minecraft:used":{"minecraft:dark_oak_stairs":2,"minecraft:stone_pickaxe":262,"minecraft:chest":2,"minecraft:wooden_pickaxe":6,"minecraft:sugar_cane":6,"minecraft:torch":4,"magistuarmory:copper_heatershield":1,"minecraft:dirt":9,"minecraft:sand":2,"minecraft:crafting_table":4,"minecraft:blast_furnace":1,"minecraft:salmon_bucket":1,"minecraft:acacia_sapling":3,"minecraft:dark_oak_planks":1,"minecraft:acacia_door":2,"minecraft:red_wool":1,"minecraft:lantern":1,"minecraft:bread":10,"alexsmobs:cooked_lobster_tail":1,"minecraft:stone_axe":78,"minecraft:cobblestone":16,"minecraft:purple_bed":1,"minecraft:furnace":1,"minecraft:oak_sapling":4,"minecraft:bucket":2,"minecraft:oak_boat":2,"alexsmobs:animal_dictionary":1},"minecraft:mined":{"minecraft:dark_oak_planks":1,"minecraft:acacia_leaves":8,"jeg:scrap_ore":16,"minecraft:red_wool":4,"minecraft:candle":2,"minecraft:stripped_dark_oak_log":4,"minecraft:crafting_table":2,"minecraft:honey_block":1,"minecraft:acacia_log":9,"minecraft:grass_block":6,"minecraft:tall_grass":3,"minecraft:copper_ore":27,"minecraft:honeycomb_block":1,"minecraft:deepslate_coal_ore":6,"minecraft:grindstone":1,"minecraft:sugar_cane":4,"minecraft:wall_torch":1,"minecraft:purple_bed":1,"minecraft:furnace":1,"minecraft:birch_log":5,"minecraft:barrel":1,"minecraft:andesite":16,"minecraft:pumpkin":2,"minecraft:dark_oak_stairs":2,"minecraft:grass":4,"minecraft:bookshelf":5,"minecraft:oak_log":16,"minecraft:coal_ore":1,"minecraft:deepslate_iron_ore":1,"minecraft:sand":2,"minecraft:dirt":6,"minecraft:stone":196,"minecraft:oak_leaves":1,"minecraft:deepslate":1,"minecraft:fern":1}},"DataVersion":3465}