{"stats":{"minecraft:custom":{"minecraft:mob_kills":19,"minecraft:interact_with_crafting_table":25,"minecraft:open_barrel":6,"minecraft:leave_game":1,"minecraft:time_since_death":119712,"minecraft:climb_one_cm":1125,"minecraft:sprint_one_cm":156606,"minecraft:walk_one_cm":134725,"minecraft:damage_blocked_by_shield":110,"minecraft:drop":4,"minecraft:play_time":119712,"minecraft:sneak_time":778,"minecraft:walk_under_water_one_cm":15954,"minecraft:jump":992,"minecraft:interact_with_blast_furnace":10,"minecraft:walk_on_water_one_cm":10287,"minecraft:total_world_time":119712,"minecraft:interact_with_furnace":8,"minecraft:interact_with_cartography_table":1,"minecraft:sleep_in_bed":2,"minecraft:time_since_rest":8431,"minecraft:damage_taken":880,"minecraft:damage_dealt":2514,"minecraft:swim_one_cm":33710,"minecraft:fly_one_cm":186424,"minecraft:open_chest":38,"minecraft:crouch_one_cm":1758,"minecraft:fall_one_cm":30049},"minecraft:picked_up":{"minecraft:crafting_table":2,"minecraft:chicken":1,"minecraft:fire_coral":1,"minecraft:string":3,"minecraft:raw_copper":107,"epicsamurai:jade":2,"minecraft:candle":6,"minecraft:cobbled_deepslate":10,"minecraft:beef":14,"minecraft:oak_boat":1,"alexsmobs:raccoon_tail":1,"minecraft:sugar_cane":6,"minecraft:birch_sapling":2,"crittersandcompanions:clam":1,"minecraft:furnace":1,"minecraft:stick":7,"minecraft:raw_iron":5,"minecraft:torch":1,"minecraft:acacia_log":9,"minecraft:honeycomb_block":1,"minecraft:redstone":13,"minecraft:dark_oak_planks":1,"minecraft:arrow":1,"minecraft:rotten_flesh":4,"minecraft:salmon_bucket":1,"alexsmobs:emu_egg":1,"minecraft:mutton":1,"minecraft:cod":1,"minecraft:white_wool":1,"alexsmobs:lobster_tail":1,"minecraft:cobblestone":202,"minecraft:nautilus_shell":1,"minecraft:birch_log":5,"minecraft:feather":2,"minecraft:salmon":3,"minecraft:andesite":16,"minecraft:leather":8,"alexsmobs:acacia_blossom":1,"minecraft:flint":1,"minecraft:oak_log":16,"jeg:scrap":40,"minecraft:horn_coral":1,"minecraft:dirt":12,"minecraft:lantern":1,"minecraft:wheat_seeds":1,"minecraft:grindstone":1,"jeg:tech_trash":1,"minecraft:acacia_sapling":3,"minecraft:dark_oak_stairs":2,"minecraft:book":15,"minecraft:pumpkin":2,"minecraft:red_wool":4,"minecraft:sand":2,"alexsmobs:animal_dictionary":1,"minecraft:barrel":1,"minecraft:purple_bed":1,"minecraft:honey_block":1,"minecraft:bread":2,"minecraft:oak_sapling":5,"minecraft:coal":7,"minecraft:stripped_dark_oak_log":4},"minecraft:killed":{"alexsmobs:lobster":2,"alexsmobs:raccoon":1,"minecraft:spider":1,"minecraft:skeleton":1,"minecraft:chicken":1,"minecraft:drowned":1,"alexsmobs:seal":1,"minecraft:sheep":1,"minecraft:zombie":3,"alexsmobs:maned_wolf":1,"minecraft:cow":5},"minecraft:broken":{"minecraft:stone_pickaxe":2},"minecraft:crafted":{"minecraft:smooth_stone":3,"minecraft:oak_planks":16,"magistuarmory:wood_heatershield":1,"minecraft:furnace":1,"minecraft:blast_furnace":1,"minecraft:stone":3,"magistuarmory:copper_heavywarhammer":1,"magistuarmory:hilt":2,"magistuarmory:copper_heatershield":1,"magistuarmory:steel_ingot":2,"minecraft:stone_pickaxe":2,"minecraft:chest":2,"minecraft:dark_oak_planks":16,"magistuarmory:steel_ring":16,"magistuarmory:copper_chainmorgenstern":1,"magistuarmory:steel_nugget":9,"alexsmobs:cooked_lobster_tail":1,"minecraft:crafting_table":2,"minecraft:wooden_pickaxe":1,"magistuarmory:steel_chain":1,"mcwlights:copper_chain":6,"minecraft:copper_ingot":78,"minecraft:bucket":1,"minecraft:stone_axe":1,"minecraft:air":0,"minecraft:oak_boat":1,"minecraft:stick":12,"minecraft:iron_pickaxe":2,"minecraft:acacia_door":3,"minecraft:acacia_planks":36,"minecraft:torch":4,"magistuarmory:leather_strip":6},"minecraft:dropped":{"minecraft:horn_coral":1,"alexsmobs:animal_dictionary":2,"alexsmobs:emu_egg":1},"minecraft:used":{"minecraft:chest":2,"minecraft:torch":4,"minecraft:dirt":9,"magistuarmory:copper_heatershield":6,"minecraft:acacia_sapling":3,"minecraft:salmon_bucket":1,"minecraft:dark_oak_planks":1,"minecraft:red_wool":1,"minecraft:lantern":1,"alexsmobs:cooked_lobster_tail":1,"minecraft:barrel":1,"minecraft:furnace":1,"minecraft:oak_sapling":4,"minecraft:dark_oak_stairs":2,"minecraft:stone_pickaxe":262,"minecraft:wooden_pickaxe":6,"minecraft:sugar_cane":6,"minecraft:sand":2,"minecraft:crafting_table":4,"minecraft:blast_furnace":1,"minecraft:acacia_door":2,"minecraft:bread":16,"minecraft:iron_pickaxe":26,"magistuarmory:copper_chainmorgenstern":19,"minecraft:stone_axe":78,"minecraft:cobblestone":18,"minecraft:purple_bed":1,"minecraft:bucket":2,"alexsmobs:animal_dictionary":1,"minecraft:oak_boat":2},"minecraft:mined":{"minecraft:dark_oak_planks":1,"minecraft:candle":2,"minecraft:acacia_log":9,"minecraft:grass_block":6,"epicsamurai:deepslate_jade_ore":2,"minecraft:furnace":1,"minecraft:iron_ore":4,"minecraft:barrel":1,"minecraft:andesite":16,"minecraft:pumpkin":2,"minecraft:dark_oak_stairs":2,"minecraft:bookshelf":5,"minecraft:deepslate_iron_ore":1,"minecraft:stone":206,"minecraft:deepslate_redstone_ore":3,"minecraft:acacia_leaves":8,"jeg:scrap_ore":16,"minecraft:red_wool":4,"minecraft:stripped_dark_oak_log":4,"minecraft:crafting_table":2,"minecraft:honey_block":1,"minecraft:tall_grass":3,"minecraft:copper_ore":34,"minecraft:honeycomb_block":1,"minecraft:deepslate_coal_ore":6,"minecraft:grindstone":1,"minecraft:sugar_cane":4,"minecraft:wall_torch":1,"minecraft:purple_bed":1,"minecraft:birch_log":5,"minecraft:grass":4,"minecraft:oak_log":16,"minecraft:coal_ore":1,"minecraft:gravel":1,"minecraft:sand":2,"minecraft:dirt":6,"minecraft:oak_leaves":1,"minecraft:deepslate":1,"minecraft:fern":1}},"DataVersion":3465}