{"stats":{"minecraft:custom":{"minecraft:open_barrel":4,"minecraft:time_since_rest":24801,"minecraft:open_chest":14,"minecraft:crouch_one_cm":40,"minecraft:sprint_one_cm":3803,"minecraft:interact_with_furnace":4,"minecraft:play_time":24801,"minecraft:walk_one_cm":16153,"minecraft:sneak_time":31,"minecraft:walk_under_water_one_cm":133,"minecraft:interact_with_anvil":2,"minecraft:jump":36,"minecraft:interact_with_blast_furnace":2,"minecraft:leave_game":3,"minecraft:time_since_death":24801,"minecraft:walk_on_water_one_cm":581,"minecraft:total_world_time":24801,"minecraft:climb_one_cm":534,"minecraft:swim_one_cm":1449,"minecraft:fly_one_cm":4325},"minecraft:picked_up":{"minecraft:red_bed":1},"minecraft:used":{"minecraft:potion":1,"minecraft:red_bed":1,"minecraft:glass_bottle":1,"alexsmobs:animal_dictionary":1,"minecraft:iron_leggings":1},"minecraft:mined":{"minecraft:red_bed":1}},"DataVersion":3465}