{"stats":{"minecraft:custom":{"minecraft:time_since_rest":14339,"minecraft:interact_with_furnace":9,"minecraft:sprint_one_cm":69741,"minecraft:damage_taken":430,"minecraft:walk_one_cm":123578,"minecraft:interact_with_anvil":2,"minecraft:drop":3,"minecraft:damage_dealt":244,"minecraft:swim_one_cm":7276,"minecraft:interact_with_crafting_table":2,"minecraft:fly_one_cm":90950,"minecraft:open_barrel":4,"minecraft:open_chest":26,"minecraft:crouch_one_cm":2755,"minecraft:play_time":73908,"minecraft:deaths":1,"minecraft:sneak_time":654,"minecraft:walk_under_water_one_cm":1198,"minecraft:jump":551,"minecraft:interact_with_blast_furnace":2,"minecraft:leave_game":3,"minecraft:time_since_death":14307,"minecraft:walk_on_water_one_cm":4844,"minecraft:total_world_time":73908,"minecraft:climb_one_cm":1777,"minecraft:fall_one_cm":9408},"minecraft:used":{"minecraft:glass_bottle":1,"minecraft:iron_pickaxe":27,"jeg:pump_shotgun":2,"minecraft:cooked_salmon":4,"minecraft:potion":2,"minecraft:cobblestone":1,"minecraft:red_bed":1,"alexsmobs:animal_dictionary":1,"minecraft:air":1,"minecraft:iron_leggings":1},"minecraft:picked_up":{"minecraft:coarse_dirt":1,"minecraft:potato":1,"jeg:pump_shotgun":1,"jeg:scrap":6,"minecraft:carrot":6,"minecraft:mossy_cobblestone":1,"minecraft:red_bed":1,"minecraft:raw_copper":29,"jeg:shotgun_shell":19,"minecraft:phantom_membrane":1,"minecraft:cobblestone":3},"minecraft:killed_by":{"minecraft:zombie":1},"minecraft:dropped":{"minecraft:iron_ingot":1,"jeg:shotgun_shell":1,"jeg:scrap":1},"minecraft:crafted":{"minecraft:iron_pickaxe":1,"immersive_melodies:trumpet":1,"minecraft:cooked_salmon":8,"minecraft:copper_ingot":5,"minecraft:air":0},"minecraft:mined":{"minecraft:coarse_dirt":1,"jeg:scrap_ore":2,"minecraft:red_bed":1,"minecraft:mossy_cobblestone":1,"minecraft:infested_cobblestone":2,"minecraft:copper_ore":10,"minecraft:stone":3,"minecraft:oak_leaves":1}},"DataVersion":3465}