{"stats":{"minecraft:used":{"alexsmobs:animal_dictionary":1,"minecraft:bread":2},"minecraft:mined":{"minecraft:oak_log":1,"minecraft:tall_grass":1,"minecraft:oak_leaves":2},"minecraft:custom":{"minecraft:jump":119,"minecraft:open_chest":3,"minecraft:time_since_rest":9959,"minecraft:interact_with_furnace":1,"minecraft:crouch_one_cm":154,"minecraft:walk_on_water_one_cm":4096,"minecraft:damage_taken":20,"minecraft:sprint_one_cm":18948,"minecraft:play_time":9959,"minecraft:time_since_death":9959,"minecraft:walk_one_cm":15853,"minecraft:sneak_time":67,"minecraft:total_world_time":9959,"minecraft:walk_under_water_one_cm":2205,"minecraft:swim_one_cm":8903,"minecraft:fall_one_cm":1927,"minecraft:fly_one_cm":28853}},"DataVersion":3465}