{"stats":{"minecraft:dropped":{"minecraft:rotten_flesh":7},"minecraft:used":{"minecraft:stone_sword":27,"minecraft:bread":7,"minecraft:stone_pickaxe":48,"minecraft:wooden_pickaxe":59,"minecraft:torch":9,"minecraft:stone_axe":22,"minecraft:dirt":1,"minecraft:crafting_table":2,"minecraft:furnace":1,"minecraft:oak_sapling":1,"alexsmobs:animal_dictionary":1},"minecraft:mined":{"minecraft:acacia_leaves":5,"jeg:scrap_ore":4,"minecraft:furnace":1,"minecraft:iron_ore":12,"minecraft:crafting_table":2,"minecraft:grass":4,"minecraft:acacia_log":2,"minecraft:grass_block":1,"minecraft:oak_log":10,"minecraft:coal_ore":28,"minecraft:tall_grass":5,"minecraft:azalea":1,"minecraft:stone":59,"minecraft:oak_leaves":18},"minecraft:picked_up":{"minecraft:raw_iron":12,"minecraft:stick":2,"minecraft:crafting_table":2,"minecraft:acacia_log":2,"minecraft:oak_log":10,"jeg:scrap":11,"minecraft:dirt":1,"minecraft:rotten_flesh":7,"minecraft:wheat_seeds":4,"magistuarmory:corruptedroundshield":1,"minecraft:oak_sapling":1,"minecraft:coal":40,"minecraft:cobblestone":59,"minecraft:furnace":1},"minecraft:custom":{"minecraft:time_since_rest":23898,"minecraft:interact_with_furnace":8,"minecraft:sprint_one_cm":37730,"minecraft:damage_taken":391,"minecraft:walk_one_cm":64854,"minecraft:mob_kills":6,"minecraft:drop":7,"minecraft:damage_dealt":940,"minecraft:interact_with_crafting_table":8,"minecraft:swim_one_cm":8903,"minecraft:fly_one_cm":53632,"minecraft:open_chest":3,"minecraft:crouch_one_cm":2421,"minecraft:play_time":23898,"minecraft:sneak_time":1068,"minecraft:walk_under_water_one_cm":5037,"minecraft:jump":314,"minecraft:leave_game":1,"minecraft:walk_on_water_one_cm":10418,"minecraft:time_since_death":23898,"minecraft:total_world_time":23898,"minecraft:fall_one_cm":5649},"minecraft:broken":{"minecraft:wooden_pickaxe":1},"minecraft:crafted":{"minecraft:oak_planks":40,"minecraft:iron_chestplate":1,"minecraft:shield":1,"minecraft:crafting_table":1,"minecraft:stick":16,"minecraft:iron_ingot":12,"minecraft:wooden_pickaxe":1,"minecraft:stone_pickaxe":1,"minecraft:stone_sword":1,"minecraft:furnace":1,"minecraft:acacia_planks":8,"minecraft:torch":44,"minecraft:stone_axe":1,"minecraft:air":0},"minecraft:killed":{"minecraft:zombie":6}},"DataVersion":3465}