{"stats":{"minecraft:custom":{"minecraft:interact_with_furnace":28,"minecraft:mob_kills":2,"minecraft:interact_with_crafting_table":25,"minecraft:leave_game":2,"minecraft:time_since_death":55280,"minecraft:time_since_rest":56054,"minecraft:sprint_one_cm":113791,"minecraft:damage_taken":752,"minecraft:walk_one_cm":126497,"minecraft:damage_dealt":20,"minecraft:swim_one_cm":598,"minecraft:fly_one_cm":116388,"minecraft:open_chest":38,"minecraft:crouch_one_cm":10173,"minecraft:play_time":61396,"minecraft:deaths":1,"minecraft:sneak_time":3191,"minecraft:walk_under_water_one_cm":2699,"minecraft:jump":814,"minecraft:interact_with_blast_furnace":10,"minecraft:walk_on_water_one_cm":5134,"minecraft:total_world_time":61396,"minecraft:fall_one_cm":20348},"minecraft:picked_up":{"minecraft:crafting_table":1,"minecraft:wheat":30,"minecraft:oak_log":12,"minecraft:string":2,"minecraft:dirt":12,"minecraft:bone":1,"minecraft:bow":1,"minecraft:wheat_seeds":77,"aquaculture:minnow":1,"immersive_melodies:triangle":1,"epicsamurai:raw_silver":5,"minecraft:furnace":2,"magistuarmory:silver_concavehalberd":1,"minecraft:raw_iron":20,"minecraft:torch":2,"minecraft:blast_furnace":1,"minecraft:arrow":2,"magistuarmory:rusted_bastardsword":1,"minecraft:granite":6,"minecraft:baked_potato":59,"minecraft:oak_sapling":3,"minecraft:coal":20,"minecraft:cobblestone":55},"minecraft:used":{"minecraft:wheat_seeds":32,"minecraft:stone_shovel":2,"minecraft:baked_potato":7,"minecraft:chest":1,"minecraft:torch":17,"minecraft:dirt":12,"minecraft:crafting_table":1,"minecraft:blast_furnace":1,"minecraft:bread":6,"minecraft:iron_pickaxe":108,"minecraft:stone_axe":16,"minecraft:cobblestone":11,"minecraft:furnace":2},"minecraft:killed_by":{"crittersandcompanions:otter":1},"minecraft:crafted":{"magistuarmory:steel_nugget":9,"minecraft:oak_planks":32,"minecraft:stone_shovel":1,"magistuarmory:knight_boots":1,"magistuarmory:wood_heatershield":1,"magistuarmory:knight_chestplate":1,"magistuarmory:greathelm":1,"minecraft:stone_axe":1,"minecraft:bread":6,"minecraft:air":0,"magistuarmory:halfarmor_chestplate":1,"magistuarmory:knight_leggings":1,"magistuarmory:steel_ingot":30,"minecraft:stick":28,"minecraft:iron_ingot":27,"minecraft:iron_pickaxe":1,"minecraft:chest":1,"magistuarmory:steel_chainmail":1,"magistuarmory:steel_ring":16,"minecraft:torch":32,"magistuarmory:steel_plate":18},"minecraft:mined":{"minecraft:acacia_leaves":2,"minecraft:crafting_table":1,"minecraft:torch":1,"minecraft:granite":5,"minecraft:blast_furnace":1,"epicsamurai:silver_ore":5,"minecraft:cobblestone":2,"minecraft:tall_seagrass":1,"minecraft:furnace":2,"minecraft:iron_ore":18,"minecraft:wheat":32,"minecraft:grass":1,"minecraft:coal_ore":20,"minecraft:oak_log":13,"minecraft:dirt":8,"minecraft:stone":55,"minecraft:oak_leaves":3},"minecraft:killed":{"minecraft:skeleton":1,"minecraft:zombie":1}},"DataVersion":3465}