{"stats":{"minecraft:used":{"minecraft:wheat_seeds":17,"minecraft:bread":3,"minecraft:stone_axe":15,"minecraft:dirt":8},"minecraft:custom":{"minecraft:time_since_rest":22503,"minecraft:sprint_one_cm":70346,"minecraft:interact_with_furnace":12,"minecraft:damage_taken":348,"minecraft:walk_one_cm":54314,"minecraft:damage_dealt":20,"minecraft:swim_one_cm":598,"minecraft:interact_with_crafting_table":10,"minecraft:fly_one_cm":82942,"minecraft:open_chest":16,"minecraft:crouch_one_cm":1715,"minecraft:play_time":27845,"minecraft:deaths":1,"minecraft:sneak_time":761,"minecraft:walk_under_water_one_cm":1023,"minecraft:jump":472,"minecraft:interact_with_blast_furnace":3,"minecraft:leave_game":1,"minecraft:time_since_death":21729,"minecraft:walk_on_water_one_cm":2239,"minecraft:total_world_time":27845,"minecraft:fall_one_cm":14577},"minecraft:picked_up":{"magistuarmory:silver_concavehalberd":1,"minecraft:wheat":17,"minecraft:oak_log":12,"minecraft:dirt":8,"magistuarmory:rusted_bastardsword":1,"minecraft:wheat_seeds":40,"aquaculture:minnow":1,"minecraft:baked_potato":59,"minecraft:oak_sapling":3,"immersive_melodies:triangle":1},"minecraft:killed_by":{"crittersandcompanions:otter":1},"minecraft:crafted":{"magistuarmory:steel_nugget":9,"minecraft:oak_planks":32,"minecraft:stick":20,"minecraft:iron_ingot":11,"minecraft:iron_pickaxe":1,"magistuarmory:steel_chainmail":1,"magistuarmory:greathelm":1,"magistuarmory:steel_ring":16,"minecraft:stone_axe":1,"minecraft:bread":6,"minecraft:air":0},"minecraft:mined":{"minecraft:tall_seagrass":1,"minecraft:acacia_leaves":2,"minecraft:wheat":17,"minecraft:grass":1,"minecraft:oak_log":13,"minecraft:dirt":4,"minecraft:oak_leaves":3}},"DataVersion":3465}