{"stats":{"minecraft:custom":{"minecraft:interact_with_furnace":37,"minecraft:mob_kills":3,"minecraft:interact_with_crafting_table":35,"minecraft:leave_game":3,"minecraft:time_since_death":84766,"minecraft:sleep_in_bed":1,"minecraft:time_since_rest":9805,"minecraft:sprint_one_cm":183827,"minecraft:damage_taken":1128,"minecraft:walk_one_cm":176966,"minecraft:damage_dealt":181,"minecraft:swim_one_cm":4282,"minecraft:fly_one_cm":252878,"minecraft:open_chest":71,"minecraft:crouch_one_cm":10611,"minecraft:play_time":90882,"minecraft:deaths":1,"minecraft:sneak_time":3259,"minecraft:walk_under_water_one_cm":2982,"minecraft:jump":1476,"minecraft:interact_with_blast_furnace":11,"minecraft:walk_on_water_one_cm":9801,"minecraft:total_world_time":90882,"minecraft:fall_one_cm":45325},"minecraft:picked_up":{"minecraft:crafting_table":1,"minecraft:wheat":32,"minecraft:oak_log":12,"minecraft:string":2,"minecraft:dirt":46,"minecraft:bone":1,"minecraft:bow":1,"minecraft:wheat_seeds":80,"aquaculture:minnow":1,"immersive_melodies:triangle":1,"epicsamurai:raw_silver":5,"minecraft:furnace":2,"magistuarmory:silver_concavehalberd":1,"minecraft:raw_iron":20,"minecraft:torch":2,"minecraft:blast_furnace":1,"minecraft:arrow":2,"magistuarmory:rusted_bastardsword":1,"minecraft:granite":8,"minecraft:baked_potato":59,"minecraft:oak_sapling":3,"minecraft:coal":20,"minecraft:cobblestone":55},"minecraft:used":{"minecraft:wheat_seeds":33,"minecraft:stone_shovel":13,"minecraft:baked_potato":9,"minecraft:chest":1,"minecraft:torch":17,"minecraft:dirt":46,"minecraft:crafting_table":1,"minecraft:blast_furnace":1,"minecraft:granite":2,"minecraft:bread":15,"minecraft:iron_pickaxe":110,"minecraft:stone_axe":16,"minecraft:cobblestone":11,"minecraft:furnace":2,"magistuarmory:silver_concavehalberd":3},"minecraft:killed_by":{"crittersandcompanions:otter":1},"minecraft:crafted":{"magistuarmory:steel_nugget":9,"minecraft:oak_planks":32,"minecraft:stone_shovel":1,"magistuarmory:knight_boots":1,"magistuarmory:wood_heatershield":1,"magistuarmory:knight_chestplate":1,"magistuarmory:greathelm":1,"minecraft:stone_axe":1,"minecraft:bread":23,"minecraft:air":0,"magistuarmory:halfarmor_chestplate":1,"magistuarmory:steel_heatershield":1,"magistuarmory:knight_leggings":1,"magistuarmory:steel_ingot":30,"minecraft:stick":32,"minecraft:iron_ingot":27,"minecraft:iron_pickaxe":1,"minecraft:chest":1,"magistuarmory:steel_chainmail":1,"magistuarmory:steel_ring":16,"minecraft:torch":32,"magistuarmory:steel_plate":18},"minecraft:mined":{"minecraft:acacia_leaves":2,"minecraft:crafting_table":1,"minecraft:torch":1,"minecraft:granite":7,"minecraft:blast_furnace":1,"minecraft:grass_block":2,"epicsamurai:silver_ore":5,"minecraft:tall_grass":1,"minecraft:cobblestone":2,"minecraft:tall_seagrass":1,"minecraft:furnace":2,"minecraft:iron_ore":18,"minecraft:wheat":33,"minecraft:grass":2,"minecraft:oak_log":13,"minecraft:coal_ore":20,"minecraft:dirt":17,"minecraft:stone":55,"minecraft:oak_leaves":6},"minecraft:killed":{"minecraft:skeleton":1,"minecraft:zombie":1,"alexsmobs:gazelle":1}},"DataVersion":3465}