{"stats":{"minecraft:custom":{"minecraft:jump":177,"minecraft:time_since_rest":489,"minecraft:leave_game":1,"minecraft:deaths":1,"minecraft:crouch_one_cm":213,"minecraft:damage_dealt":20,"minecraft:walk_on_water_one_cm":1284,"minecraft:sprint_one_cm":19246,"minecraft:play_time":5831,"minecraft:damage_taken":240,"minecraft:time_since_death":0,"minecraft:walk_one_cm":6240,"minecraft:sneak_time":52,"minecraft:total_world_time":5831,"minecraft:walk_under_water_one_cm":464,"minecraft:swim_one_cm":81,"minecraft:fall_one_cm":8308,"minecraft:fly_one_cm":39779},"minecraft:killed_by":{"crittersandcompanions:otter":1},"minecraft:mined":{"minecraft:tall_seagrass":1}},"DataVersion":3465}