{"stats":{"minecraft:dropped":{"minecraft:wooden_axe":1},"minecraft:crafted":{"minecraft:oak_planks":4},"minecraft:used":{"minecraft:oak_log":4,"minecraft:netherite_sword":2,"minecraft:wooden_axe":12,"minecraft:apple":5,"minecraft:oak_sapling":1,"minecraft:oak_planks":4,"alexsmobs:animal_dictionary":3,"epicsamurai:katana_oni":3},"minecraft:picked_up":{"minecraft:wooden_axe":2,"minecraft:birch_log":5,"minecraft:apple":34,"minecraft:hay_block":3,"minecraft:netherite_sword":2,"minecraft:oak_log":10,"alexsmobs:maggot":1,"minecraft:oak_sapling":1,"minecraft:birch_sapling":2,"alexsmobs:animal_dictionary":1,"epicsamurai:katana_oni":1},"minecraft:killed":{"alexsmobs:fly":1,"minecraft:zombie":1},"minecraft:mined":{"minecraft:hay_block":4,"minecraft:oak_log":5,"minecraft:birch_log":5},"minecraft:custom":{"minecraft:time_since_rest":11927,"minecraft:deaths":1,"minecraft:crouch_one_cm":1536,"minecraft:play_time":19615,"minecraft:sprint_one_cm":64370,"minecraft:damage_taken":325,"minecraft:walk_one_cm":43591,"minecraft:sneak_time":455,"minecraft:walk_under_water_one_cm":1806,"minecraft:mob_kills":2,"minecraft:drop":1,"minecraft:jump":154,"minecraft:damage_dealt":400,"minecraft:walk_on_water_one_cm":2267,"minecraft:time_since_death":11858,"minecraft:total_world_time":19615,"minecraft:swim_one_cm":2048,"minecraft:fall_one_cm":3936,"minecraft:fly_one_cm":34771},"minecraft:killed_by":{"alexsmobs:grizzly_bear":1}},"DataVersion":3465}