{"stats":{"minecraft:custom":{"minecraft:time_since_rest":44054,"minecraft:sprint_one_cm":103180,"minecraft:interact_with_furnace":26,"minecraft:damage_taken":732,"minecraft:walk_one_cm":110344,"minecraft:mob_kills":2,"minecraft:damage_dealt":20,"minecraft:swim_one_cm":598,"minecraft:interact_with_crafting_table":12,"minecraft:fly_one_cm":109498,"minecraft:open_chest":28,"minecraft:crouch_one_cm":10173,"minecraft:play_time":49396,"minecraft:deaths":1,"minecraft:sneak_time":3191,"minecraft:walk_under_water_one_cm":2699,"minecraft:jump":788,"minecraft:interact_with_blast_furnace":6,"minecraft:leave_game":2,"minecraft:time_since_death":43280,"minecraft:walk_on_water_one_cm":4671,"minecraft:total_world_time":49396,"minecraft:fall_one_cm":19260},"minecraft:used":{"minecraft:wheat_seeds":17,"minecraft:bread":6,"minecraft:baked_potato":6,"minecraft:iron_pickaxe":90,"minecraft:torch":16,"minecraft:stone_axe":16,"minecraft:cobblestone":11,"minecraft:dirt":10},"minecraft:picked_up":{"magistuarmory:silver_concavehalberd":1,"minecraft:raw_iron":18,"minecraft:wheat":17,"minecraft:torch":1,"minecraft:oak_log":12,"minecraft:dirt":10,"minecraft:string":2,"minecraft:bone":1,"minecraft:arrow":2,"minecraft:bow":1,"magistuarmory:rusted_bastardsword":1,"minecraft:wheat_seeds":40,"minecraft:granite":6,"aquaculture:minnow":1,"minecraft:baked_potato":59,"minecraft:oak_sapling":3,"immersive_melodies:triangle":1,"epicsamurai:raw_silver":5,"minecraft:coal":20,"minecraft:cobblestone":40,"minecraft:crafting_table":1},"minecraft:killed_by":{"crittersandcompanions:otter":1},"minecraft:crafted":{"magistuarmory:halfarmor_chestplate":1,"magistuarmory:steel_nugget":9,"minecraft:oak_planks":32,"magistuarmory:steel_ingot":14,"minecraft:stick":20,"minecraft:iron_ingot":27,"minecraft:iron_pickaxe":1,"magistuarmory:steel_chainmail":1,"magistuarmory:knight_chestplate":1,"magistuarmory:greathelm":1,"minecraft:torch":16,"magistuarmory:steel_ring":16,"minecraft:stone_axe":1,"magistuarmory:steel_plate":8,"minecraft:air":0,"minecraft:bread":6},"minecraft:mined":{"minecraft:tall_seagrass":1,"minecraft:acacia_leaves":2,"minecraft:iron_ore":18,"minecraft:wheat":17,"minecraft:crafting_table":1,"minecraft:granite":5,"minecraft:grass":1,"epicsamurai:silver_ore":5,"minecraft:oak_log":13,"minecraft:coal_ore":20,"minecraft:dirt":6,"minecraft:cobblestone":2,"minecraft:stone":40,"minecraft:oak_leaves":3},"minecraft:killed":{"minecraft:skeleton":1,"minecraft:zombie":1}},"DataVersion":3465}