{"stats":{"minecraft:dropped":{"minecraft:wooden_axe":1},"minecraft:used":{"alexsmobs:animal_dictionary":1,"minecraft:wooden_axe":12,"minecraft:oak_sapling":1},"minecraft:picked_up":{"minecraft:oak_log":5,"minecraft:oak_sapling":1,"minecraft:birch_sapling":2,"minecraft:netherite_sword":1,"minecraft:birch_log":5,"minecraft:wooden_axe":2},"minecraft:mined":{"minecraft:birch_log":5,"minecraft:oak_log":5},"minecraft:custom":{"minecraft:jump":4,"minecraft:time_since_rest":7615,"minecraft:damage_dealt":10,"minecraft:crouch_one_cm":145,"minecraft:sprint_one_cm":6568,"minecraft:play_time":7615,"minecraft:time_since_death":7615,"minecraft:walk_one_cm":8578,"minecraft:sneak_time":26,"minecraft:total_world_time":7615,"minecraft:drop":1,"minecraft:fly_one_cm":595}},"DataVersion":3465}