{"stats":{"minecraft:killed":{"minecraft:pig":2,"alexsmobs:skunk":1,"minecraft:skeleton":1,"minecraft:sheep":1,"minecraft:zombie":2,"alexsmobs:gazelle":1,"minecraft:cow":5},"minecraft:used":{"minecraft:moss_block":1,"minecraft:cooked_mutton":3,"magistuarmory:rusted_heavymace":33,"minecraft:stone_pickaxe":208,"epicsamurai:green_samurai_boots":1,"minecraft:oak_planks":50,"minecraft:chest":1,"minecraft:iron_chestplate":1,"minecraft:oak_door":1,"minecraft:dirt":38,"minecraft:crafting_table":1,"minecraft:red_bed":1,"epicsamurai:blue_samurai_leggings_master":1,"minecraft:granite":6,"epicsamurai:blue_samurai_helmet":1,"minecraft:bread":1,"magistuarmory:gold_lochaberaxe":23,"minecraft:stone_axe":127,"minecraft:cobblestone":65,"minecraft:furnace":1,"minecraft:oak_sapling":11,"minecraft:cooked_cod":4,"magistuarmory:silver_rondache":6,"alexsmobs:animal_dictionary":1},"minecraft:custom":{"minecraft:interact_with_furnace":9,"minecraft:mob_kills":15,"minecraft:interact_with_crafting_table":11,"minecraft:time_since_death":2268,"minecraft:sleep_in_bed":1,"minecraft:time_since_rest":1998,"minecraft:sprint_one_cm":154720,"minecraft:damage_taken":783,"minecraft:walk_one_cm":259952,"minecraft:damage_blocked_by_shield":334,"minecraft:drop":3,"minecraft:damage_dealt":2350,"minecraft:swim_one_cm":10337,"minecraft:player_kills":1,"minecraft:fly_one_cm":28908,"minecraft:open_chest":27,"minecraft:crouch_one_cm":9823,"minecraft:play_time":88468,"minecraft:deaths":2,"minecraft:sneak_time":2743,"minecraft:walk_under_water_one_cm":3114,"minecraft:jump":560,"minecraft:walk_on_water_one_cm":5484,"minecraft:total_world_time":88468,"minecraft:fall_one_cm":6527},"minecraft:picked_up":{"epicsamurai:green_samurai_boots":1,"minecraft:birch_log":62,"minecraft:iron_chestplate":1,"minecraft:leather":8,"magistuarmory:silver_chivalrylance":1,"minecraft:oak_log":64,"jeg:scrap":27,"epicsamurai:blue_samurai_leggings_master":1,"minecraft:dirt":46,"minecraft:red_bed":1,"minecraft:raw_copper":37,"minecraft:bone":1,"minecraft:wheat_seeds":3,"minecraft:cobbled_deepslate":1,"minecraft:beef":11,"minecraft:stone_pickaxe":1,"minecraft:poppy":1,"minecraft:moss_block":26,"minecraft:birch_sapling":10,"minecraft:oak_planks":1,"jeg:tech_trash":2,"minecraft:stick":22,"minecraft:raw_iron":19,"minecraft:acacia_log":1,"magistuarmory:rustedbarbute":1,"magistuarmory:silver_rondache":1,"minecraft:porkchop":2,"magistuarmory:rusted_heavymace":1,"minecraft:sand":34,"epicsamurai:blue_samurai_helmet":1,"minecraft:arrow":1,"magistuarmory:gold_lochaberaxe":2,"minecraft:rotten_flesh":2,"minecraft:cooked_cod":4,"immersive_melodies:didgeridoo":1,"minecraft:granite":9,"minecraft:bread":1,"minecraft:oak_sapling":32,"minecraft:mutton":3,"minecraft:coal":50,"minecraft:white_wool":1,"minecraft:cobblestone":106},"minecraft:killed_by":{"minecraft:player":1},"minecraft:crafted":{"minecraft:oak_door":3,"minecraft:oak_planks":88,"minecraft:crafting_table":2,"minecraft:furnace":1,"minecraft:stone_axe":1,"minecraft:air":0,"minecraft:cooked_mutton":3,"minecraft:stick":4,"minecraft:stone_pickaxe":1,"minecraft:chest":1,"minecraft:torch":8},"minecraft:dropped":{"minecraft:raw_copper":37,"immersive_melodies:didgeridoo":1,"magistuarmory:gold_lochaberaxe":1},"minecraft:mined":{"minecraft:oak_sapling":1,"jeg:scrap_ore":13,"minecraft:red_bed":1,"minecraft:granite":5,"minecraft:acacia_log":1,"minecraft:grass_block":34,"minecraft:poppy":1,"minecraft:tall_grass":8,"minecraft:copper_ore":11,"minecraft:cobblestone":2,"minecraft:moss_block":26,"minecraft:oak_planks":1,"minecraft:birch_log":62,"minecraft:iron_ore":20,"minecraft:grass":22,"minecraft:oak_log":64,"minecraft:coal_ore":49,"minecraft:gravel":1,"minecraft:sand":34,"minecraft:dirt":1,"minecraft:stone":105,"minecraft:oak_leaves":63,"minecraft:deepslate":1,"minecraft:fern":2},"minecraft:broken":{"minecraft:stone_pickaxe":1}},"DataVersion":3465}