{"stats":{"minecraft:used":{"minecraft:iron_chestplate":1,"epicsamurai:blue_samurai_helmet":1,"minecraft:cooked_cod":2,"minecraft:bread":1,"epicsamurai:green_samurai_boots":1,"alexsmobs:animal_dictionary":1,"epicsamurai:blue_samurai_leggings_master":1},"minecraft:custom":{"minecraft:time_since_rest":16468,"minecraft:crouch_one_cm":1009,"minecraft:play_time":16468,"minecraft:sprint_one_cm":25904,"minecraft:damage_taken":100,"minecraft:walk_one_cm":17987,"minecraft:sneak_time":161,"minecraft:walk_under_water_one_cm":21,"minecraft:jump":21,"minecraft:walk_on_water_one_cm":1921,"minecraft:time_since_death":16468,"minecraft:total_world_time":16468,"minecraft:swim_one_cm":258,"minecraft:fall_one_cm":745,"minecraft:fly_one_cm":2115},"minecraft:picked_up":{"epicsamurai:green_samurai_boots":1,"minecraft:iron_chestplate":1,"minecraft:cooked_cod":4,"minecraft:bread":1,"epicsamurai:blue_samurai_leggings_master":1,"epicsamurai:blue_samurai_helmet":1}},"DataVersion":3465}