{"stats":{"minecraft:killed":{"minecraft:sheep":1},"minecraft:used":{"minecraft:moss_block":1,"epicsamurai:blue_samurai_helmet":1,"magistuarmory:rusted_heavymace":8,"minecraft:bread":1,"epicsamurai:green_samurai_boots":1,"minecraft:iron_chestplate":1,"minecraft:cooked_cod":2,"alexsmobs:animal_dictionary":1,"epicsamurai:blue_samurai_leggings_master":1},"minecraft:custom":{"minecraft:time_since_rest":9652,"minecraft:sprint_one_cm":51592,"minecraft:damage_taken":381,"minecraft:walk_one_cm":52718,"minecraft:mob_kills":1,"minecraft:damage_dealt":329,"minecraft:swim_one_cm":258,"minecraft:fly_one_cm":8903,"minecraft:player_kills":1,"minecraft:open_chest":3,"minecraft:crouch_one_cm":1059,"minecraft:play_time":28468,"minecraft:deaths":1,"minecraft:sneak_time":169,"minecraft:walk_under_water_one_cm":21,"minecraft:jump":135,"minecraft:time_since_death":9616,"minecraft:walk_on_water_one_cm":1921,"minecraft:total_world_time":28468,"minecraft:fall_one_cm":954},"minecraft:picked_up":{"epicsamurai:green_samurai_boots":1,"minecraft:stick":2,"minecraft:iron_chestplate":1,"magistuarmory:silver_rondache":1,"minecraft:sand":31,"magistuarmory:rusted_heavymace":1,"magistuarmory:silver_chivalrylance":1,"minecraft:oak_log":13,"epicsamurai:blue_samurai_leggings_master":1,"minecraft:dirt":18,"epicsamurai:blue_samurai_helmet":1,"minecraft:cooked_cod":4,"minecraft:stone_pickaxe":1,"minecraft:bread":1,"minecraft:poppy":1,"minecraft:oak_sapling":8,"minecraft:moss_block":11,"minecraft:mutton":2,"minecraft:white_wool":1},"minecraft:killed_by":{"minecraft:player":1},"minecraft:crafted":{"minecraft:oak_planks":52},"minecraft:mined":{"minecraft:grass":11,"minecraft:grass_block":19,"minecraft:oak_log":13,"minecraft:poppy":1,"minecraft:sand":31,"minecraft:tall_grass":3,"minecraft:moss_block":12,"minecraft:oak_leaves":51,"minecraft:fern":1}},"DataVersion":3465}