{"stats":{"minecraft:killed":{"minecraft:pig":2,"alexsmobs:skunk":1,"minecraft:skeleton":2,"minecraft:sheep":1,"minecraft:zombie":7,"alexsmobs:gazelle":1,"minecraft:cow":5},"minecraft:used":{"minecraft:moss_block":1,"minecraft:cooked_mutton":3,"magistuarmory:rusted_heavymace":33,"minecraft:stone_pickaxe":208,"epicsamurai:green_samurai_boots":1,"minecraft:oak_planks":50,"minecraft:chest":1,"minecraft:iron_chestplate":1,"minecraft:oak_door":1,"minecraft:dirt":38,"minecraft:crafting_table":2,"minecraft:red_bed":1,"epicsamurai:blue_samurai_leggings_master":1,"minecraft:granite":6,"magistuarmory:messer_sword":19,"epicsamurai:blue_samurai_helmet":1,"minecraft:iron_pickaxe":2,"minecraft:bread":1,"magistuarmory:gold_lochaberaxe":23,"minecraft:stone_axe":127,"minecraft:cobblestone":65,"minecraft:furnace":1,"minecraft:oak_sapling":11,"minecraft:cooked_cod":4,"magistuarmory:silver_rondache":19,"alexsmobs:animal_dictionary":1,"minecraft:cooked_beef":1},"minecraft:custom":{"minecraft:interact_with_furnace":28,"minecraft:mob_kills":21,"minecraft:interact_with_crafting_table":22,"minecraft:leave_game":1,"minecraft:time_since_death":15655,"minecraft:sleep_in_bed":3,"minecraft:time_since_rest":2677,"minecraft:sprint_one_cm":182109,"minecraft:damage_taken":1360,"minecraft:walk_one_cm":288962,"minecraft:damage_blocked_by_shield":899,"minecraft:drop":3,"minecraft:damage_dealt":3150,"minecraft:swim_one_cm":10337,"minecraft:player_kills":1,"minecraft:fly_one_cm":37631,"minecraft:open_chest":43,"minecraft:crouch_one_cm":10027,"minecraft:play_time":129944,"minecraft:deaths":4,"minecraft:sneak_time":2767,"minecraft:walk_under_water_one_cm":3114,"minecraft:jump":645,"minecraft:walk_on_water_one_cm":5484,"minecraft:total_world_time":129944,"minecraft:fall_one_cm":9460},"minecraft:picked_up":{"epicsamurai:green_samurai_boots":1,"minecraft:birch_log":62,"minecraft:crafting_table":1,"minecraft:iron_chestplate":1,"minecraft:leather":8,"magistuarmory:silver_chivalrylance":1,"create:raw_zinc":2,"minecraft:oak_log":64,"jeg:scrap":27,"epicsamurai:blue_samurai_leggings_master":1,"minecraft:dirt":46,"minecraft:red_bed":1,"minecraft:raw_copper":37,"minecraft:bone":2,"minecraft:wheat_seeds":3,"minecraft:cobbled_deepslate":1,"minecraft:beef":11,"minecraft:stone_pickaxe":1,"minecraft:poppy":1,"minecraft:moss_block":26,"minecraft:birch_sapling":10,"minecraft:oak_planks":1,"jeg:tech_trash":2,"minecraft:stick":22,"minecraft:raw_iron":19,"minecraft:acacia_log":1,"magistuarmory:rustedbarbute":1,"magistuarmory:silver_rondache":1,"minecraft:porkchop":2,"magistuarmory:rusted_heavymace":1,"minecraft:sand":34,"epicsamurai:blue_samurai_helmet":1,"minecraft:arrow":2,"magistuarmory:gold_lochaberaxe":2,"minecraft:rotten_flesh":4,"minecraft:cooked_cod":4,"immersive_melodies:didgeridoo":1,"minecraft:granite":9,"minecraft:bread":1,"minecraft:oak_sapling":32,"minecraft:mutton":3,"minecraft:coal":50,"minecraft:white_wool":1,"minecraft:cobblestone":106},"minecraft:killed_by":{"minecraft:player":1,"minecraft:skeleton":1,"minecraft:zombie":1},"minecraft:crafted":{"minecraft:oak_door":3,"minecraft:smooth_stone":1,"minecraft:oak_planks":88,"minecraft:iron_nugget":9,"minecraft:crafting_table":2,"minecraft:furnace":1,"minecraft:stone":1,"magistuarmory:messer_sword":1,"minecraft:stone_axe":1,"magistuarmory:iron_shortsword":1,"minecraft:air":0,"minecraft:cooked_mutton":3,"magistuarmory:hilt":3,"minecraft:stick":4,"minecraft:iron_pickaxe":1,"minecraft:iron_ingot":19,"minecraft:stone_pickaxe":2,"minecraft:chest":1,"magistuarmory:iron_ahlspiess":1,"magistuarmory:pole":1,"minecraft:torch":8,"magistuarmory:leather_strip":6,"minecraft:cooked_beef":11},"minecraft:dropped":{"minecraft:raw_copper":37,"immersive_melodies:didgeridoo":1,"magistuarmory:gold_lochaberaxe":1},"minecraft:mined":{"minecraft:oak_sapling":1,"jeg:scrap_ore":13,"minecraft:red_bed":1,"minecraft:crafting_table":1,"minecraft:granite":5,"minecraft:acacia_log":1,"minecraft:grass_block":34,"minecraft:poppy":1,"minecraft:tall_grass":8,"minecraft:copper_ore":11,"minecraft:cobblestone":2,"minecraft:moss_block":26,"minecraft:oak_planks":1,"minecraft:birch_log":62,"minecraft:iron_ore":20,"minecraft:grass":22,"minecraft:oak_log":64,"minecraft:coal_ore":49,"minecraft:gravel":1,"minecraft:sand":34,"minecraft:dirt":1,"minecraft:stone":105,"create:zinc_ore":2,"minecraft:oak_leaves":63,"minecraft:deepslate":1,"minecraft:fern":2},"minecraft:broken":{"minecraft:stone_pickaxe":1}},"DataVersion":3465}