{"stats":{"minecraft:killed":{"minecraft:sheep":1,"alexsmobs:gazelle":1},"minecraft:used":{"minecraft:moss_block":1,"magistuarmory:rusted_heavymace":17,"minecraft:stone_pickaxe":184,"epicsamurai:green_samurai_boots":1,"minecraft:oak_planks":50,"minecraft:chest":1,"minecraft:iron_chestplate":1,"minecraft:oak_door":1,"minecraft:crafting_table":1,"epicsamurai:blue_samurai_leggings_master":1,"epicsamurai:blue_samurai_helmet":1,"minecraft:bread":1,"minecraft:cobblestone":31,"minecraft:oak_sapling":11,"minecraft:cooked_cod":4,"magistuarmory:silver_rondache":2,"alexsmobs:animal_dictionary":1},"minecraft:custom":{"minecraft:mob_kills":3,"minecraft:interact_with_crafting_table":7,"minecraft:time_since_death":33616,"minecraft:time_since_rest":33652,"minecraft:sprint_one_cm":98086,"minecraft:damage_taken":409,"minecraft:walk_one_cm":102525,"minecraft:damage_blocked_by_shield":120,"minecraft:damage_dealt":661,"minecraft:swim_one_cm":258,"minecraft:player_kills":1,"minecraft:fly_one_cm":17908,"minecraft:open_chest":15,"minecraft:crouch_one_cm":4959,"minecraft:play_time":52468,"minecraft:deaths":1,"minecraft:sneak_time":1296,"minecraft:walk_under_water_one_cm":21,"minecraft:jump":262,"minecraft:walk_on_water_one_cm":1921,"minecraft:total_world_time":52468,"minecraft:fall_one_cm":1910},"minecraft:picked_up":{"epicsamurai:green_samurai_boots":1,"minecraft:iron_chestplate":1,"magistuarmory:silver_chivalrylance":1,"minecraft:oak_log":22,"jeg:scrap":27,"epicsamurai:blue_samurai_leggings_master":1,"minecraft:dirt":34,"minecraft:raw_copper":35,"minecraft:wheat_seeds":2,"minecraft:cobbled_deepslate":1,"minecraft:stone_pickaxe":1,"minecraft:poppy":1,"minecraft:moss_block":26,"minecraft:oak_planks":1,"jeg:tech_trash":2,"minecraft:stick":2,"minecraft:raw_iron":6,"magistuarmory:silver_rondache":1,"magistuarmory:rusted_heavymace":1,"minecraft:sand":34,"epicsamurai:blue_samurai_helmet":1,"minecraft:rotten_flesh":1,"minecraft:cooked_cod":4,"minecraft:granite":6,"minecraft:bread":1,"minecraft:oak_sapling":12,"minecraft:mutton":3,"minecraft:coal":50,"minecraft:white_wool":1,"minecraft:cobblestone":102},"minecraft:killed_by":{"minecraft:player":1},"minecraft:crafted":{"minecraft:oak_door":3,"minecraft:oak_planks":88,"minecraft:crafting_table":2,"minecraft:stick":4,"minecraft:stone_pickaxe":1,"minecraft:chest":1,"minecraft:torch":8},"minecraft:mined":{"minecraft:oak_sapling":1,"jeg:scrap_ore":13,"minecraft:granite":1,"minecraft:grass_block":34,"minecraft:poppy":1,"minecraft:tall_grass":8,"minecraft:copper_ore":10,"minecraft:cobblestone":1,"minecraft:moss_block":26,"minecraft:oak_planks":1,"minecraft:iron_ore":7,"minecraft:grass":21,"minecraft:oak_log":22,"minecraft:coal_ore":49,"minecraft:sand":34,"minecraft:dirt":1,"minecraft:stone":101,"minecraft:oak_leaves":57,"minecraft:deepslate":1,"minecraft:fern":2},"minecraft:broken":{"minecraft:stone_pickaxe":1}},"DataVersion":3465}