{"stats":{"minecraft:custom":{"minecraft:interact_with_crafting_table":37,"minecraft:open_barrel":3,"minecraft:eat_cake_slice":9,"minecraft:leave_game":4,"minecraft:time_since_death":6849,"minecraft:sprint_one_cm":1089687,"minecraft:drop":62,"minecraft:play_time":393319,"minecraft:deaths":33,"minecraft:jump":6993,"minecraft:walk_on_water_one_cm":48590,"minecraft:interact_with_furnace":21,"minecraft:sleep_in_bed":9,"minecraft:waystone_activated":1,"minecraft:damage_dealt":45125,"minecraft:crouch_one_cm":110570,"minecraft:mob_kills":244,"minecraft:climb_one_cm":4531,"minecraft:walk_one_cm":655426,"minecraft:sneak_time":32852,"minecraft:walk_under_water_one_cm":17186,"minecraft:total_world_time":393319,"minecraft:interact_with_grindstone":1,"minecraft:time_since_rest":6879,"minecraft:damage_taken":7782,"minecraft:damage_absorbed":40,"minecraft:swim_one_cm":159508,"minecraft:fly_one_cm":2224402,"minecraft:open_chest":84,"minecraft:fall_one_cm":167075},"minecraft:picked_up":{"minecraft:wheat":74,"securitycraft:reinforced_lantern":8,"minecraft:enchanted_book":5,"securitycraft:reinforced_oak_planks":1,"minecraft:string":162,"minecraft:iron_leggings":1,"minecraft:zombie_head":2,"minecraft:beetroot":61,"minecraft:cobbled_deepslate":109,"minecraft:gold_nugget":30,"minecraft:smooth_stone":5,"minecraft:red_dye":2,"minecraft:azalea":1,"minecraft:redstone_torch":2,"minecraft:calcite":114,"securitycraft:reinforced_oak_stairs":2,"minecraft:iron_pickaxe":12,"securitycraft:reinforced_oak_log":1,"minecraft:furnace":1,"minecraft:stick":44,"minecraft:acacia_log":5,"minecraft:torch":92,"minecraft:green_bed":1,"magistuarmory:rusted_heavymace":3,"minecraft:porkchop":60,"magistuarmory:rustedcrusader_chestplate":5,"minecraft:orange_bed":4,"minecraft:stone_sword":3,"minecraft:rotten_flesh":470,"mcwfences:andesite_grass_topped_wall":1,"alexsmobs:emu_egg":2,"minecraft:obsidian":64,"minecraft:cobblestone":884,"minecraft:feather":7,"magistuarmory:rustedchainmail_boots":4,"minecraft:andesite":59,"minecraft:potato":16,"minecraft:flint":7,"create:raw_zinc":24,"securitycraft:reinforced_stone_brick_slab":1,"jeg:scrap":92,"rats:raw_rat":1,"minecraft:dirt":408,"minecraft:brown_candle":14,"minecraft:name_tag":1,"minecraft:bone":2,"minecraft:acacia_planks":8,"securitycraft:reinforced_spruce_fence_gate":3,"minecraft:wheat_seeds":99,"minecraft:oak_planks":281,"minecraft:cooked_porkchop":89,"mcwfences:deepslate_grass_topped_wall":3,"mcwfences:railing_deepslate_wall":1,"minecraft:axolotl_bucket":6,"minecraft:grass_block":1,"minecraft:dead_bush":3,"magistuarmory:rustedgreathelm":4,"securitycraft:reinforced_cracked_stone_bricks":3,"mcwfences:deepslate_brick_pillar_wall":1,"magistuarmory:corruptedroundshield":9,"minecraft:golden_apple":6,"minecraft:bread":73,"minecraft:emerald":87,"alexsmobs:banana_slug_slime":4,"minecraft:oak_sapling":36,"minecraft:crafting_table":3,"minecraft:coarse_dirt":23,"minecraft:brown_mushroom":1,"securitycraft:reinforced_glass_pane":2,"minecraft:chain":18,"minecraft:moss_carpet":2,"minecraft:iron_axe":2,"minecraft:wooden_sword":1,"minecraft:cartography_table":1,"minecraft:beef":122,"minecraft:iron_nugget":2,"minecraft:light_gray_wool":1,"minecraft:chest":2,"minecraft:egg":4,"minecraft:raw_iron":65,"securitycraft:reinforced_cobblestone":1,"minecraft:copper_ingot":91,"magistuarmory:rustedbarbute":4,"magistuarmory:rustedkettlehat":5,"minecraft:cake":4,"minecraft:carrot":15,"minecraft:tnt":1,"minecraft:decorated_pot":1,"minecraft:arrow":12,"minecraft:stone_shovel":3,"minecraft:beetroot_seeds":100,"minecraft:hay_block":109,"crittersandcompanions:silk":32,"securitycraft:reinforced_stone_bricks":3,"minecraft:mutton":160,"minecraft:white_wool":49,"magistuarmory:rustedhalfarmor_chestplate":3,"epicsamurai:spirit_upgrade_smithing_template":5,"minecraft:glow_ink_sac":1,"minecraft:leather":108,"alexsmobs:acacia_blossom":2,"minecraft:bedrock":1,"minecraft:oak_log":65,"mcwlights:redstone_lamp_slab":1,"minecraft:cooked_mutton":2,"minecraft:apple":24,"minecraft:iron_ingot":17,"minecraft:cooked_chicken":1,"jeg:tech_trash":21,"minecraft:iron_sword":12,"minecraft:acacia_sapling":9,"minecraft:black_candle":1,"magistuarmory:rustedchainmail_chestplate":3,"minecraft:sweet_berries":24,"minecraft:gravel":434,"magistuarmory:rustednorman_helmet":1,"minecraft:white_bed":1,"magistuarmory:rustedchainmail_leggings":15,"minecraft:spider_eye":7,"minecraft:leather_helmet":1,"magistuarmory:rustedchainmail_helmet":4,"minecraft:pumpkin_seeds":22,"minecraft:stone_axe":2,"magistuarmory:rusted_bastardsword":7,"magistuarmory:rustedcrusader_boots":10,"minecraft:gray_wool":4,"minecraft:black_wool":4,"minecraft:melon_seeds":6,"minecraft:stripped_dark_oak_log":1,"minecraft:coal":324},"minecraft:killed":{"minecraft:cave_spider":6,"minecraft:spider":4,"minecraft:skeleton":2,"alexsmobs:banana_slug":1,"minecraft:pig":10,"rats:rat":1,"minecraft:sheep":16,"minecraft:pillager":1,"minecraft:zombie":187,"minecraft:cow":10,"mca:female_zombie_villager":2,"alexsmobs:seagull":1,"aquaculture:jellyfish":1,"alexsmobs:cockroach":1},"minecraft:broken":{"magistuarmory:rusted_heavymace":1,"minecraft:wooden_sword":2,"minecraft:stone_axe":2,"minecraft:iron_sword":1,"minecraft:stone_sword":2,"magistuarmory:rustedcrusader_chestplate":1,"minecraft:iron_pickaxe":3,"magistuarmory:rusted_bastardsword":4,"magistuarmory:rustedchainmail_leggings":2},"minecraft:killed_by":{"epicsamurai:jorogumo":2,"minecraft:cave_spider":5,"minecraft:zombie":9,"minecraft:skeleton":5},"minecraft:crafted":{"minecraft:oak_planks":192,"magistuarmory:rustedchainmail_chestplate":1,"minecraft:cooked_mutton":5,"magistuarmory:rustedchainmail_helmet":2,"minecraft:chest":4,"minecraft:cooked_porkchop":14,"minecraft:crafting_table":8,"minecraft:wooden_pickaxe":2,"magistuarmory:rustedbarbute":1,"minecraft:stick":40,"minecraft:iron_ingot":14,"minecraft:iron_pickaxe":3,"minecraft:stone_sword":4,"magistuarmory:rusted_bastardsword":2,"minecraft:wooden_sword":2,"minecraft:furnace":2,"minecraft:flint_and_steel":1,"magistuarmory:rustedcrusader_boots":3,"jeg:scrap_workbench":1,"minecraft:iron_axe":1,"magistuarmory:rustedchainmail_boots":1,"minecraft:stone_pickaxe":3,"minecraft:iron_sword":1,"magistuarmory:corruptedroundshield":2,"magistuarmory:rustedchainmail_leggings":4,"minecraft:air":0,"jeg:scrap_block":4,"minecraft:oak_boat":1,"minecraft:iron_shovel":1,"minecraft:white_bed":1,"minecraft:acacia_planks":16,"minecraft:torch":60,"magistuarmory:rustedcrusader_chestplate":2},"minecraft:dropped":{"minecraft:iron_sword":1,"minecraft:leather":12,"minecraft:flint":1,"minecraft:dirt":5,"magistuarmory:dragon_decoration":1,"minecraft:cooked_chicken":1,"minecraft:wheat":7,"minecraft:obsidian":1,"minecraft:beetroot":7,"minecraft:rotten_flesh":170,"minecraft:oak_planks":1,"alexsmobs:emu_egg":1,"minecraft:acacia_sapling":4,"minecraft:brown_candle":12,"minecraft:enchanted_book":1,"minecraft:wheat_seeds":14,"minecraft:feather":3,"magistuarmory:rustedgreathelm":1,"minecraft:stick":7,"minecraft:gray_wool":1,"mca:book_romance":1,"minecraft:torch":8,"minecraft:dead_bush":2,"securitycraft:reinforced_cracked_stone_bricks":1,"minecraft:iron_axe":2,"minecraft:string":25,"minecraft:acacia_planks":8,"create:raw_zinc":4,"minecraft:moss_carpet":2,"alexsmobs:acacia_blossom":1,"minecraft:coarse_dirt":12,"magistuarmory:rusted_heavymace":1,"mcwfences:deepslate_brick_pillar_wall":1,"minecraft:oak_sapling":19,"minecraft:stone_pickaxe":1,"minecraft:calcite":12},"minecraft:used":{"alexsmobs:emu_egg":1,"magistuarmory:rusted_heavymace":288,"minecraft:iron_shovel":6,"mcwfences:railing_deepslate_wall":29,"minecraft:decorated_pot":1,"minecraft:chest":6,"minecraft:iron_sword":480,"mcwfences:andesite_grass_topped_wall":2,"minecraft:rotten_flesh":15,"securitycraft:reinforced_stone_brick_wall":21,"mcwfences:deepslate_grass_topped_wall":74,"mcwfences:deepslate_brick_pillar_wall":47,"securitycraft:secret_spruce_sign_item":1,"minecraft:grass_block":1,"minecraft:bedrock":450,"minecraft:furnace":2,"magistuarmory:rustedkettlehat":1,"magistuarmory:rusted_bastardsword":313,"minecraft:beetroot_seeds":4,"minecraft:egg":2,"magistuarmory:rustedchainmail_leggings":2,"minecraft:stone_pickaxe":103,"minecraft:oak_planks":24,"securitycraft:reinforced_stone_brick_slab":32,"minecraft:wooden_pickaxe":23,"securitycraft:reinforced_glass_pane":37,"minecraft:white_wool":12,"minecraft:golden_apple":1,"securitycraft:reinforced_spruce_fence_gate":14,"mcwlights:double_street_lamp":4,"securitycraft:reinforced_stripped_spruce_log":39,"minecraft:redstone_torch":3,"jeg:scrap_block":3,"securitycraft:reinforced_chiseled_stone_bricks":8,"minecraft:bread":20,"minecraft:string":1,"minecraft:gravel":6,"securitycraft:reinforced_white_stained_glass":18,"minecraft:wooden_sword":118,"securitycraft:reinforced_yellow_glazed_terracotta":5,"minecraft:andesite":11,"minecraft:oak_boat":1,"minecraft:coarse_dirt":8,"securitycraft:reinforced_oak_log":57,"minecraft:stone_sword":252,"minecraft:flint_and_steel":55,"minecraft:stone_shovel":42,"securitycraft:reinforced_mossy_stone_bricks":34,"minecraft:orange_bed":4,"minecraft:torch":63,"minecraft:dirt":53,"minecraft:iron_axe":83,"mcwfences:stone_grass_topped_wall":8,"securitycraft:reinforced_lantern":7,"minecraft:light_gray_wool":1,"minecraft:golden_carrot":1,"minecraft:beef":2,"securitycraft:reinforced_cracked_stone_bricks":224,"securitycraft:reinforced_stone_brick_stairs":97,"minecraft:cobbled_deepslate":2,"minecraft:red_dye":1,"minecraft:calcite":1,"minecraft:wheat_seeds":12,"minecraft:cooked_mutton":5,"securitycraft:reinforced_oak_planks":3,"securitycraft:reinforced_cobblestone":87,"ribbits:ribbit_sorcerer_spawn_egg":1,"minecraft:spruce_sign":1,"minecraft:glow_ink_sac":1,"securitycraft:reinforced_stone_bricks":57,"minecraft:stripped_dark_oak_log":1,"mcwlights:redstone_lamp_slab":4,"minecraft:tnt":2,"minecraft:oak_slab":3,"minecraft:crafting_table":10,"minecraft:white_bed":2,"minecraft:cake":1,"minecraft:oak_log":3,"minecraft:apple":2,"minecraft:iron_pickaxe":867,"jeg:scrap_workbench":1,"minecraft:stone_axe":135,"minecraft:cobblestone":740,"minecraft:cooked_porkchop":14,"mcwlights:classic_street_lamp":1,"minecraft:porkchop":4,"securitycraft:reinforced_oak_stairs":2},"minecraft:mined":{"minecraft:white_bed":1,"minecraft:acacia_log":6,"minecraft:grass_block":17,"minecraft:spawner":4,"minecraft:smooth_stone":5,"minecraft:iron_ore":3,"minecraft:cobbled_deepslate":2,"minecraft:fire":3,"minecraft:moss_carpet":1,"minecraft:green_bed":1,"minecraft:orange_bed":4,"minecraft:melon_stem":2,"minecraft:torch":11,"minecraft:chest":2,"minecraft:dead_bush":4,"minecraft:cobblestone":41,"minecraft:oak_planks":14,"minecraft:wall_torch":5,"minecraft:wheat":16,"minecraft:grass":39,"minecraft:oak_log":65,"minecraft:beetroots":8,"minecraft:dirt":70,"minecraft:brown_candle":1,"minecraft:oak_leaves":51,"minecraft:deepslate":24,"create:zinc_ore":4,"minecraft:decorated_pot":1,"minecraft:cartography_table":1,"minecraft:hay_block":13,"minecraft:furnace":1,"minecraft:andesite":4,"minecraft:deepslate_iron_ore":5,"crittersandcompanions:silk_cocoon":4,"minecraft:stone":755,"minecraft:white_wool":15,"minecraft:acacia_leaves":13,"jeg:scrap_ore":21,"minecraft:stripped_dark_oak_log":1,"minecraft:crafting_table":3,"minecraft:tall_grass":39,"minecraft:coarse_dirt":12,"minecraft:sweet_berry_bush":3,"minecraft:coal_ore":88,"minecraft:zombie_head":1,"minecraft:gravel":14,"minecraft:cobweb":22,"minecraft:fern":5}},"DataVersion":3465}