{"stats":{"minecraft:picked_up":{"minecraft:stick":8,"minecraft:oak_log":1,"securitycraft:reinforced_cracked_stone_bricks":1,"minecraft:dirt":97,"minecraft:wheat_seeds":4,"minecraft:redstone_torch":2,"minecraft:azalea":1,"minecraft:oak_sapling":7,"minecraft:cobblestone":20},"minecraft:dropped":{"securitycraft:reinforced_cracked_stone_bricks":1},"minecraft:used":{"minecraft:redstone_torch":3,"securitycraft:secret_spruce_sign_item":1,"securitycraft:reinforced_oak_planks":3,"securitycraft:reinforced_cobblestone":67,"securitycraft:reinforced_chiseled_stone_bricks":8,"mcwfences:railing_deepslate_wall":29,"ribbits:ribbit_sorcerer_spawn_egg":1,"securitycraft:reinforced_stone_brick_slab":18,"securitycraft:reinforced_mossy_stone_bricks":34,"mcwfences:andesite_grass_topped_wall":2,"mcwfences:stone_grass_topped_wall":8,"minecraft:bedrock":446,"minecraft:torch":11,"securitycraft:reinforced_stone_brick_wall":21,"securitycraft:reinforced_stone_bricks":48,"minecraft:oak_slab":3,"minecraft:tnt":2,"mcwfences:deepslate_grass_topped_wall":41,"mcwfences:deepslate_brick_pillar_wall":34,"securitycraft:reinforced_spruce_fence_gate":14,"securitycraft:reinforced_cracked_stone_bricks":224,"securitycraft:reinforced_stone_brick_stairs":20,"mcwlights:double_street_lamp":4,"securitycraft:reinforced_oak_stairs":2,"securitycraft:reinforced_stripped_spruce_log":39,"securitycraft:reinforced_oak_log":44},"minecraft:custom":{"minecraft:time_since_rest":56036,"minecraft:sprint_one_cm":60498,"minecraft:damage_taken":20,"minecraft:walk_one_cm":118619,"minecraft:drop":1,"minecraft:swim_one_cm":7702,"minecraft:fly_one_cm":254420,"minecraft:crouch_one_cm":343,"minecraft:play_time":56036,"minecraft:sneak_time":661,"minecraft:walk_under_water_one_cm":184,"minecraft:jump":570,"minecraft:leave_game":1,"minecraft:time_since_death":56036,"minecraft:walk_on_water_one_cm":88,"minecraft:total_world_time":56036,"minecraft:fall_one_cm":8032}},"DataVersion":3465}