{"stats":{"minecraft:dropped":{"minecraft:feather":1,"minecraft:stick":7,"minecraft:flint":1,"minecraft:dirt":1,"mca:book_romance":1,"magistuarmory:dragon_decoration":1,"securitycraft:reinforced_cracked_stone_bricks":1,"create:raw_zinc":4,"minecraft:obsidian":1,"alexsmobs:emu_egg":1,"mcwfences:deepslate_brick_pillar_wall":1,"minecraft:oak_sapling":2,"minecraft:stone_pickaxe":1},"minecraft:crafted":{"minecraft:oak_planks":128,"minecraft:furnace":2,"minecraft:cooked_mutton":5,"jeg:scrap_workbench":1,"minecraft:stone_pickaxe":1,"minecraft:chest":3,"minecraft:cooked_porkchop":14,"minecraft:crafting_table":4,"minecraft:iron_sword":1,"minecraft:air":0,"jeg:scrap_block":4,"minecraft:oak_boat":1,"minecraft:stick":20,"minecraft:iron_ingot":3,"minecraft:iron_pickaxe":1,"minecraft:stone_sword":1,"minecraft:white_bed":1,"minecraft:torch":28},"minecraft:killed":{"mca:female_zombie_villager":2,"minecraft:cave_spider":6,"minecraft:spider":4,"alexsmobs:seagull":1,"minecraft:skeleton":2,"alexsmobs:banana_slug":1,"minecraft:pig":10,"aquaculture:jellyfish":1,"rats:rat":1,"minecraft:sheep":16,"minecraft:pillager":1,"alexsmobs:cockroach":1,"minecraft:zombie":12,"minecraft:cow":10},"minecraft:picked_up":{"minecraft:wheat":67,"securitycraft:reinforced_lantern":8,"securitycraft:reinforced_glass_pane":2,"minecraft:chain":18,"securitycraft:reinforced_oak_planks":1,"minecraft:string":137,"minecraft:beetroot":54,"minecraft:gold_nugget":30,"minecraft:cobbled_deepslate":94,"minecraft:beef":110,"minecraft:red_dye":2,"minecraft:calcite":102,"minecraft:redstone_torch":2,"securitycraft:reinforced_oak_stairs":2,"minecraft:azalea":1,"minecraft:iron_nugget":2,"securitycraft:reinforced_oak_log":1,"minecraft:iron_pickaxe":11,"minecraft:light_gray_wool":1,"minecraft:stick":21,"minecraft:raw_iron":65,"securitycraft:reinforced_cobblestone":1,"minecraft:copper_ingot":78,"minecraft:acacia_log":1,"minecraft:torch":76,"minecraft:green_bed":1,"minecraft:porkchop":60,"minecraft:cake":3,"magistuarmory:rustedkettlehat":3,"minecraft:carrot":12,"magistuarmory:rustedcrusader_chestplate":1,"minecraft:tnt":1,"minecraft:orange_bed":4,"minecraft:stone_sword":3,"minecraft:arrow":6,"minecraft:rotten_flesh":40,"minecraft:decorated_pot":1,"minecraft:beetroot_seeds":88,"mcwfences:andesite_grass_topped_wall":1,"minecraft:hay_block":97,"crittersandcompanions:silk":32,"securitycraft:reinforced_stone_bricks":3,"alexsmobs:emu_egg":2,"minecraft:obsidian":55,"minecraft:mutton":139,"minecraft:white_wool":49,"minecraft:cobblestone":123,"minecraft:feather":5,"epicsamurai:spirit_upgrade_smithing_template":4,"minecraft:glow_ink_sac":1,"minecraft:andesite":59,"minecraft:leather":84,"minecraft:potato":8,"minecraft:bedrock":1,"minecraft:flint":6,"minecraft:oak_log":35,"create:raw_zinc":24,"jeg:scrap":84,"securitycraft:reinforced_stone_brick_slab":1,"rats:raw_rat":1,"minecraft:dirt":327,"mcwlights:redstone_lamp_slab":1,"minecraft:name_tag":1,"minecraft:cooked_mutton":2,"minecraft:bone":2,"minecraft:apple":20,"securitycraft:reinforced_spruce_fence_gate":3,"minecraft:wheat_seeds":80,"minecraft:iron_ingot":12,"jeg:tech_trash":21,"minecraft:acacia_sapling":1,"minecraft:iron_sword":11,"minecraft:oak_planks":264,"mcwfences:deepslate_grass_topped_wall":3,"minecraft:cooked_porkchop":89,"mcwfences:railing_deepslate_wall":1,"minecraft:sweet_berries":20,"minecraft:axolotl_bucket":5,"minecraft:gravel":387,"minecraft:grass_block":1,"magistuarmory:rustedchainmail_leggings":7,"securitycraft:reinforced_cracked_stone_bricks":3,"minecraft:spider_eye":7,"minecraft:pumpkin_seeds":22,"minecraft:stone_axe":1,"mcwfences:deepslate_brick_pillar_wall":1,"minecraft:golden_apple":6,"minecraft:gray_wool":4,"minecraft:emerald":72,"minecraft:bread":73,"alexsmobs:banana_slug_slime":4,"minecraft:melon_seeds":5,"minecraft:oak_sapling":9,"minecraft:black_wool":4,"minecraft:stripped_dark_oak_log":1,"minecraft:coal":297},"minecraft:killed_by":{"epicsamurai:jorogumo":2,"minecraft:cave_spider":5,"minecraft:skeleton":5,"minecraft:zombie":4},"minecraft:broken":{"minecraft:stone_sword":1,"magistuarmory:rustedcrusader_chestplate":1,"minecraft:stone_axe":1,"magistuarmory:rustedchainmail_leggings":1},"minecraft:mined":{"create:zinc_ore":4,"minecraft:acacia_log":1,"minecraft:grass_block":6,"minecraft:decorated_pot":1,"minecraft:spawner":2,"minecraft:hay_block":13,"minecraft:iron_ore":3,"minecraft:cobbled_deepslate":2,"minecraft:andesite":4,"minecraft:deepslate_iron_ore":5,"crittersandcompanions:silk_cocoon":4,"minecraft:stone":25,"minecraft:white_wool":15,"minecraft:green_bed":1,"minecraft:orange_bed":4,"minecraft:acacia_leaves":2,"jeg:scrap_ore":21,"minecraft:melon_stem":2,"minecraft:stripped_dark_oak_log":1,"minecraft:torch":8,"minecraft:tall_grass":3,"minecraft:cobblestone":1,"minecraft:wall_torch":1,"minecraft:wheat":16,"minecraft:sweet_berry_bush":3,"minecraft:grass":3,"minecraft:oak_log":32,"minecraft:coal_ore":70,"minecraft:beetroots":8,"minecraft:gravel":7,"minecraft:cobweb":22,"minecraft:deepslate":24,"minecraft:oak_leaves":2},"minecraft:used":{"alexsmobs:emu_egg":1,"minecraft:stone_sword":104,"mcwfences:railing_deepslate_wall":29,"minecraft:chest":3,"securitycraft:reinforced_mossy_stone_bricks":34,"minecraft:decorated_pot":1,"minecraft:iron_sword":70,"mcwfences:andesite_grass_topped_wall":2,"minecraft:orange_bed":4,"minecraft:torch":38,"securitycraft:reinforced_stone_brick_wall":21,"minecraft:dirt":1,"mcwfences:deepslate_grass_topped_wall":74,"mcwfences:deepslate_brick_pillar_wall":47,"securitycraft:secret_spruce_sign_item":1,"minecraft:grass_block":1,"mcwfences:stone_grass_topped_wall":8,"securitycraft:reinforced_lantern":7,"minecraft:bedrock":450,"minecraft:light_gray_wool":1,"minecraft:golden_carrot":1,"minecraft:beef":2,"magistuarmory:rustedkettlehat":1,"minecraft:furnace":2,"minecraft:beetroot_seeds":4,"securitycraft:reinforced_cracked_stone_bricks":224,"securitycraft:reinforced_stone_brick_stairs":97,"minecraft:cobbled_deepslate":2,"minecraft:red_dye":1,"minecraft:calcite":1,"minecraft:wheat_seeds":12,"minecraft:cooked_mutton":5,"securitycraft:reinforced_oak_planks":3,"securitycraft:reinforced_cobblestone":87,"minecraft:stone_pickaxe":81,"securitycraft:reinforced_stone_brick_slab":32,"ribbits:ribbit_sorcerer_spawn_egg":1,"minecraft:spruce_sign":1,"minecraft:glow_ink_sac":1,"minecraft:white_wool":12,"securitycraft:reinforced_glass_pane":37,"minecraft:golden_apple":1,"minecraft:stripped_dark_oak_log":1,"securitycraft:reinforced_stone_bricks":57,"minecraft:oak_slab":3,"mcwlights:redstone_lamp_slab":4,"minecraft:tnt":2,"minecraft:crafting_table":4,"securitycraft:reinforced_spruce_fence_gate":14,"minecraft:white_bed":1,"mcwlights:double_street_lamp":4,"minecraft:cake":1,"securitycraft:reinforced_stripped_spruce_log":39,"minecraft:redstone_torch":3,"minecraft:apple":2,"jeg:scrap_block":3,"securitycraft:reinforced_chiseled_stone_bricks":8,"minecraft:bread":17,"minecraft:iron_pickaxe":94,"minecraft:string":1,"jeg:scrap_workbench":1,"minecraft:stone_axe":66,"securitycraft:reinforced_white_stained_glass":18,"minecraft:cobblestone":10,"securitycraft:reinforced_yellow_glazed_terracotta":5,"minecraft:porkchop":4,"mcwlights:classic_street_lamp":1,"minecraft:cooked_porkchop":4,"minecraft:andesite":11,"minecraft:oak_boat":1,"securitycraft:reinforced_oak_stairs":2,"securitycraft:reinforced_oak_log":57},"minecraft:custom":{"minecraft:mob_kills":69,"minecraft:interact_with_crafting_table":22,"minecraft:open_barrel":3,"minecraft:eat_cake_slice":8,"minecraft:leave_game":4,"minecraft:time_since_death":3751,"minecraft:climb_one_cm":2601,"minecraft:sprint_one_cm":701944,"minecraft:walk_one_cm":407385,"minecraft:drop":15,"minecraft:play_time":231826,"minecraft:deaths":28,"minecraft:sneak_time":4695,"minecraft:walk_under_water_one_cm":12670,"minecraft:jump":4645,"minecraft:walk_on_water_one_cm":42599,"minecraft:total_world_time":231826,"minecraft:interact_with_furnace":17,"minecraft:sleep_in_bed":6,"minecraft:time_since_rest":3784,"minecraft:waystone_activated":1,"minecraft:damage_absorbed":40,"minecraft:damage_taken":5731,"minecraft:damage_dealt":8751,"minecraft:swim_one_cm":124189,"minecraft:fly_one_cm":1739117,"minecraft:open_chest":46,"minecraft:crouch_one_cm":7497,"minecraft:fall_one_cm":101797}},"DataVersion":3465}