{"stats":{"minecraft:dropped":{"minecraft:iron_sword":1,"minecraft:wheat_seeds":14,"minecraft:feather":3,"minecraft:leather":12,"minecraft:stick":7,"minecraft:flint":1,"minecraft:dirt":1,"minecraft:gray_wool":1,"mca:book_romance":1,"minecraft:torch":8,"minecraft:iron_axe":2,"magistuarmory:dragon_decoration":1,"securitycraft:reinforced_cracked_stone_bricks":1,"minecraft:string":25,"minecraft:acacia_planks":8,"create:raw_zinc":4,"minecraft:moss_carpet":2,"alexsmobs:acacia_blossom":1,"minecraft:cooked_chicken":1,"minecraft:wheat":7,"minecraft:obsidian":1,"minecraft:beetroot":7,"minecraft:oak_planks":1,"alexsmobs:emu_egg":1,"mcwfences:deepslate_brick_pillar_wall":1,"minecraft:acacia_sapling":4,"minecraft:oak_sapling":10,"minecraft:stone_pickaxe":1,"minecraft:calcite":12},"minecraft:killed":{"mca:female_zombie_villager":2,"minecraft:cave_spider":6,"minecraft:spider":4,"alexsmobs:seagull":1,"minecraft:skeleton":2,"alexsmobs:banana_slug":1,"minecraft:pig":10,"aquaculture:jellyfish":1,"rats:rat":1,"minecraft:sheep":16,"minecraft:pillager":1,"alexsmobs:cockroach":1,"minecraft:zombie":42,"minecraft:cow":10},"minecraft:crafted":{"minecraft:wooden_sword":1,"minecraft:oak_planks":148,"minecraft:furnace":2,"minecraft:cooked_mutton":5,"minecraft:flint_and_steel":1,"jeg:scrap_workbench":1,"minecraft:iron_axe":1,"minecraft:stone_pickaxe":1,"minecraft:chest":4,"minecraft:cooked_porkchop":14,"minecraft:crafting_table":7,"minecraft:iron_sword":1,"minecraft:air":0,"jeg:scrap_block":4,"minecraft:oak_boat":1,"minecraft:stick":28,"minecraft:iron_ingot":14,"minecraft:iron_pickaxe":3,"minecraft:stone_sword":1,"minecraft:iron_shovel":1,"minecraft:white_bed":1,"minecraft:acacia_planks":16,"minecraft:torch":48},"minecraft:picked_up":{"minecraft:crafting_table":1,"minecraft:wheat":74,"securitycraft:reinforced_lantern":8,"securitycraft:reinforced_glass_pane":2,"minecraft:chain":18,"securitycraft:reinforced_oak_planks":1,"minecraft:string":162,"minecraft:moss_carpet":2,"minecraft:iron_axe":2,"minecraft:beetroot":61,"minecraft:smooth_stone":5,"minecraft:cartography_table":1,"minecraft:gold_nugget":30,"minecraft:cobbled_deepslate":109,"minecraft:beef":122,"minecraft:red_dye":2,"minecraft:calcite":114,"minecraft:redstone_torch":2,"securitycraft:reinforced_oak_stairs":2,"minecraft:azalea":1,"minecraft:iron_nugget":2,"securitycraft:reinforced_oak_log":1,"minecraft:iron_pickaxe":12,"minecraft:light_gray_wool":1,"minecraft:chest":2,"minecraft:furnace":1,"minecraft:egg":2,"minecraft:stick":39,"minecraft:raw_iron":65,"securitycraft:reinforced_cobblestone":1,"minecraft:copper_ingot":91,"minecraft:acacia_log":5,"minecraft:torch":87,"minecraft:green_bed":1,"minecraft:porkchop":60,"minecraft:cake":4,"magistuarmory:rustedkettlehat":3,"minecraft:carrot":15,"magistuarmory:rustedcrusader_chestplate":1,"minecraft:tnt":1,"minecraft:orange_bed":4,"minecraft:stone_sword":3,"minecraft:arrow":8,"minecraft:rotten_flesh":82,"minecraft:decorated_pot":1,"minecraft:beetroot_seeds":100,"mcwfences:andesite_grass_topped_wall":1,"minecraft:hay_block":109,"crittersandcompanions:silk":32,"securitycraft:reinforced_stone_bricks":3,"alexsmobs:emu_egg":2,"minecraft:obsidian":64,"minecraft:mutton":160,"minecraft:white_wool":49,"minecraft:cobblestone":856,"magistuarmory:rustedchainmail_boots":1,"magistuarmory:rustedhalfarmor_chestplate":1,"minecraft:feather":7,"epicsamurai:spirit_upgrade_smithing_template":5,"minecraft:glow_ink_sac":1,"minecraft:andesite":59,"minecraft:leather":108,"alexsmobs:acacia_blossom":2,"minecraft:potato":8,"minecraft:bedrock":1,"minecraft:flint":7,"minecraft:oak_log":53,"create:raw_zinc":24,"jeg:scrap":92,"securitycraft:reinforced_stone_brick_slab":1,"rats:raw_rat":1,"minecraft:dirt":365,"mcwlights:redstone_lamp_slab":1,"minecraft:name_tag":1,"minecraft:cooked_mutton":2,"minecraft:bone":2,"minecraft:acacia_planks":8,"minecraft:apple":22,"securitycraft:reinforced_spruce_fence_gate":3,"minecraft:wheat_seeds":99,"minecraft:cooked_chicken":1,"minecraft:iron_ingot":12,"jeg:tech_trash":21,"minecraft:acacia_sapling":9,"minecraft:iron_sword":12,"minecraft:oak_planks":266,"minecraft:black_candle":1,"mcwfences:deepslate_grass_topped_wall":3,"minecraft:cooked_porkchop":89,"mcwfences:railing_deepslate_wall":1,"minecraft:sweet_berries":24,"minecraft:axolotl_bucket":6,"minecraft:gravel":434,"magistuarmory:rustednorman_helmet":1,"magistuarmory:rustedgreathelm":1,"minecraft:white_bed":1,"minecraft:grass_block":1,"magistuarmory:rustedchainmail_leggings":9,"securitycraft:reinforced_cracked_stone_bricks":3,"minecraft:spider_eye":7,"minecraft:pumpkin_seeds":22,"magistuarmory:rustedcrusader_boots":2,"minecraft:stone_axe":1,"mcwfences:deepslate_brick_pillar_wall":1,"minecraft:golden_apple":6,"minecraft:gray_wool":4,"minecraft:emerald":87,"minecraft:bread":73,"alexsmobs:banana_slug_slime":4,"minecraft:melon_seeds":6,"minecraft:oak_sapling":23,"minecraft:black_wool":4,"minecraft:stripped_dark_oak_log":1,"minecraft:coal":301},"minecraft:killed_by":{"epicsamurai:jorogumo":2,"minecraft:cave_spider":5,"minecraft:skeleton":5,"minecraft:zombie":6},"minecraft:broken":{"minecraft:stone_sword":1,"magistuarmory:rustedcrusader_chestplate":1,"minecraft:stone_axe":1,"minecraft:iron_pickaxe":3,"magistuarmory:rustedchainmail_leggings":2},"minecraft:mined":{"create:zinc_ore":4,"minecraft:white_bed":1,"minecraft:acacia_log":6,"minecraft:grass_block":17,"minecraft:decorated_pot":1,"minecraft:cartography_table":1,"minecraft:spawner":4,"minecraft:smooth_stone":5,"minecraft:hay_block":13,"minecraft:furnace":1,"minecraft:fire":3,"minecraft:iron_ore":3,"minecraft:cobbled_deepslate":2,"minecraft:andesite":4,"minecraft:moss_carpet":1,"minecraft:deepslate_iron_ore":5,"crittersandcompanions:silk_cocoon":4,"minecraft:stone":731,"minecraft:white_wool":15,"minecraft:green_bed":1,"minecraft:orange_bed":4,"minecraft:acacia_leaves":13,"jeg:scrap_ore":21,"minecraft:melon_stem":2,"minecraft:stripped_dark_oak_log":1,"minecraft:crafting_table":1,"minecraft:torch":10,"minecraft:chest":2,"minecraft:dead_bush":4,"minecraft:tall_grass":39,"minecraft:cobblestone":35,"minecraft:oak_planks":1,"minecraft:wall_torch":3,"minecraft:wheat":16,"minecraft:sweet_berry_bush":3,"minecraft:grass":37,"minecraft:oak_log":53,"minecraft:coal_ore":74,"minecraft:beetroots":8,"minecraft:gravel":14,"minecraft:dirt":31,"minecraft:cobweb":22,"minecraft:deepslate":24,"minecraft:oak_leaves":47,"minecraft:fern":5},"minecraft:used":{"alexsmobs:emu_egg":1,"minecraft:stone_sword":105,"minecraft:iron_shovel":6,"minecraft:flint_and_steel":55,"minecraft:stone_shovel":19,"mcwfences:railing_deepslate_wall":29,"minecraft:chest":6,"securitycraft:reinforced_mossy_stone_bricks":34,"minecraft:decorated_pot":1,"minecraft:iron_sword":230,"mcwfences:andesite_grass_topped_wall":2,"minecraft:orange_bed":4,"minecraft:torch":58,"securitycraft:reinforced_stone_brick_wall":21,"minecraft:dirt":8,"mcwfences:deepslate_grass_topped_wall":74,"mcwfences:deepslate_brick_pillar_wall":47,"securitycraft:secret_spruce_sign_item":1,"minecraft:iron_axe":83,"minecraft:grass_block":1,"mcwfences:stone_grass_topped_wall":8,"securitycraft:reinforced_lantern":7,"minecraft:bedrock":450,"minecraft:light_gray_wool":1,"minecraft:golden_carrot":1,"minecraft:beef":2,"magistuarmory:rustedkettlehat":1,"minecraft:furnace":2,"minecraft:beetroot_seeds":4,"securitycraft:reinforced_cracked_stone_bricks":224,"securitycraft:reinforced_stone_brick_stairs":97,"minecraft:cobbled_deepslate":2,"minecraft:red_dye":1,"magistuarmory:rustedchainmail_leggings":1,"minecraft:calcite":1,"minecraft:wheat_seeds":12,"minecraft:cooked_mutton":5,"securitycraft:reinforced_oak_planks":3,"minecraft:oak_planks":3,"securitycraft:reinforced_cobblestone":87,"minecraft:stone_pickaxe":81,"securitycraft:reinforced_stone_brick_slab":32,"ribbits:ribbit_sorcerer_spawn_egg":1,"minecraft:spruce_sign":1,"minecraft:glow_ink_sac":1,"minecraft:white_wool":12,"securitycraft:reinforced_glass_pane":37,"minecraft:golden_apple":1,"minecraft:stripped_dark_oak_log":1,"securitycraft:reinforced_stone_bricks":57,"minecraft:oak_slab":3,"mcwlights:redstone_lamp_slab":4,"minecraft:tnt":2,"minecraft:crafting_table":7,"securitycraft:reinforced_spruce_fence_gate":14,"minecraft:white_bed":2,"mcwlights:double_street_lamp":4,"minecraft:cake":1,"securitycraft:reinforced_stripped_spruce_log":39,"minecraft:redstone_torch":3,"minecraft:oak_log":3,"minecraft:apple":2,"jeg:scrap_block":3,"securitycraft:reinforced_chiseled_stone_bricks":8,"minecraft:bread":20,"minecraft:iron_pickaxe":867,"minecraft:string":1,"minecraft:gravel":6,"jeg:scrap_workbench":1,"minecraft:stone_axe":66,"securitycraft:reinforced_white_stained_glass":18,"minecraft:wooden_sword":37,"minecraft:cobblestone":740,"securitycraft:reinforced_yellow_glazed_terracotta":5,"minecraft:porkchop":4,"mcwlights:classic_street_lamp":1,"minecraft:cooked_porkchop":14,"minecraft:andesite":11,"minecraft:oak_boat":1,"securitycraft:reinforced_oak_stairs":2,"securitycraft:reinforced_oak_log":57},"minecraft:custom":{"minecraft:mob_kills":99,"minecraft:interact_with_crafting_table":30,"minecraft:open_barrel":3,"minecraft:eat_cake_slice":9,"minecraft:leave_game":4,"minecraft:time_since_death":11000,"minecraft:climb_one_cm":4531,"minecraft:sprint_one_cm":995463,"minecraft:walk_one_cm":569049,"minecraft:drop":36,"minecraft:play_time":333826,"minecraft:deaths":30,"minecraft:sneak_time":27713,"minecraft:walk_under_water_one_cm":15534,"minecraft:jump":6440,"minecraft:walk_on_water_one_cm":48149,"minecraft:total_world_time":333826,"minecraft:interact_with_furnace":21,"minecraft:interact_with_grindstone":1,"minecraft:sleep_in_bed":8,"minecraft:time_since_rest":11051,"minecraft:waystone_activated":1,"minecraft:damage_absorbed":40,"minecraft:damage_taken":7036,"minecraft:damage_dealt":15354,"minecraft:swim_one_cm":151475,"minecraft:fly_one_cm":2112410,"minecraft:open_chest":72,"minecraft:crouch_one_cm":100424,"minecraft:fall_one_cm":151493}},"DataVersion":3465}