{"stats":{"minecraft:dropped":{"minecraft:feather":1,"minecraft:stick":7,"minecraft:flint":1,"minecraft:dirt":1,"mca:book_romance":1,"magistuarmory:dragon_decoration":1,"securitycraft:reinforced_cracked_stone_bricks":1,"create:raw_zinc":4,"alexsmobs:emu_egg":1,"mcwfences:deepslate_brick_pillar_wall":1,"minecraft:oak_sapling":2,"minecraft:stone_pickaxe":1},"minecraft:crafted":{"minecraft:oak_planks":128,"minecraft:furnace":1,"minecraft:cooked_mutton":5,"jeg:scrap_workbench":1,"minecraft:stone_pickaxe":1,"minecraft:chest":2,"minecraft:cooked_porkchop":14,"minecraft:crafting_table":3,"minecraft:iron_sword":1,"minecraft:air":0,"jeg:scrap_block":4,"minecraft:oak_boat":1,"minecraft:stick":20,"minecraft:iron_pickaxe":1,"minecraft:stone_sword":1,"minecraft:torch":28},"minecraft:killed":{"mca:female_zombie_villager":2,"minecraft:cave_spider":6,"minecraft:spider":4,"alexsmobs:seagull":1,"minecraft:skeleton":2,"alexsmobs:banana_slug":1,"minecraft:pig":10,"aquaculture:jellyfish":1,"rats:rat":1,"minecraft:sheep":12,"minecraft:pillager":1,"alexsmobs:cockroach":1,"minecraft:zombie":11,"minecraft:cow":10},"minecraft:picked_up":{"minecraft:wheat":39,"securitycraft:reinforced_lantern":8,"securitycraft:reinforced_glass_pane":2,"minecraft:chain":18,"securitycraft:reinforced_oak_planks":1,"minecraft:string":62,"minecraft:beetroot":40,"minecraft:gold_nugget":30,"minecraft:cobbled_deepslate":25,"minecraft:beef":86,"minecraft:red_dye":2,"minecraft:calcite":66,"minecraft:redstone_torch":2,"securitycraft:reinforced_oak_stairs":2,"minecraft:azalea":1,"minecraft:iron_nugget":2,"securitycraft:reinforced_oak_log":1,"minecraft:iron_pickaxe":7,"minecraft:light_gray_wool":1,"minecraft:stick":21,"minecraft:raw_iron":37,"securitycraft:reinforced_cobblestone":1,"minecraft:copper_ingot":65,"minecraft:acacia_log":1,"minecraft:torch":52,"minecraft:green_bed":1,"minecraft:porkchop":60,"minecraft:cake":1,"magistuarmory:rustedkettlehat":3,"minecraft:carrot":3,"magistuarmory:rustedcrusader_chestplate":1,"minecraft:tnt":1,"minecraft:orange_bed":4,"minecraft:stone_sword":3,"minecraft:arrow":6,"minecraft:rotten_flesh":26,"minecraft:decorated_pot":1,"minecraft:beetroot_seeds":64,"mcwfences:andesite_grass_topped_wall":1,"minecraft:hay_block":61,"crittersandcompanions:silk":32,"securitycraft:reinforced_stone_bricks":3,"alexsmobs:emu_egg":2,"minecraft:obsidian":36,"minecraft:mutton":90,"minecraft:white_wool":46,"minecraft:cobblestone":123,"minecraft:feather":5,"epicsamurai:spirit_upgrade_smithing_template":1,"minecraft:glow_ink_sac":1,"minecraft:andesite":59,"minecraft:leather":60,"minecraft:potato":4,"minecraft:bedrock":1,"minecraft:flint":6,"minecraft:oak_log":35,"create:raw_zinc":24,"jeg:scrap":76,"securitycraft:reinforced_stone_brick_slab":1,"rats:raw_rat":1,"minecraft:dirt":327,"mcwlights:redstone_lamp_slab":1,"minecraft:name_tag":1,"minecraft:cooked_mutton":2,"minecraft:bone":2,"minecraft:apple":14,"securitycraft:reinforced_spruce_fence_gate":3,"minecraft:wheat_seeds":80,"minecraft:iron_ingot":12,"jeg:tech_trash":12,"minecraft:acacia_sapling":1,"minecraft:iron_sword":7,"minecraft:oak_planks":231,"mcwfences:deepslate_grass_topped_wall":3,"minecraft:cooked_porkchop":67,"mcwfences:railing_deepslate_wall":1,"minecraft:sweet_berries":8,"minecraft:axolotl_bucket":1,"minecraft:gravel":258,"minecraft:grass_block":1,"magistuarmory:rustedchainmail_leggings":7,"securitycraft:reinforced_cracked_stone_bricks":3,"minecraft:spider_eye":7,"minecraft:pumpkin_seeds":11,"minecraft:stone_axe":1,"mcwfences:deepslate_brick_pillar_wall":1,"minecraft:golden_apple":4,"minecraft:emerald":57,"minecraft:bread":73,"alexsmobs:banana_slug_slime":4,"minecraft:melon_seeds":1,"minecraft:oak_sapling":9,"minecraft:black_wool":4,"minecraft:stripped_dark_oak_log":1,"minecraft:coal":269},"minecraft:killed_by":{"epicsamurai:jorogumo":2,"minecraft:cave_spider":5,"minecraft:skeleton":3,"minecraft:zombie":2},"minecraft:broken":{"minecraft:stone_sword":1,"magistuarmory:rustedcrusader_chestplate":1,"minecraft:stone_axe":1},"minecraft:mined":{"create:zinc_ore":4,"minecraft:acacia_log":1,"minecraft:grass_block":6,"minecraft:decorated_pot":1,"minecraft:spawner":2,"minecraft:hay_block":13,"minecraft:iron_ore":3,"minecraft:cobbled_deepslate":2,"minecraft:andesite":4,"minecraft:deepslate_iron_ore":5,"crittersandcompanions:silk_cocoon":4,"minecraft:stone":25,"minecraft:white_wool":15,"minecraft:green_bed":1,"minecraft:orange_bed":4,"minecraft:acacia_leaves":2,"jeg:scrap_ore":21,"minecraft:melon_stem":2,"minecraft:stripped_dark_oak_log":1,"minecraft:torch":8,"minecraft:tall_grass":2,"minecraft:cobblestone":1,"minecraft:wall_torch":1,"minecraft:wheat":16,"minecraft:sweet_berry_bush":3,"minecraft:grass":3,"minecraft:oak_log":32,"minecraft:coal_ore":70,"minecraft:beetroots":8,"minecraft:gravel":7,"minecraft:cobweb":22,"minecraft:deepslate":24,"minecraft:oak_leaves":2},"minecraft:used":{"alexsmobs:emu_egg":1,"minecraft:stone_sword":104,"mcwfences:railing_deepslate_wall":29,"minecraft:chest":2,"securitycraft:reinforced_mossy_stone_bricks":34,"minecraft:decorated_pot":1,"minecraft:iron_sword":55,"mcwfences:andesite_grass_topped_wall":2,"minecraft:orange_bed":4,"minecraft:torch":38,"securitycraft:reinforced_stone_brick_wall":21,"minecraft:dirt":1,"mcwfences:deepslate_grass_topped_wall":74,"mcwfences:deepslate_brick_pillar_wall":47,"securitycraft:secret_spruce_sign_item":1,"minecraft:grass_block":1,"mcwfences:stone_grass_topped_wall":8,"securitycraft:reinforced_lantern":7,"minecraft:bedrock":450,"minecraft:light_gray_wool":1,"minecraft:golden_carrot":1,"minecraft:beef":2,"magistuarmory:rustedkettlehat":1,"minecraft:furnace":1,"minecraft:beetroot_seeds":4,"securitycraft:reinforced_cracked_stone_bricks":224,"securitycraft:reinforced_stone_brick_stairs":97,"minecraft:cobbled_deepslate":2,"minecraft:red_dye":1,"minecraft:calcite":1,"minecraft:wheat_seeds":12,"minecraft:cooked_mutton":5,"securitycraft:reinforced_oak_planks":3,"securitycraft:reinforced_cobblestone":87,"minecraft:stone_pickaxe":81,"securitycraft:reinforced_stone_brick_slab":32,"ribbits:ribbit_sorcerer_spawn_egg":1,"minecraft:spruce_sign":1,"minecraft:glow_ink_sac":1,"minecraft:white_wool":12,"securitycraft:reinforced_glass_pane":37,"minecraft:stripped_dark_oak_log":1,"securitycraft:reinforced_stone_bricks":57,"minecraft:oak_slab":3,"mcwlights:redstone_lamp_slab":4,"minecraft:tnt":2,"minecraft:crafting_table":3,"securitycraft:reinforced_spruce_fence_gate":14,"mcwlights:double_street_lamp":4,"minecraft:cake":1,"securitycraft:reinforced_stripped_spruce_log":39,"minecraft:redstone_torch":3,"minecraft:apple":2,"jeg:scrap_block":3,"securitycraft:reinforced_chiseled_stone_bricks":8,"minecraft:bread":17,"minecraft:iron_pickaxe":94,"minecraft:string":1,"jeg:scrap_workbench":1,"minecraft:stone_axe":66,"securitycraft:reinforced_white_stained_glass":18,"minecraft:cobblestone":10,"securitycraft:reinforced_yellow_glazed_terracotta":5,"minecraft:porkchop":4,"mcwlights:classic_street_lamp":1,"minecraft:cooked_porkchop":4,"minecraft:andesite":11,"minecraft:oak_boat":1,"securitycraft:reinforced_oak_stairs":2,"securitycraft:reinforced_oak_log":57},"minecraft:custom":{"minecraft:mob_kills":64,"minecraft:interact_with_crafting_table":15,"minecraft:open_barrel":3,"minecraft:eat_cake_slice":8,"minecraft:leave_game":4,"minecraft:time_since_death":11623,"minecraft:climb_one_cm":2601,"minecraft:sprint_one_cm":674838,"minecraft:walk_one_cm":396944,"minecraft:drop":14,"minecraft:play_time":219826,"minecraft:deaths":24,"minecraft:sneak_time":4681,"minecraft:walk_under_water_one_cm":12087,"minecraft:jump":4468,"minecraft:walk_on_water_one_cm":42521,"minecraft:total_world_time":219826,"minecraft:interact_with_furnace":14,"minecraft:sleep_in_bed":5,"minecraft:time_since_rest":11661,"minecraft:waystone_activated":1,"minecraft:damage_taken":4616,"minecraft:damage_dealt":8118,"minecraft:swim_one_cm":122489,"minecraft:fly_one_cm":1705431,"minecraft:open_chest":41,"minecraft:crouch_one_cm":7478,"minecraft:fall_one_cm":95855}},"DataVersion":3465}