{"stats":{"minecraft:picked_up":{"minecraft:stick":14,"securitycraft:reinforced_cobblestone":1,"mcwfences:deepslate_grass_topped_wall":3,"minecraft:glow_ink_sac":1,"mcwfences:railing_deepslate_wall":1,"securitycraft:reinforced_lantern":8,"minecraft:torch":3,"securitycraft:reinforced_glass_pane":2,"minecraft:bedrock":1,"minecraft:oak_log":3,"securitycraft:reinforced_stone_brick_slab":1,"securitycraft:reinforced_oak_planks":1,"minecraft:grass_block":1,"securitycraft:reinforced_cracked_stone_bricks":3,"minecraft:dirt":324,"mcwlights:redstone_lamp_slab":1,"minecraft:tnt":1,"securitycraft:reinforced_spruce_fence_gate":3,"mcwfences:deepslate_brick_pillar_wall":1,"minecraft:wheat_seeds":20,"mcwfences:andesite_grass_topped_wall":1,"securitycraft:reinforced_stone_bricks":3,"minecraft:red_dye":2,"securitycraft:reinforced_oak_stairs":2,"minecraft:redstone_torch":2,"minecraft:azalea":1,"securitycraft:reinforced_oak_log":1,"minecraft:oak_sapling":7,"minecraft:cobblestone":20},"minecraft:used":{"minecraft:redstone_torch":3,"securitycraft:secret_spruce_sign_item":1,"securitycraft:reinforced_oak_planks":3,"securitycraft:reinforced_cobblestone":87,"securitycraft:reinforced_chiseled_stone_bricks":8,"minecraft:grass_block":1,"mcwfences:railing_deepslate_wall":29,"ribbits:ribbit_sorcerer_spawn_egg":1,"securitycraft:reinforced_stone_brick_slab":32,"securitycraft:reinforced_mossy_stone_bricks":34,"mcwfences:andesite_grass_topped_wall":2,"minecraft:spruce_sign":1,"minecraft:glow_ink_sac":1,"mcwfences:stone_grass_topped_wall":8,"securitycraft:reinforced_lantern":7,"minecraft:bedrock":450,"securitycraft:reinforced_glass_pane":37,"securitycraft:reinforced_white_stained_glass":18,"minecraft:torch":11,"securitycraft:reinforced_stone_brick_wall":21,"mcwlights:redstone_lamp_slab":4,"securitycraft:reinforced_stone_bricks":57,"minecraft:oak_slab":3,"minecraft:tnt":2,"securitycraft:reinforced_yellow_glazed_terracotta":5,"mcwlights:classic_street_lamp":1,"mcwfences:deepslate_grass_topped_wall":74,"mcwfences:deepslate_brick_pillar_wall":47,"securitycraft:reinforced_spruce_fence_gate":14,"securitycraft:reinforced_cracked_stone_bricks":224,"securitycraft:reinforced_stone_brick_stairs":97,"mcwlights:double_street_lamp":4,"securitycraft:reinforced_oak_stairs":2,"minecraft:red_dye":1,"securitycraft:reinforced_stripped_spruce_log":39,"securitycraft:reinforced_oak_log":57},"minecraft:custom":{"minecraft:time_since_rest":435,"minecraft:sprint_one_cm":75427,"minecraft:damage_taken":20,"minecraft:walk_one_cm":165886,"minecraft:drop":2,"minecraft:swim_one_cm":7702,"minecraft:fly_one_cm":414442,"minecraft:open_chest":1,"minecraft:crouch_one_cm":1094,"minecraft:play_time":80036,"minecraft:deaths":10,"minecraft:sneak_time":1042,"minecraft:walk_under_water_one_cm":184,"minecraft:jump":715,"minecraft:leave_game":1,"minecraft:time_since_death":376,"minecraft:walk_on_water_one_cm":88,"minecraft:total_world_time":80036,"minecraft:fall_one_cm":8032},"minecraft:dropped":{"mcwfences:deepslate_brick_pillar_wall":1,"securitycraft:reinforced_cracked_stone_bricks":1}},"DataVersion":3465}