{"stats":{"minecraft:dropped":{"minecraft:stick":5,"mca:book_romance":1,"magistuarmory:dragon_decoration":1,"securitycraft:reinforced_cracked_stone_bricks":1,"alexsmobs:emu_egg":1,"mcwfences:deepslate_brick_pillar_wall":1,"minecraft:oak_sapling":2,"minecraft:stone_pickaxe":1},"minecraft:crafted":{"minecraft:oak_planks":128,"minecraft:cooked_mutton":5,"jeg:scrap_workbench":1,"minecraft:stone_pickaxe":1,"minecraft:crafting_table":1,"jeg:scrap_block":4,"minecraft:stick":12,"minecraft:stone_sword":1,"minecraft:torch":8},"minecraft:killed":{"mca:female_zombie_villager":1,"minecraft:cave_spider":6,"minecraft:spider":3,"alexsmobs:seagull":1,"minecraft:skeleton":1,"alexsmobs:banana_slug":1,"minecraft:pig":10,"rats:rat":1,"minecraft:sheep":12,"minecraft:zombie":4,"minecraft:cow":10},"minecraft:picked_up":{"minecraft:wheat":32,"securitycraft:reinforced_lantern":8,"securitycraft:reinforced_glass_pane":2,"minecraft:chain":18,"securitycraft:reinforced_oak_planks":1,"minecraft:string":31,"minecraft:beetroot":32,"minecraft:gold_nugget":30,"minecraft:beef":74,"minecraft:red_dye":2,"minecraft:redstone_torch":2,"minecraft:azalea":1,"securitycraft:reinforced_oak_stairs":2,"minecraft:iron_nugget":2,"minecraft:iron_pickaxe":2,"securitycraft:reinforced_oak_log":1,"minecraft:light_gray_wool":1,"minecraft:raw_iron":19,"minecraft:stick":17,"securitycraft:reinforced_cobblestone":1,"minecraft:copper_ingot":52,"minecraft:green_bed":1,"minecraft:torch":30,"minecraft:acacia_log":1,"minecraft:porkchop":60,"magistuarmory:rustedcrusader_chestplate":1,"minecraft:orange_bed":2,"minecraft:tnt":1,"minecraft:stone_sword":3,"minecraft:arrow":6,"minecraft:rotten_flesh":1,"minecraft:beetroot_seeds":52,"minecraft:decorated_pot":1,"mcwfences:andesite_grass_topped_wall":1,"crittersandcompanions:silk":32,"minecraft:hay_block":49,"securitycraft:reinforced_stone_bricks":3,"alexsmobs:emu_egg":2,"minecraft:obsidian":27,"minecraft:mutton":76,"minecraft:white_wool":46,"minecraft:cobblestone":59,"minecraft:feather":4,"minecraft:glow_ink_sac":1,"minecraft:andesite":55,"minecraft:leather":48,"minecraft:potato":2,"minecraft:bedrock":1,"minecraft:oak_log":35,"jeg:scrap":68,"securitycraft:reinforced_stone_brick_slab":1,"rats:raw_rat":1,"minecraft:dirt":325,"mcwlights:redstone_lamp_slab":1,"minecraft:name_tag":1,"minecraft:cooked_mutton":2,"minecraft:bone":2,"minecraft:apple":12,"securitycraft:reinforced_spruce_fence_gate":3,"minecraft:wheat_seeds":80,"minecraft:iron_ingot":12,"minecraft:oak_planks":204,"minecraft:acacia_sapling":1,"jeg:tech_trash":9,"mcwfences:deepslate_grass_topped_wall":3,"mcwfences:railing_deepslate_wall":1,"minecraft:grass_block":1,"minecraft:spider_eye":5,"securitycraft:reinforced_cracked_stone_bricks":3,"minecraft:stone_axe":1,"mcwfences:deepslate_brick_pillar_wall":1,"minecraft:golden_apple":3,"minecraft:bread":21,"minecraft:emerald":42,"alexsmobs:banana_slug_slime":4,"minecraft:oak_sapling":9,"minecraft:coal":121,"minecraft:black_wool":4,"minecraft:stripped_dark_oak_log":1},"minecraft:killed_by":{"minecraft:cave_spider":5},"minecraft:broken":{"magistuarmory:rustedcrusader_chestplate":1,"minecraft:stone_axe":1},"minecraft:mined":{"minecraft:acacia_log":1,"minecraft:grass_block":1,"minecraft:decorated_pot":1,"minecraft:spawner":2,"minecraft:hay_block":13,"minecraft:iron_ore":1,"minecraft:andesite":4,"crittersandcompanions:silk_cocoon":3,"minecraft:stone":15,"minecraft:white_wool":15,"minecraft:green_bed":1,"minecraft:orange_bed":2,"minecraft:acacia_leaves":2,"jeg:scrap_ore":21,"minecraft:melon_stem":2,"minecraft:stripped_dark_oak_log":1,"minecraft:torch":2,"minecraft:tall_grass":2,"minecraft:wheat":16,"minecraft:sweet_berry_bush":1,"minecraft:grass":3,"minecraft:oak_log":32,"minecraft:coal_ore":40,"minecraft:beetroots":8,"minecraft:cobweb":16,"minecraft:oak_leaves":2},"minecraft:used":{"alexsmobs:emu_egg":1,"minecraft:stone_sword":98,"mcwfences:railing_deepslate_wall":29,"securitycraft:reinforced_mossy_stone_bricks":34,"minecraft:decorated_pot":1,"mcwfences:andesite_grass_topped_wall":2,"minecraft:orange_bed":2,"minecraft:torch":19,"securitycraft:reinforced_stone_brick_wall":21,"mcwfences:deepslate_grass_topped_wall":74,"mcwfences:deepslate_brick_pillar_wall":47,"securitycraft:secret_spruce_sign_item":1,"minecraft:grass_block":1,"mcwfences:stone_grass_topped_wall":8,"securitycraft:reinforced_lantern":7,"minecraft:bedrock":450,"minecraft:light_gray_wool":1,"minecraft:beef":2,"minecraft:beetroot_seeds":4,"securitycraft:reinforced_cracked_stone_bricks":224,"securitycraft:reinforced_stone_brick_stairs":97,"minecraft:red_dye":1,"minecraft:wheat_seeds":12,"minecraft:cooked_mutton":5,"securitycraft:reinforced_oak_planks":3,"securitycraft:reinforced_cobblestone":87,"minecraft:stone_pickaxe":81,"ribbits:ribbit_sorcerer_spawn_egg":1,"securitycraft:reinforced_stone_brick_slab":32,"minecraft:spruce_sign":1,"minecraft:glow_ink_sac":1,"minecraft:white_wool":12,"securitycraft:reinforced_glass_pane":37,"securitycraft:reinforced_stone_bricks":57,"minecraft:stripped_dark_oak_log":1,"minecraft:tnt":2,"mcwlights:redstone_lamp_slab":4,"minecraft:oak_slab":3,"minecraft:crafting_table":1,"securitycraft:reinforced_spruce_fence_gate":14,"mcwlights:double_street_lamp":4,"securitycraft:reinforced_stripped_spruce_log":39,"minecraft:redstone_torch":3,"jeg:scrap_block":3,"securitycraft:reinforced_chiseled_stone_bricks":8,"minecraft:bread":6,"minecraft:string":1,"minecraft:iron_pickaxe":5,"jeg:scrap_workbench":1,"minecraft:stone_axe":66,"securitycraft:reinforced_white_stained_glass":18,"minecraft:cobblestone":2,"securitycraft:reinforced_yellow_glazed_terracotta":5,"minecraft:cooked_porkchop":3,"mcwlights:classic_street_lamp":1,"minecraft:porkchop":4,"minecraft:andesite":8,"securitycraft:reinforced_oak_stairs":2,"securitycraft:reinforced_oak_log":57},"minecraft:custom":{"minecraft:mob_kills":50,"minecraft:interact_with_crafting_table":8,"minecraft:eat_cake_slice":4,"minecraft:leave_game":3,"minecraft:time_since_death":2543,"minecraft:climb_one_cm":2375,"minecraft:sprint_one_cm":443619,"minecraft:walk_one_cm":342692,"minecraft:drop":9,"minecraft:play_time":173705,"minecraft:deaths":17,"minecraft:sneak_time":3497,"minecraft:walk_under_water_one_cm":6950,"minecraft:jump":2808,"minecraft:walk_on_water_one_cm":35036,"minecraft:total_world_time":173705,"minecraft:interact_with_furnace":8,"minecraft:sleep_in_bed":3,"minecraft:time_since_rest":2577,"minecraft:damage_taken":2092,"minecraft:damage_dealt":5596,"minecraft:swim_one_cm":58027,"minecraft:fly_one_cm":1328330,"minecraft:open_chest":25,"minecraft:crouch_one_cm":4586,"minecraft:fall_one_cm":52829}},"DataVersion":3465}