{"stats":{"minecraft:killed":{"aquaculture:bluegill":9,"minecraft:spider":1,"minecraft:skeleton":1,"minecraft:creeper":1,"minecraft:sheep":2,"aquaculture:minnow":2,"minecraft:zombie":6,"aquaculture:synodontis":6,"alexsmobs:crow":1},"minecraft:used":{"magistuarmory:corruptedroundshield":2,"minecraft:stone_sword":27,"magistuarmory:rusted_heavymace":59,"minecraft:shield":4,"minecraft:cooked_salmon":2,"minecraft:rotten_flesh":2,"aquaculture:bluegill":9,"minecraft:torch":29,"minecraft:dirt":1,"aquaculture:synodontis":6,"aquaculture:rainbow_trout":1,"minecraft:iron_axe":10,"minecraft:iron_boots":1,"minecraft:furnace":6,"minecraft:cooked_cod":6,"minecraft:cooked_mutton":7,"minecraft:water_bucket":12,"minecraft:stone_pickaxe":56,"minecraft:wooden_pickaxe":22,"minecraft:golden_apple":1,"minecraft:crafting_table":11,"minecraft:white_bed":1,"minecraft:iron_pickaxe":172,"minecraft:stone_axe":38,"minecraft:fishing_rod":40,"minecraft:cobblestone":3,"minecraft:bucket":13,"aquaculture:perch":1,"minecraft:experience_bottle":1},"minecraft:custom":{"minecraft:mob_kills":29,"minecraft:interact_with_crafting_table":22,"minecraft:open_barrel":2,"minecraft:time_since_death":11149,"minecraft:climb_one_cm":1669,"minecraft:sprint_one_cm":177862,"minecraft:walk_one_cm":180723,"minecraft:damage_blocked_by_shield":255,"minecraft:drop":54,"minecraft:play_time":76189,"minecraft:deaths":2,"minecraft:sneak_time":409,"minecraft:walk_under_water_one_cm":15224,"minecraft:interact_with_brewingstand":1,"minecraft:jump":987,"minecraft:walk_on_water_one_cm":14151,"minecraft:total_world_time":76189,"minecraft:interact_with_furnace":34,"minecraft:time_since_rest":11203,"minecraft:damage_taken":1444,"minecraft:damage_absorbed":40,"minecraft:damage_dealt":2512,"minecraft:swim_one_cm":40888,"minecraft:fly_one_cm":179553,"minecraft:open_chest":7,"minecraft:crouch_one_cm":1831,"minecraft:fish_caught":20,"minecraft:fall_one_cm":30075},"minecraft:picked_up":{"minecraft:wooden_axe":1,"minecraft:crafting_table":11,"aquaculture:synodontis":6,"minecraft:iron_trapdoor":2,"minecraft:leather_leggings":1,"minecraft:stone_brick_wall":2,"minecraft:stone_brick_stairs":1,"minecraft:string":2,"minecraft:raw_copper":45,"minecraft:pufferfish":2,"minecraft:cobbled_deepslate":64,"aquaculture:bluegill":9,"minecraft:smooth_stone":1,"magistuarmory:silver_ranseur":1,"minecraft:furnace":6,"minecraft:raw_iron":62,"minecraft:stick":6,"minecraft:torch":1,"minecraft:acacia_log":2,"aquaculture:perch":1,"magistuarmory:rusted_heavymace":1,"minecraft:arrow":1,"minecraft:rotten_flesh":9,"minecraft:tropical_fish":1,"aquaculture:carp":3,"minecraft:mutton":10,"minecraft:cod":6,"minecraft:white_wool":4,"minecraft:cobblestone":24,"magistuarmory:rustedhalfarmor_chestplate":3,"minecraft:salmon":2,"minecraft:andesite":11,"create:raw_zinc":28,"minecraft:oak_log":10,"jeg:scrap":18,"minecraft:gunpowder":2,"aquaculture:rainbow_trout":1,"minecraft:dirt":1,"minecraft:paper":20,"minecraft:cooked_mutton":2,"minecraft:leather_boots":3,"minecraft:bone":2,"minecraft:wheat_seeds":2,"minecraft:raw_gold":2,"aquaculture:minnow":4,"epicsamurai:aquamarine":9,"jeg:tech_trash":2,"epicsamurai:raw_silver":10,"minecraft:acacia_sapling":4,"epicsamurai:onyx":5,"aquaculture:smallmouth_bass":1,"magistuarmory:rustedchainmail_chestplate":1,"minecraft:gravel":6,"magistuarmory:rustednorman_helmet":1,"minecraft:white_bed":1,"minecraft:diamond_block":1,"magistuarmory:rustedchainmail_leggings":2,"minecraft:spider_eye":1,"magistuarmory:corruptedroundshield":1,"minecraft:granite":11,"minecraft:bone_meal":1,"minecraft:bread":20,"minecraft:oak_sapling":9,"minecraft:light_gray_carpet":6,"minecraft:coal":190},"minecraft:killed_by":{"minecraft:zombie":1,"alexsmobs:tarantula_hawk":1},"minecraft:crafted":{"minecraft:oak_planks":36,"minecraft:fishing_rod":1,"minecraft:furnace":2,"minecraft:cooked_mutton":8,"minecraft:diamond":9,"minecraft:iron_boots":1,"minecraft:stone_pickaxe":1,"minecraft:cooked_cod":6,"minecraft:crafting_table":2,"minecraft:wooden_pickaxe":1,"minecraft:iron_helmet":1,"minecraft:cooked_salmon":2,"minecraft:bucket":1,"minecraft:stone_axe":1,"minecraft:air":0,"minecraft:shield":1,"minecraft:stick":44,"minecraft:iron_ingot":19,"minecraft:iron_pickaxe":1,"minecraft:stone_sword":1,"minecraft:white_bed":1,"minecraft:acacia_planks":8,"minecraft:torch":152,"create:zinc_ingot":2},"minecraft:dropped":{"aquaculture:carp":3,"minecraft:wheat_seeds":1,"aquaculture:smallmouth_bass":1,"minecraft:cobblestone":5,"aquaculture:minnow":4,"minecraft:granite":8,"magistuarmory:rustednorman_helmet":1,"minecraft:tropical_fish":1,"minecraft:pufferfish":2,"minecraft:iron_trapdoor":2,"minecraft:wooden_axe":1,"minecraft:bone_meal":1,"magistuarmory:corruptedroundshield":1,"minecraft:smooth_stone":1,"minecraft:white_wool":1,"minecraft:acacia_planks":1,"create:raw_zinc":18,"minecraft:bone":2,"magistuarmory:rustedchainmail_leggings":1,"minecraft:gravel":6,"minecraft:stone_axe":1,"minecraft:stone_sword":1,"minecraft:cobbled_deepslate":56,"minecraft:wheat":4,"minecraft:rotten_flesh":7,"magistuarmory:rustedhalfarmor_chestplate":3,"minecraft:oak_planks":1,"minecraft:gunpowder":2,"create:zinc_ingot":2,"minecraft:andesite":11,"minecraft:stone_brick_wall":2,"minecraft:leather_boots":3,"minecraft:oak_sapling":8,"minecraft:acacia_sapling":4,"minecraft:leather_leggings":1,"magistuarmory:rustedchainmail_chestplate":1,"minecraft:spider_eye":1,"minecraft:stone_pickaxe":1,"minecraft:wooden_pickaxe":1,"minecraft:stone_brick_stairs":1},"minecraft:broken":{"magistuarmory:rustedchainmail_leggings":1},"minecraft:mined":{"create:zinc_ore":11,"minecraft:white_bed":1,"minecraft:granite":7,"minecraft:acacia_log":2,"minecraft:grass_block":1,"epicsamurai:silver_ore":10,"minecraft:spawner":3,"minecraft:smooth_stone":1,"epicsamurai:onyx_ore":5,"minecraft:furnace":6,"minecraft:iron_ore":63,"minecraft:andesite":11,"minecraft:stripped_spruce_log":2,"minecraft:diamond_block":1,"minecraft:stone":24,"minecraft:light_gray_carpet":6,"minecraft:acacia_leaves":5,"jeg:scrap_ore":9,"minecraft:crafting_table":11,"minecraft:copper_ore":12,"minecraft:tall_grass":1,"minecraft:cobblestone":1,"minecraft:deepslate_coal_ore":1,"epicsamurai:aquamarine_ore":9,"minecraft:grass":1,"minecraft:oak_log":11,"minecraft:coal_ore":73,"minecraft:gold_ore":2,"minecraft:oak_leaves":22}},"DataVersion":3465}