{"stats":{"minecraft:broken":{"minecraft:iron_helmet":1,"magistuarmory:rustedchainmail_leggings":1},"minecraft:custom":{"minecraft:mob_kills":62,"minecraft:interact_with_crafting_table":24,"minecraft:open_barrel":2,"minecraft:leave_game":3,"minecraft:time_since_death":15303,"minecraft:climb_one_cm":1669,"minecraft:sprint_one_cm":547339,"minecraft:walk_one_cm":505507,"minecraft:damage_blocked_by_shield":255,"minecraft:drop":81,"minecraft:play_time":180422,"minecraft:deaths":10,"minecraft:sneak_time":2540,"minecraft:walk_under_water_one_cm":23504,"minecraft:interact_with_brewingstand":1,"minecraft:jump":2249,"minecraft:walk_on_water_one_cm":37985,"minecraft:total_world_time":180422,"minecraft:interact_with_furnace":41,"minecraft:sleep_in_bed":1,"minecraft:time_since_rest":15357,"minecraft:damage_taken":5361,"minecraft:damage_absorbed":40,"minecraft:damage_dealt":4031,"minecraft:swim_one_cm":76211,"minecraft:fly_one_cm":371943,"minecraft:open_chest":38,"minecraft:crouch_one_cm":10114,"minecraft:fish_caught":20,"minecraft:fall_one_cm":54774},"minecraft:used":{"magistuarmory:corruptedroundshield":2,"magistuarmory:rusted_heavymace":59,"minecraft:stone_sword":27,"magistuarmory:silver_ranseur":34,"minecraft:shield":4,"minecraft:cooked_salmon":2,"minecraft:rotten_flesh":2,"aquaculture:bluegill":9,"minecraft:torch":153,"minecraft:dirt":1,"aquaculture:synodontis":6,"jeg:grenade":1,"minecraft:obsidian":8,"aquaculture:rainbow_trout":1,"minecraft:lava_bucket":16,"minecraft:iron_axe":23,"minecraft:iron_boots":1,"minecraft:cooked_cod":6,"minecraft:furnace":6,"minecraft:cobbled_deepslate":92,"minecraft:cooked_mutton":10,"minecraft:water_bucket":18,"minecraft:stone_pickaxe":56,"minecraft:wooden_pickaxe":22,"minecraft:golden_apple":1,"minecraft:crafting_table":12,"minecraft:white_bed":4,"minecraft:diamond_pickaxe":319,"minecraft:bread":32,"minecraft:iron_pickaxe":240,"minecraft:stone_axe":38,"minecraft:fishing_rod":40,"minecraft:cobblestone":5,"minecraft:bucket":34,"aquaculture:perch":1,"minecraft:experience_bottle":1},"minecraft:picked_up":{"minecraft:wooden_axe":1,"minecraft:chiseled_deepslate":2,"minecraft:crafting_table":11,"aquaculture:synodontis":6,"minecraft:iron_trapdoor":2,"minecraft:leather_leggings":1,"minecraft:stone_brick_wall":2,"minecraft:stone_brick_stairs":1,"minecraft:string":4,"minecraft:raw_copper":45,"minecraft:iron_leggings":1,"epicsamurai:jade":17,"minecraft:pufferfish":2,"minecraft:smooth_stone":1,"aquaculture:bluegill":9,"minecraft:cobbled_deepslate":243,"immersive_melodies:trumpet":1,"magistuarmory:silver_ranseur":1,"minecraft:furnace":6,"minecraft:stick":6,"minecraft:raw_iron":62,"minecraft:polished_deepslate_slab":1,"minecraft:polished_deepslate_stairs":1,"minecraft:torch":7,"minecraft:acacia_log":2,"aquaculture:perch":1,"magistuarmory:rusted_heavymace":1,"minecraft:arrow":25,"minecraft:rotten_flesh":20,"minecraft:tropical_fish":1,"create:scoria":1,"aquaculture:carp":3,"minecraft:obsidian":17,"minecraft:mutton":10,"minecraft:iron_bars":4,"minecraft:cod":6,"minecraft:white_wool":4,"minecraft:cobblestone":26,"minecraft:leather_chestplate":1,"magistuarmory:rustedhalfarmor_chestplate":4,"minecraft:andesite":11,"minecraft:salmon":2,"minecraft:tuff":1,"create:raw_zinc":29,"minecraft:oak_log":10,"jeg:scrap":80,"minecraft:gunpowder":3,"aquaculture:rainbow_trout":1,"minecraft:dirt":1,"minecraft:paper":20,"jeg:grenade":1,"minecraft:leather_boots":3,"minecraft:cooked_mutton":2,"minecraft:bone":24,"minecraft:gray_carpet":3,"minecraft:wheat_seeds":2,"minecraft:raw_gold":6,"aquaculture:minnow":4,"epicsamurai:aquamarine":9,"epicsamurai:raw_silver":40,"minecraft:acacia_sapling":4,"jeg:tech_trash":11,"epicsamurai:onyx":5,"rustic_engineer:raw_solarite_ore":28,"aquaculture:smallmouth_bass":1,"magistuarmory:rustedchainmail_chestplate":1,"minecraft:red_wool":1,"minecraft:gravel":6,"magistuarmory:rustednorman_helmet":1,"minecraft:white_bed":4,"magistuarmory:rustedchainmail_leggings":3,"minecraft:diamond_block":1,"minecraft:spider_eye":1,"rats:nether_cheese":1,"minecraft:diamond":6,"magistuarmory:rusted_bastardsword":2,"magistuarmory:corruptedroundshield":1,"minecraft:granite":11,"minecraft:bone_meal":1,"minecraft:bread":34,"minecraft:oak_sapling":9,"epicsamurai:ruby":1,"minecraft:light_gray_carpet":12,"minecraft:coal":190,"minecraft:diamond_pickaxe":1},"minecraft:killed_by":{"minecraft:player":5,"minecraft:creeper":2,"minecraft:zombie":1,"alexsmobs:tarantula_hawk":1},"minecraft:dropped":{"aquaculture:carp":3,"minecraft:wheat_seeds":2,"epicsamurai:raw_silver":20,"minecraft:oak_log":1,"minecraft:crafting_table":1,"aquaculture:smallmouth_bass":1,"minecraft:cobblestone":5,"aquaculture:minnow":4,"minecraft:granite":11,"magistuarmory:rustednorman_helmet":1,"minecraft:tropical_fish":1,"minecraft:pufferfish":2,"minecraft:iron_trapdoor":2,"minecraft:torch":6,"minecraft:wooden_axe":1,"magistuarmory:rusted_bastardsword":2,"minecraft:bone_meal":1,"minecraft:wither_rose":1,"minecraft:iron_pickaxe":1,"magistuarmory:corruptedroundshield":1,"minecraft:smooth_stone":1,"minecraft:string":1,"minecraft:fishing_rod":1,"minecraft:white_wool":1,"minecraft:gray_carpet":2,"minecraft:acacia_planks":1,"create:raw_zinc":19,"minecraft:bone":21,"magistuarmory:rustedchainmail_leggings":1,"minecraft:gravel":6,"minecraft:furnace":2,"minecraft:stone_axe":1,"minecraft:stone_sword":1,"minecraft:cobbled_deepslate":68,"minecraft:wheat":4,"magistuarmory:rustedhalfarmor_chestplate":3,"minecraft:rotten_flesh":18,"minecraft:oak_planks":1,"minecraft:light_gray_carpet":6,"minecraft:white_bed":1,"minecraft:gunpowder":3,"create:scoria":1,"create:zinc_ingot":2,"minecraft:andesite":11,"minecraft:stone_brick_wall":2,"minecraft:leather_boots":3,"minecraft:acacia_sapling":4,"minecraft:oak_sapling":8,"minecraft:leather_leggings":1,"magistuarmory:rustedchainmail_chestplate":1,"minecraft:spider_eye":1,"minecraft:slime_ball":1,"minecraft:iron_bars":3,"minecraft:stone_pickaxe":1,"minecraft:wooden_pickaxe":1,"minecraft:stone_brick_stairs":1},"minecraft:crafted":{"minecraft:oak_planks":36,"minecraft:fishing_rod":1,"minecraft:furnace":2,"minecraft:cooked_mutton":8,"minecraft:diamond":9,"minecraft:iron_boots":1,"minecraft:stone_pickaxe":1,"minecraft:cooked_cod":6,"minecraft:crafting_table":2,"minecraft:enchanting_table":1,"minecraft:wooden_pickaxe":1,"minecraft:iron_helmet":1,"minecraft:cooked_salmon":2,"minecraft:bucket":1,"minecraft:stone_axe":1,"minecraft:air":0,"minecraft:shield":1,"minecraft:stick":44,"minecraft:iron_ingot":19,"minecraft:iron_pickaxe":1,"minecraft:stone_sword":1,"minecraft:white_bed":1,"minecraft:acacia_planks":8,"minecraft:torch":152,"create:zinc_ingot":2},"minecraft:mined":{"create:zinc_ore":11,"create:deepslate_zinc_ore":1,"minecraft:tuff":15,"minecraft:white_bed":4,"minecraft:deepslate_diamond_ore":6,"minecraft:obsidian":17,"minecraft:granite":7,"minecraft:acacia_log":2,"epicsamurai:silver_ore":10,"minecraft:grass_block":1,"minecraft:moss_block":1,"minecraft:spawner":12,"minecraft:smooth_stone":1,"epicsamurai:onyx_ore":5,"epicsamurai:deepslate_jade_ore":17,"minecraft:magma_block":1,"minecraft:furnace":6,"rustic_engineer:solarite_ore_deep_slate":27,"minecraft:iron_ore":63,"minecraft:cobbled_deepslate":2,"minecraft:andesite":11,"minecraft:diamond_block":1,"minecraft:stripped_spruce_log":2,"minecraft:chiseled_deepslate":9,"minecraft:deepslate_lapis_ore":1,"minecraft:polished_deepslate":2,"minecraft:deepslate_iron_ore":1,"minecraft:polished_deepslate_slab":2,"epicsamurai:deepslate_silver_ore":9,"minecraft:iron_bars":6,"minecraft:stone":26,"minecraft:light_gray_carpet":6,"minecraft:deepslate_redstone_ore":3,"minecraft:acacia_leaves":5,"jeg:scrap_ore":10,"minecraft:red_wool":1,"minecraft:blackstone":1,"minecraft:polished_deepslate_stairs":4,"minecraft:torch":4,"minecraft:crafting_table":11,"minecraft:calcite":1,"create:scoria":2,"minecraft:nether_quartz_ore":15,"minecraft:copper_ore":12,"minecraft:tall_grass":1,"minecraft:deepslate_coal_ore":1,"minecraft:cobblestone":1,"minecraft:deepslate_gold_ore":4,"minecraft:diorite":1,"jeg:deepslate_scrap_ore":34,"epicsamurai:aquamarine_ore":9,"minecraft:grass":1,"minecraft:coal_ore":73,"minecraft:oak_log":15,"minecraft:gravel":12,"minecraft:cobweb":3,"minecraft:smooth_basalt":4,"minecraft:netherrack":2,"minecraft:gold_ore":2,"minecraft:oak_leaves":27,"minecraft:deepslate":184},"minecraft:killed":{"aquaculture:bluegill":9,"minecraft:spider":2,"minecraft:skeleton":21,"alexsmobs:centipede_head":1,"minecraft:bat":1,"epicsamurai:akaname":1,"minecraft:creeper":3,"minecraft:sheep":2,"aquaculture:minnow":2,"minecraft:zombie":11,"aquaculture:synodontis":6,"alexsmobs:crow":1}},"DataVersion":3465}