{"stats":{"minecraft:dropped":{"minecraft:clay":3,"minecraft:wheat_seeds":1,"minecraft:cobblestone":3,"minecraft:dark_oak_log":19,"minecraft:smooth_stone":3,"minecraft:stone_axe":1,"minecraft:rotten_flesh":1,"minecraft:stone_slab":1,"minecraft:oak_sapling":1,"minecraft:wooden_pickaxe":1},"minecraft:killed":{"minecraft:spider":4,"minecraft:chicken":1,"minecraft:pig":5,"minecraft:creeper":3,"minecraft:zombie":7},"minecraft:crafted":{"minecraft:oak_planks":56,"minecraft:furnace":3,"minecraft:cooked_mutton":1,"minecraft:iron_boots":1,"minecraft:stone_pickaxe":1,"minecraft:chest":4,"minecraft:wheat":108,"minecraft:cooked_porkchop":11,"minecraft:crafting_table":2,"minecraft:spruce_planks":4,"minecraft:iron_helmet":1,"minecraft:wooden_pickaxe":1,"minecraft:iron_sword":1,"minecraft:stone_axe":1,"minecraft:air":0,"minecraft:bread":36,"minecraft:iron_chestplate":1,"minecraft:shield":1,"minecraft:stick":12,"minecraft:iron_ingot":49,"minecraft:iron_pickaxe":2,"minecraft:wooden_axe":1,"minecraft:iron_leggings":1,"minecraft:torch":32},"minecraft:picked_up":{"minecraft:crafting_table":4,"securitycraft:reinforced_lantern":2,"minecraft:lead":2,"minecraft:stone_slab":1,"minecraft:wooden_pickaxe":1,"minecraft:shield":1,"minecraft:string":6,"minecraft:smooth_stone":3,"minecraft:cobbled_deepslate":24,"minecraft:observer":1,"minecraft:iron_nugget":2,"minecraft:iron_pickaxe":1,"minecraft:chest":2,"minecraft:birch_sapling":2,"minecraft:furnace":2,"minecraft:dark_oak_sapling":5,"minecraft:stick":21,"minecraft:raw_iron":58,"minecraft:green_bed":1,"minecraft:torch":9,"minecraft:acacia_log":1,"minecraft:porkchop":11,"minecraft:redstone":181,"magistuarmory:rustedcrusader_chestplate":1,"minecraft:rotten_flesh":4,"magistuarmory:dragon_decoration":1,"crittersandcompanions:silk":8,"minecraft:hay_block":12,"minecraft:mutton":1,"minecraft:cobblestone":77,"minecraft:white_wool":2,"minecraft:birch_log":14,"minecraft:andesite":6,"create:raw_zinc":38,"minecraft:oak_log":62,"jeg:scrap":83,"minecraft:gunpowder":4,"minecraft:lapis_lazuli":110,"minecraft:dirt":1,"jeg:grenade":2,"minecraft:name_tag":1,"minecraft:apple":1,"minecraft:wheat_seeds":1,"minecraft:raw_gold":40,"minecraft:iron_ingot":15,"minecraft:stone_pickaxe":1,"epicsamurai:raw_silver":4,"minecraft:oak_planks":18,"minecraft:acacia_sapling":1,"jeg:tech_trash":16,"epicsamurai:onyx":2,"mcwfences:deepslate_grass_topped_wall":2,"minecraft:cooked_porkchop":2,"minecraft:gravel":1,"magistuarmory:rustednorman_helmet":1,"minecraft:spruce_sapling":6,"minecraft:spruce_log":34,"minecraft:spider_eye":3,"minecraft:dark_oak_log":38,"minecraft:diamond":4,"mcwfences:deepslate_brick_pillar_wall":1,"epicsamurai:ruby":15,"minecraft:oak_sapling":13,"minecraft:coal":97},"minecraft:killed_by":{"minecraft:spider":1,"alexsmobs:murmur_head":1},"minecraft:broken":{"minecraft:wooden_axe":1},"minecraft:mined":{"create:zinc_ore":7,"create:deepslate_zinc_ore":16,"epicsamurai:deepslate_onyx_ore":2,"minecraft:deepslate_diamond_ore":4,"minecraft:dark_oak_log":20,"epicsamurai:deepslate_ruby_ore":5,"epicsamurai:silver_ore":3,"minecraft:hay_block":12,"minecraft:redstone_ore":2,"minecraft:furnace":2,"minecraft:iron_ore":36,"minecraft:andesite":3,"minecraft:deepslate_lapis_ore":12,"minecraft:deepslate_iron_ore":23,"minecraft:vine":1,"epicsamurai:deepslate_silver_ore":1,"minecraft:stone":41,"minecraft:deepslate_redstone_ore":23,"jeg:scrap_ore":23,"minecraft:observer":1,"minecraft:crafting_table":4,"minecraft:chest":2,"minecraft:dead_bush":1,"minecraft:stone_slab":1,"minecraft:tall_grass":1,"minecraft:deepslate_gold_ore":34,"jeg:deepslate_scrap_ore":6,"minecraft:birch_log":7,"minecraft:spruce_log":17,"minecraft:grass":8,"minecraft:coal_ore":75,"minecraft:oak_log":37,"minecraft:gold_ore":1,"epicsamurai:ruby_ore":5,"minecraft:oak_leaves":4,"minecraft:deepslate":22,"minecraft:fern":1},"minecraft:used":{"mcwlights:wall_lantern":4,"mutantsbuff:mutant_charged_creeper_spawn_egg":1,"securitycraft:reinforced_cobblestone_stairs":10,"mcwfences:railing_deepslate_wall":12,"securitycraft:reinforced_mossy_stone_bricks":20,"minecraft:chest":6,"minecraft:shield":21,"minecraft:iron_sword":38,"minecraft:zombie_spawn_egg":1,"mcwfences:andesite_grass_topped_wall":9,"mcwlights:iron_chandelier":1,"minecraft:rotten_flesh":3,"minecraft:torch":26,"securitycraft:reinforced_stone_brick_wall":50,"securitycraft:reinforced_deepslate_bricks":20,"mcwfences:deepslate_grass_topped_wall":26,"mcwfences:deepslate_brick_pillar_wall":2,"jeg:grenade":2,"mcwlights:reinforced_torch":1,"securitycraft:secret_spruce_sign_item":2,"mcwlights:upgraded_torch":1,"minecraft:wooden_axe":66,"securitycraft:reinforced_mossy_stone_brick_stairs":8,"mcwlights:cherry_tiki_torch":1,"minecraft:grass_block":98,"mcwlights:cross_wall_lantern":2,"minecraft:lime_dye":3,"mcwfences:stone_grass_topped_wall":2,"mcwlights:festive_wall_lantern":4,"mcwfences:iron_cheval_de_frise":4,"mcwlights:bell_wall_lantern":1,"minecraft:bow":10,"minecraft:furnace":5,"minecraft:oak_sapling":7,"mcwlights:rustic_torch":1,"securitycraft:reinforced_cracked_stone_bricks":63,"securitycraft:reinforced_stone_brick_stairs":21,"minecraft:red_dye":4,"securitycraft:reinforced_stripped_oak_wood":1,"minecraft:dark_oak_sapling":2,"minecraft:cooked_mutton":1,"securitycraft:reinforced_cobblestone":13,"securitycraft:reinforced_spruce_planks":21,"minecraft:stone_pickaxe":115,"mcwfences:blackstone_railing_gate":1,"minecraft:wooden_pickaxe":3,"minecraft:spruce_sign":13,"minecraft:glow_ink_sac":9,"minecraft:green_bed":1,"securitycraft:reinforced_glass_pane":19,"minecraft:blue_dye":1,"securitycraft:reinforced_stone_bricks":14,"mcwlights:redstone_lamp_slab":5,"mcwlights:chain_wall_lantern":2,"minecraft:crafting_table":6,"securitycraft:reinforced_spruce_fence_gate":22,"mcwlights:framed_torch":1,"securitycraft:reinforced_stripped_spruce_log":56,"minecraft:apple":1,"mcwfences:mangrove_hedge":1,"securitycraft:reinforced_chiseled_stone_bricks":17,"minecraft:bread":10,"minecraft:iron_pickaxe":238,"minecraft:gravel":1,"minecraft:spruce_sapling":2,"mcwfences:quartz_pillar_wall":1,"minecraft:stone_axe":36,"minecraft:cobblestone":12,"minecraft:cooked_porkchop":7,"mcwlights:classic_street_lamp":27,"alexsmobs:animal_dictionary":1,"mcwlights:iron_framed_torch":1,"securitycraft:reinforced_oak_log":31},"minecraft:custom":{"minecraft:mob_kills":20,"minecraft:interact_with_crafting_table":25,"minecraft:leave_game":5,"minecraft:time_since_death":1023,"minecraft:climb_one_cm":3226,"minecraft:sprint_one_cm":364351,"minecraft:walk_one_cm":699256,"minecraft:damage_blocked_by_shield":1037,"minecraft:drop":10,"minecraft:talked_to_villager":1,"minecraft:play_time":216710,"minecraft:deaths":4,"minecraft:sneak_time":1521,"minecraft:walk_under_water_one_cm":2470,"minecraft:jump":1814,"minecraft:walk_on_water_one_cm":5947,"minecraft:total_world_time":216710,"minecraft:interact_with_furnace":45,"minecraft:sleep_in_bed":2,"minecraft:time_since_rest":1071,"minecraft:damage_taken":1433,"minecraft:damage_dealt":2434,"minecraft:swim_one_cm":29620,"minecraft:fly_one_cm":543003,"minecraft:open_chest":31,"minecraft:crouch_one_cm":3860,"minecraft:fall_one_cm":28666}},"DataVersion":3465}