{"stats":{"minecraft:dropped":{"minecraft:clay":3,"minecraft:crafting_table":1,"minecraft:dirt":3,"minecraft:dark_oak_log":19,"minecraft:gold_ingot":3,"minecraft:stone_axe":1,"minecraft:blackstone":1,"minecraft:cobbled_deepslate":6,"minecraft:rotten_flesh":1,"minecraft:oak_planks":6,"minecraft:azalea":1,"minecraft:iron_bars":1,"minecraft:iron_ingot":6,"minecraft:wheat_seeds":1,"epicsamurai:raw_silver":5,"minecraft:cobblestone":3,"minecraft:acacia_log":1,"minecraft:stick":2,"minecraft:iron_leggings":2,"minecraft:smooth_stone":3,"minecraft:string":4,"minecraft:polished_deepslate_slab":3,"minecraft:stripped_oak_log":2,"minecraft:stone_slab":1,"minecraft:oak_sapling":16,"minecraft:spider_eye":1,"minecraft:wooden_pickaxe":1},"minecraft:killed":{"minecraft:spider":4,"minecraft:chicken":1,"minecraft:pig":5,"minecraft:creeper":3,"minecraft:zombie":7,"alexsmobs:seagull":1,"aquaculture:jellyfish":1},"minecraft:crafted":{"minecraft:oak_planks":100,"create:mechanical_harvester":2,"minecraft:stone":17,"securitycraft:keypad_item":1,"create:mechanical_bearing":1,"minecraft:heavy_weighted_pressure_plate":1,"minecraft:cooked_mutton":1,"create:vertical_gearbox":3,"create:radial_chassis":3,"securitycraft:laser_block":1,"minecraft:glass":21,"minecraft:iron_boots":1,"create:mechanical_press":1,"minecraft:chest":5,"minecraft:stone_hoe":1,"create:cogwheel":17,"minecraft:oak_slab":6,"minecraft:cooked_porkchop":11,"minecraft:crafting_table":5,"minecraft:spruce_planks":52,"securitycraft:reinforced_stone_button":8,"minecraft:wooden_pickaxe":1,"minecraft:iron_helmet":1,"minecraft:birch_planks":16,"create:gearbox":4,"minecraft:iron_chestplate":1,"create:water_wheel":1,"minecraft:emerald_block":3,"minecraft:shield":2,"minecraft:stick":24,"minecraft:iron_ingot":134,"minecraft:iron_pickaxe":3,"minecraft:iron_block":1,"minecraft:gold_ingot":232,"minecraft:shears":1,"securitycraft:universal_block_reinforcer_lvl1":1,"create:wrench":1,"minecraft:iron_nugget":63,"minecraft:furnace":6,"minecraft:stone_button":9,"minecraft:glass_pane":16,"securitycraft:universal_block_remover":1,"minecraft:slime_ball":1,"minecraft:stone_pickaxe":1,"minecraft:redstone_block":1,"minecraft:wheat":108,"create:andesite_alloy":31,"create:hand_crank":1,"minecraft:iron_sword":1,"create:large_water_wheel":1,"minecraft:bucket":1,"minecraft:stone_axe":2,"minecraft:bread":36,"minecraft:air":0,"minecraft:oak_boat":2,"minecraft:raw_gold":180,"minecraft:wooden_axe":1,"minecraft:iron_leggings":1,"create:shaft":32,"minecraft:torch":80},"minecraft:picked_up":{"minecraft:iron_chestplate":1,"minecraft:wheat":11,"minecraft:exposed_copper":9,"minecraft:flower_pot":1,"securitycraft:reinforced_lantern":2,"minecraft:lead":2,"minecraft:stone_slab":1,"minecraft:enchanted_book":1,"minecraft:string":10,"minecraft:iron_leggings":3,"minecraft:smooth_stone":6,"minecraft:cobbled_deepslate":50,"minecraft:spruce_planks":36,"minecraft:azalea":1,"minecraft:iron_pickaxe":2,"minecraft:furnace":3,"minecraft:iron_boots":1,"minecraft:stick":33,"minecraft:spruce_stairs":1,"minecraft:green_bed":2,"minecraft:torch":20,"minecraft:acacia_log":2,"create:andesite_casing":9,"minecraft:porkchop":11,"magistuarmory:rustedcrusader_chestplate":2,"magistuarmory:dragon_decoration":1,"minecraft:rotten_flesh":4,"alexsmobs:emu_egg":1,"minecraft:iron_bars":1,"minecraft:cobblestone":143,"minecraft:birch_log":21,"minecraft:feather":2,"minecraft:andesite":84,"minecraft:black_bed":1,"minecraft:flint":1,"create:raw_zinc":57,"jeg:scrap":98,"minecraft:lapis_lazuli":153,"minecraft:dirt":187,"minecraft:name_tag":1,"minecraft:bow":1,"minecraft:wheat_seeds":38,"minecraft:raw_gold":87,"create:shaft":9,"minecraft:moss_block":1,"minecraft:oak_planks":19,"epicsamurai:raw_silver":13,"aquaculture:jellyfish":1,"create:radial_chassis":1,"minecraft:cooked_porkchop":2,"mcwfences:deepslate_grass_topped_wall":2,"minecraft:sand":42,"minecraft:ink_sac":1,"securitycraft:reinforced_stone":8,"minecraft:dark_oak_log":38,"minecraft:diamond":14,"mcwfences:deepslate_brick_pillar_wall":1,"minecraft:bread":24,"minecraft:oak_sapling":28,"epicsamurai:ruby":27,"minecraft:crafting_table":5,"minecraft:wooden_pickaxe":1,"minecraft:gold_block":23,"minecraft:shield":2,"create:mechanical_harvester":1,"minecraft:iron_shovel":1,"minecraft:blackstone":1,"minecraft:observer":1,"minecraft:iron_nugget":2,"minecraft:spruce_slab":1,"minecraft:chest":2,"minecraft:birch_sapling":2,"minecraft:spruce_trapdoor":3,"minecraft:dark_oak_sapling":5,"minecraft:raw_iron":171,"minecraft:polished_deepslate_slab":3,"minecraft:raw_gold_block":20,"create:golden_sheet":3,"minecraft:spruce_fence":2,"minecraft:redstone":224,"create:vertical_gearbox":3,"minecraft:tnt":3,"minecraft:arrow":21,"crittersandcompanions:silk":8,"minecraft:hay_block":12,"minecraft:mutton":1,"minecraft:white_wool":2,"minecraft:stripped_oak_log":3,"create:iron_sheet":6,"minecraft:crimson_fungus":1,"minecraft:oak_log":119,"minecraft:gunpowder":8,"jeg:grenade":2,"minecraft:apple":3,"minecraft:iron_ingot":16,"minecraft:stone_pickaxe":2,"epicsamurai:aquamarine":8,"minecraft:gray_bed":1,"jeg:tech_trash":18,"minecraft:acacia_sapling":2,"minecraft:iron_sword":1,"minecraft:dark_oak_stairs":2,"epicsamurai:onyx":4,"create:large_water_wheel":2,"minecraft:dark_oak_slab":3,"minecraft:emerald_block":5,"minecraft:gravel":10,"magistuarmory:rustednorman_helmet":1,"minecraft:red_banner":2,"minecraft:spruce_sapling":6,"minecraft:blast_furnace":1,"minecraft:spruce_log":50,"minecraft:spider_eye":4,"create:gearbox":4,"minecraft:iron_helmet":1,"minecraft:damaged_anvil":1,"minecraft:coal":203},"minecraft:killed_by":{"alexsmobs:murmur_head":1,"minecraft:spider":1},"minecraft:broken":{"minecraft:wooden_axe":1,"minecraft:iron_pickaxe":1},"minecraft:mined":{"create:deepslate_zinc_ore":27,"minecraft:spruce_planks":36,"minecraft:farmland":2,"create:andesite_casing":9,"minecraft:potted_crimson_fungus":1,"minecraft:spruce_trapdoor":4,"minecraft:acacia_log":3,"epicsamurai:silver_ore":8,"minecraft:grass_block":115,"minecraft:deepslate_bricks":1,"minecraft:spawner":8,"minecraft:iron_ore":101,"minecraft:deepslate_lapis_ore":12,"minecraft:dark_oak_stairs":2,"minecraft:brown_bed":1,"minecraft:polished_deepslate_slab":6,"minecraft:iron_bars":6,"epicsamurai:deepslate_silver_ore":1,"minecraft:spruce_slab":1,"minecraft:green_bed":1,"minecraft:deepslate_redstone_ore":23,"create:radial_chassis":1,"minecraft:blackstone":1,"minecraft:exposed_copper":9,"minecraft:polished_deepslate_stairs":6,"minecraft:torch":3,"minecraft:blast_furnace":1,"minecraft:chest":2,"minecraft:dead_bush":2,"minecraft:oak_planks":1,"minecraft:damaged_anvil":1,"minecraft:wall_torch":1,"create:large_water_wheel":2,"minecraft:dark_oak_slab":3,"minecraft:wheat":5,"minecraft:birch_log":7,"epicsamurai:aquamarine_ore":2,"minecraft:tnt":3,"minecraft:black_bed":1,"minecraft:grass":40,"minecraft:oak_log":74,"minecraft:sand":45,"minecraft:dirt":71,"minecraft:oak_leaves":8,"minecraft:deepslate":28,"minecraft:emerald_block":5,"create:zinc_ore":7,"minecraft:deepslate_tiles":2,"epicsamurai:deepslate_onyx_ore":2,"minecraft:deepslate_diamond_ore":10,"minecraft:dark_oak_log":20,"epicsamurai:deepslate_ruby_ore":12,"minecraft:weathered_copper":1,"minecraft:spruce_fence":2,"minecraft:moss_block":1,"minecraft:hay_block":12,"minecraft:redstone_ore":2,"create:shaft":9,"minecraft:furnace":3,"minecraft:raw_gold_block":20,"minecraft:andesite":79,"minecraft:chiseled_deepslate":1,"minecraft:gold_block":23,"minecraft:deepslate_iron_ore":36,"minecraft:vine":1,"minecraft:stripped_oak_log":6,"minecraft:stone":104,"minecraft:acacia_leaves":5,"jeg:scrap_ore":23,"minecraft:observer":1,"epicsamurai:deepslate_aquamarine_ore":6,"minecraft:crafting_table":5,"minecraft:stone_slab":1,"minecraft:tall_grass":9,"minecraft:lapis_ore":1,"minecraft:deepslate_gold_ore":51,"minecraft:spruce_stairs":2,"jeg:deepslate_scrap_ore":6,"create:mechanical_harvester":1,"create:gearbox":7,"minecraft:gray_bed":1,"minecraft:spruce_log":17,"minecraft:red_wall_banner":2,"minecraft:coal_ore":126,"minecraft:gravel":9,"minecraft:cobweb":1,"minecraft:gold_ore":1,"epicsamurai:ruby_ore":5,"minecraft:fern":1},"minecraft:used":{"alexsmobs:emu_egg":1,"mcwlights:wall_lantern":4,"mutantsbuff:mutant_charged_creeper_spawn_egg":1,"securitycraft:reinforced_cobblestone_stairs":10,"minecraft:iron_shovel":241,"mcwfences:railing_deepslate_wall":12,"minecraft:chest":7,"minecraft:shield":21,"minecraft:stone":8,"minecraft:iron_sword":41,"minecraft:zombie_spawn_egg":1,"mcwfences:andesite_grass_topped_wall":9,"minecraft:rotten_flesh":3,"create:mechanical_bearing":1,"securitycraft:reinforced_stone_brick_wall":50,"securitycraft:reinforced_deepslate_bricks":20,"securitycraft:keypad_item":1,"mcwfences:deepslate_grass_topped_wall":26,"mcwfences:deepslate_brick_pillar_wall":2,"jeg:grenade":2,"securitycraft:secret_spruce_sign_item":2,"mcwlights:cherry_tiki_torch":1,"minecraft:grass_block":98,"mcwlights:festive_wall_lantern":4,"minecraft:bow":10,"create:shaft":18,"minecraft:furnace":8,"minecraft:oak_sapling":7,"securitycraft:reinforced_stripped_oak_wood":1,"minecraft:dark_oak_sapling":2,"minecraft:damaged_anvil":1,"securitycraft:reinforced_spruce_planks":21,"minecraft:stone_pickaxe":115,"minecraft:wooden_pickaxe":3,"securitycraft:reinforced_glass_pane":19,"minecraft:blue_dye":1,"minecraft:blast_furnace":1,"securitycraft:reinforced_spruce_fence_gate":22,"minecraft:crossbow":2,"securitycraft:universal_block_remover":8,"minecraft:black_bed":1,"securitycraft:reinforced_stripped_spruce_log":56,"mcwfences:mangrove_hedge":1,"securitycraft:reinforced_chiseled_stone_bricks":17,"minecraft:bread":17,"create:andesite_casing":1,"minecraft:gravel":10,"minecraft:oak_boat":2,"create:vertical_gearbox":6,"securitycraft:reinforced_oak_log":31,"minecraft:spruce_planks":49,"securitycraft:reinforced_mossy_stone_bricks":20,"mcwlights:iron_chandelier":1,"minecraft:stone_hoe":112,"minecraft:torch":77,"minecraft:dirt":149,"mcwlights:reinforced_torch":1,"mcwlights:upgraded_torch":1,"minecraft:wooden_axe":66,"securitycraft:reinforced_mossy_stone_brick_stairs":8,"create:wrench":9,"create:gearbox":5,"mcwlights:cross_wall_lantern":2,"minecraft:iron_boots":1,"minecraft:lime_dye":3,"mcwfences:stone_grass_topped_wall":2,"mcwfences:iron_cheval_de_frise":4,"mcwlights:bell_wall_lantern":1,"create:radial_chassis":2,"mcwlights:rustic_torch":1,"securitycraft:reinforced_cracked_stone_bricks":63,"securitycraft:reinforced_stone_brick_stairs":21,"minecraft:red_dye":4,"minecraft:wheat_seeds":16,"minecraft:cooked_mutton":1,"minecraft:water_bucket":12,"securitycraft:reinforced_cobblestone":13,"mcwfences:blackstone_railing_gate":1,"minecraft:spruce_sign":13,"minecraft:glow_ink_sac":9,"minecraft:green_bed":2,"securitycraft:reinforced_stone_bricks":14,"mcwlights:redstone_lamp_slab":5,"minecraft:oak_slab":2,"mcwlights:chain_wall_lantern":2,"minecraft:crafting_table":9,"create:mechanical_harvester":3,"mcwlights:framed_torch":1,"minecraft:spruce_log":4,"minecraft:oak_log":5,"minecraft:apple":1,"create:mechanical_press":1,"minecraft:iron_pickaxe":683,"minecraft:spruce_trapdoor":2,"minecraft:spruce_sapling":2,"mcwfences:quartz_pillar_wall":1,"create:large_water_wheel":3,"minecraft:stone_axe":177,"minecraft:cobblestone":12,"minecraft:cooked_porkchop":7,"mcwlights:classic_street_lamp":27,"minecraft:bucket":12,"alexsmobs:animal_dictionary":1,"create:hand_crank":1,"minecraft:stripped_oak_log":1,"mcwlights:iron_framed_torch":1},"minecraft:custom":{"minecraft:interact_with_crafting_table":82,"minecraft:open_barrel":2,"minecraft:leave_game":6,"minecraft:time_since_death":270281,"minecraft:sprint_one_cm":947632,"minecraft:damage_blocked_by_shield":1037,"minecraft:drop":37,"minecraft:talked_to_villager":2,"minecraft:play_time":485968,"minecraft:deaths":4,"minecraft:jump":4253,"minecraft:walk_on_water_one_cm":31954,"minecraft:interact_with_furnace":96,"minecraft:interact_with_loom":2,"minecraft:sleep_in_bed":16,"minecraft:damage_dealt":2464,"minecraft:crouch_one_cm":18323,"minecraft:mob_kills":22,"minecraft:climb_one_cm":3366,"minecraft:walk_one_cm":1173815,"minecraft:sneak_time":6090,"minecraft:walk_under_water_one_cm":22949,"minecraft:interact_with_blast_furnace":14,"minecraft:total_world_time":485968,"minecraft:time_since_rest":11358,"minecraft:damage_taken":1813,"minecraft:swim_one_cm":49022,"minecraft:fly_one_cm":1241657,"minecraft:open_chest":126,"minecraft:fall_one_cm":71476}},"DataVersion":3465}