{"stats":{"minecraft:dropped":{"minecraft:clay":3,"minecraft:wheat_seeds":1,"minecraft:cobblestone":3,"minecraft:dark_oak_log":19,"minecraft:smooth_stone":3,"minecraft:string":4,"minecraft:stone_axe":1,"minecraft:rotten_flesh":1,"minecraft:oak_planks":3,"minecraft:stone_slab":1,"minecraft:oak_sapling":1,"minecraft:spider_eye":1,"minecraft:wooden_pickaxe":1},"minecraft:killed":{"minecraft:spider":4,"alexsmobs:seagull":1,"minecraft:chicken":1,"minecraft:pig":5,"minecraft:creeper":3,"minecraft:zombie":7},"minecraft:crafted":{"minecraft:oak_planks":68,"minecraft:stone_button":9,"minecraft:furnace":5,"minecraft:stone":17,"securitycraft:keypad_item":1,"minecraft:heavy_weighted_pressure_plate":1,"minecraft:cooked_mutton":1,"minecraft:glass_pane":16,"securitycraft:laser_block":1,"minecraft:glass":21,"minecraft:iron_boots":1,"securitycraft:universal_block_remover":1,"minecraft:stone_pickaxe":1,"minecraft:chest":5,"minecraft:redstone_block":1,"minecraft:wheat":108,"minecraft:cooked_porkchop":11,"minecraft:crafting_table":4,"minecraft:spruce_planks":4,"securitycraft:reinforced_stone_button":8,"minecraft:iron_helmet":1,"minecraft:wooden_pickaxe":1,"minecraft:iron_sword":1,"minecraft:birch_planks":16,"minecraft:stone_axe":2,"minecraft:air":0,"minecraft:bread":36,"minecraft:oak_boat":1,"minecraft:iron_chestplate":1,"minecraft:shield":1,"minecraft:stick":16,"minecraft:iron_ingot":56,"minecraft:iron_pickaxe":2,"minecraft:wooden_axe":1,"minecraft:gold_ingot":11,"minecraft:iron_leggings":1,"minecraft:torch":80,"minecraft:shears":1,"securitycraft:universal_block_reinforcer_lvl1":1},"minecraft:picked_up":{"minecraft:iron_chestplate":1,"minecraft:crafting_table":4,"securitycraft:reinforced_lantern":2,"minecraft:lead":2,"minecraft:stone_slab":1,"minecraft:wooden_pickaxe":1,"minecraft:enchanted_book":1,"minecraft:shield":2,"minecraft:string":10,"minecraft:iron_leggings":1,"minecraft:iron_shovel":1,"minecraft:smooth_stone":6,"minecraft:cobbled_deepslate":44,"minecraft:observer":1,"minecraft:iron_nugget":2,"minecraft:iron_pickaxe":2,"minecraft:chest":2,"minecraft:birch_sapling":2,"minecraft:spruce_trapdoor":2,"minecraft:iron_boots":1,"minecraft:furnace":2,"minecraft:dark_oak_sapling":5,"minecraft:stick":33,"minecraft:raw_iron":67,"minecraft:green_bed":2,"minecraft:torch":15,"minecraft:acacia_log":2,"minecraft:spruce_fence":2,"minecraft:porkchop":11,"minecraft:redstone":224,"magistuarmory:rustedcrusader_chestplate":2,"minecraft:arrow":21,"minecraft:rotten_flesh":4,"magistuarmory:dragon_decoration":1,"crittersandcompanions:silk":8,"minecraft:hay_block":12,"alexsmobs:emu_egg":1,"minecraft:mutton":1,"minecraft:cobblestone":134,"minecraft:white_wool":2,"minecraft:birch_log":21,"minecraft:feather":2,"minecraft:andesite":55,"minecraft:flint":1,"create:raw_zinc":46,"minecraft:oak_log":119,"jeg:scrap":98,"minecraft:gunpowder":8,"minecraft:lapis_lazuli":146,"minecraft:dirt":4,"jeg:grenade":2,"minecraft:name_tag":1,"minecraft:apple":3,"minecraft:bow":1,"minecraft:wheat_seeds":1,"minecraft:raw_gold":70,"minecraft:iron_ingot":15,"minecraft:stone_pickaxe":2,"minecraft:iron_sword":1,"epicsamurai:raw_silver":13,"minecraft:oak_planks":18,"minecraft:acacia_sapling":2,"jeg:tech_trash":18,"epicsamurai:onyx":4,"mcwfences:deepslate_grass_topped_wall":2,"minecraft:cooked_porkchop":2,"minecraft:gravel":1,"minecraft:sand":42,"magistuarmory:rustednorman_helmet":1,"minecraft:spruce_sapling":6,"securitycraft:reinforced_stone":8,"minecraft:spruce_log":50,"minecraft:spider_eye":4,"minecraft:dark_oak_log":38,"minecraft:diamond":8,"mcwfences:deepslate_brick_pillar_wall":1,"minecraft:iron_helmet":1,"minecraft:bread":24,"epicsamurai:ruby":20,"minecraft:oak_sapling":28,"minecraft:coal":164},"minecraft:killed_by":{"minecraft:spider":1,"alexsmobs:murmur_head":1},"minecraft:broken":{"minecraft:wooden_axe":1},"minecraft:mined":{"create:zinc_ore":7,"create:deepslate_zinc_ore":16,"epicsamurai:deepslate_onyx_ore":2,"minecraft:deepslate_diamond_ore":4,"minecraft:dark_oak_log":20,"minecraft:spruce_trapdoor":2,"minecraft:grass_block":2,"minecraft:acacia_log":3,"epicsamurai:deepslate_ruby_ore":5,"minecraft:spruce_fence":2,"epicsamurai:silver_ore":8,"minecraft:hay_block":12,"minecraft:redstone_ore":2,"minecraft:furnace":2,"minecraft:iron_ore":38,"minecraft:andesite":49,"minecraft:deepslate_lapis_ore":12,"minecraft:deepslate_iron_ore":23,"minecraft:vine":1,"epicsamurai:deepslate_silver_ore":1,"minecraft:stone":95,"minecraft:green_bed":1,"minecraft:deepslate_redstone_ore":23,"minecraft:acacia_leaves":5,"jeg:scrap_ore":23,"minecraft:observer":1,"minecraft:crafting_table":4,"minecraft:chest":2,"minecraft:dead_bush":1,"minecraft:stone_slab":1,"minecraft:tall_grass":1,"minecraft:deepslate_gold_ore":34,"jeg:deepslate_scrap_ore":6,"minecraft:birch_log":7,"minecraft:spruce_log":17,"minecraft:grass":8,"minecraft:coal_ore":118,"minecraft:oak_log":74,"minecraft:dirt":1,"minecraft:sand":45,"minecraft:gold_ore":1,"epicsamurai:ruby_ore":5,"minecraft:oak_leaves":8,"minecraft:deepslate":22,"minecraft:fern":1},"minecraft:used":{"alexsmobs:emu_egg":1,"mcwlights:wall_lantern":4,"mutantsbuff:mutant_charged_creeper_spawn_egg":1,"minecraft:iron_shovel":48,"securitycraft:reinforced_cobblestone_stairs":10,"mcwfences:railing_deepslate_wall":12,"securitycraft:reinforced_mossy_stone_bricks":20,"minecraft:chest":7,"minecraft:shield":21,"minecraft:stone":8,"minecraft:iron_sword":38,"minecraft:zombie_spawn_egg":1,"mcwfences:andesite_grass_topped_wall":9,"mcwlights:iron_chandelier":1,"minecraft:rotten_flesh":3,"minecraft:torch":33,"securitycraft:reinforced_stone_brick_wall":50,"securitycraft:reinforced_deepslate_bricks":20,"securitycraft:keypad_item":1,"mcwfences:deepslate_grass_topped_wall":26,"mcwfences:deepslate_brick_pillar_wall":2,"jeg:grenade":2,"mcwlights:reinforced_torch":1,"securitycraft:secret_spruce_sign_item":2,"mcwlights:upgraded_torch":1,"minecraft:wooden_axe":66,"securitycraft:reinforced_mossy_stone_brick_stairs":8,"mcwlights:cherry_tiki_torch":1,"minecraft:grass_block":98,"mcwlights:cross_wall_lantern":2,"minecraft:iron_boots":1,"minecraft:lime_dye":3,"mcwfences:stone_grass_topped_wall":2,"mcwlights:festive_wall_lantern":4,"mcwfences:iron_cheval_de_frise":4,"mcwlights:bell_wall_lantern":1,"minecraft:bow":10,"minecraft:furnace":7,"minecraft:oak_sapling":7,"mcwlights:rustic_torch":1,"securitycraft:reinforced_cracked_stone_bricks":63,"securitycraft:reinforced_stone_brick_stairs":21,"minecraft:red_dye":4,"securitycraft:reinforced_stripped_oak_wood":1,"minecraft:dark_oak_sapling":2,"minecraft:cooked_mutton":1,"securitycraft:reinforced_cobblestone":13,"securitycraft:reinforced_spruce_planks":21,"minecraft:stone_pickaxe":115,"mcwfences:blackstone_railing_gate":1,"minecraft:wooden_pickaxe":3,"minecraft:spruce_sign":13,"minecraft:glow_ink_sac":9,"minecraft:green_bed":2,"securitycraft:reinforced_glass_pane":19,"minecraft:blue_dye":1,"securitycraft:reinforced_stone_bricks":14,"mcwlights:redstone_lamp_slab":5,"mcwlights:chain_wall_lantern":2,"minecraft:crafting_table":8,"securitycraft:reinforced_spruce_fence_gate":22,"minecraft:crossbow":2,"securitycraft:universal_block_remover":8,"mcwlights:framed_torch":1,"securitycraft:reinforced_stripped_spruce_log":56,"minecraft:apple":1,"mcwfences:mangrove_hedge":1,"securitycraft:reinforced_chiseled_stone_bricks":17,"minecraft:bread":10,"minecraft:iron_pickaxe":388,"minecraft:spruce_trapdoor":2,"minecraft:gravel":1,"minecraft:spruce_sapling":2,"mcwfences:quartz_pillar_wall":1,"minecraft:stone_axe":93,"minecraft:cobblestone":12,"minecraft:cooked_porkchop":7,"mcwlights:classic_street_lamp":27,"minecraft:oak_boat":1,"alexsmobs:animal_dictionary":1,"mcwlights:iron_framed_torch":1,"securitycraft:reinforced_oak_log":31},"minecraft:custom":{"minecraft:mob_kills":21,"minecraft:interact_with_crafting_table":41,"minecraft:leave_game":5,"minecraft:time_since_death":79023,"minecraft:climb_one_cm":3226,"minecraft:sprint_one_cm":521418,"minecraft:walk_one_cm":817191,"minecraft:damage_blocked_by_shield":1037,"minecraft:drop":13,"minecraft:talked_to_villager":2,"minecraft:play_time":294710,"minecraft:deaths":4,"minecraft:sneak_time":1706,"minecraft:walk_under_water_one_cm":2635,"minecraft:jump":2775,"minecraft:walk_on_water_one_cm":12913,"minecraft:total_world_time":294710,"minecraft:interact_with_furnace":72,"minecraft:sleep_in_bed":7,"minecraft:time_since_rest":17158,"minecraft:damage_taken":1613,"minecraft:damage_dealt":2434,"minecraft:swim_one_cm":30789,"minecraft:fly_one_cm":806688,"minecraft:open_chest":65,"minecraft:crouch_one_cm":4366,"minecraft:fall_one_cm":49449}},"DataVersion":3465}