{"stats":{"minecraft:crafted":{"minecraft:oak_planks":20,"minecraft:cooked_porkchop":3,"minecraft:crafting_table":1,"minecraft:wooden_pickaxe":1,"minecraft:furnace":1,"minecraft:stone_axe":1,"minecraft:air":0,"minecraft:shield":1,"minecraft:iron_ingot":4,"minecraft:iron_pickaxe":1,"minecraft:stone_pickaxe":1,"minecraft:wooden_axe":1,"minecraft:torch":16},"minecraft:broken":{"minecraft:wooden_axe":1},"minecraft:killed":{"minecraft:pig":1},"minecraft:custom":{"minecraft:interact_with_furnace":4,"minecraft:mob_kills":1,"minecraft:interact_with_crafting_table":8,"minecraft:leave_game":4,"minecraft:time_since_death":47818,"minecraft:time_since_rest":47846,"minecraft:sprint_one_cm":130889,"minecraft:damage_taken":170,"minecraft:walk_one_cm":370973,"minecraft:damage_dealt":100,"minecraft:swim_one_cm":15709,"minecraft:fly_one_cm":317937,"minecraft:crouch_one_cm":2569,"minecraft:play_time":137328,"minecraft:deaths":2,"minecraft:sneak_time":814,"minecraft:walk_under_water_one_cm":1238,"minecraft:jump":718,"minecraft:walk_on_water_one_cm":2835,"minecraft:total_world_time":137328,"minecraft:fall_one_cm":7769},"minecraft:mined":{"create:zinc_ore":7,"minecraft:deepslate_redstone_ore":13,"create:deepslate_zinc_ore":8,"jeg:scrap_ore":21,"minecraft:dark_oak_log":20,"minecraft:crafting_table":4,"minecraft:dead_bush":1,"minecraft:tall_grass":1,"minecraft:deepslate_gold_ore":5,"minecraft:redstone_ore":2,"minecraft:furnace":2,"minecraft:birch_log":7,"minecraft:iron_ore":28,"minecraft:spruce_log":17,"minecraft:andesite":3,"minecraft:deepslate_lapis_ore":7,"minecraft:grass":1,"minecraft:deepslate_iron_ore":18,"minecraft:coal_ore":45,"minecraft:oak_log":37,"minecraft:vine":1,"minecraft:stone":32,"minecraft:oak_leaves":1,"minecraft:deepslate":2,"epicsamurai:ruby_ore":5},"minecraft:used":{"mcwlights:wall_lantern":4,"mutantsbuff:mutant_charged_creeper_spawn_egg":1,"securitycraft:reinforced_cobblestone_stairs":10,"securitycraft:reinforced_cobblestone":13,"minecraft:stone_pickaxe":84,"securitycraft:reinforced_spruce_planks":21,"mcwfences:railing_deepslate_wall":12,"mcwfences:blackstone_railing_gate":1,"securitycraft:reinforced_mossy_stone_bricks":20,"minecraft:wooden_pickaxe":3,"minecraft:zombie_spawn_egg":1,"mcwfences:andesite_grass_topped_wall":9,"minecraft:spruce_sign":13,"minecraft:glow_ink_sac":9,"mcwlights:iron_chandelier":1,"securitycraft:reinforced_glass_pane":19,"minecraft:torch":3,"securitycraft:reinforced_stone_brick_wall":50,"minecraft:blue_dye":1,"securitycraft:reinforced_deepslate_bricks":20,"securitycraft:reinforced_stone_bricks":14,"mcwlights:redstone_lamp_slab":5,"mcwlights:chain_wall_lantern":2,"minecraft:crafting_table":4,"mcwfences:deepslate_grass_topped_wall":26,"securitycraft:reinforced_spruce_fence_gate":22,"mcwfences:deepslate_brick_pillar_wall":2,"mcwlights:framed_torch":1,"mcwlights:reinforced_torch":1,"securitycraft:reinforced_stripped_spruce_log":56,"mcwlights:upgraded_torch":1,"securitycraft:secret_spruce_sign_item":2,"minecraft:wooden_axe":66,"securitycraft:reinforced_mossy_stone_brick_stairs":8,"minecraft:apple":1,"mcwfences:mangrove_hedge":1,"mcwlights:cherry_tiki_torch":1,"securitycraft:reinforced_chiseled_stone_bricks":17,"minecraft:grass_block":98,"mcwlights:cross_wall_lantern":2,"minecraft:iron_pickaxe":112,"minecraft:lime_dye":3,"minecraft:spruce_sapling":2,"mcwfences:quartz_pillar_wall":1,"mcwfences:stone_grass_topped_wall":2,"minecraft:stone_axe":25,"mcwlights:festive_wall_lantern":4,"mcwfences:iron_cheval_de_frise":4,"mcwlights:bell_wall_lantern":1,"minecraft:cooked_porkchop":2,"minecraft:furnace":2,"minecraft:oak_sapling":7,"mcwlights:classic_street_lamp":27,"mcwlights:rustic_torch":1,"alexsmobs:animal_dictionary":1,"securitycraft:reinforced_cracked_stone_bricks":63,"securitycraft:reinforced_stone_brick_stairs":21,"mcwlights:iron_framed_torch":1,"minecraft:red_dye":4,"securitycraft:reinforced_stripped_oak_wood":1,"securitycraft:reinforced_oak_log":31,"minecraft:dark_oak_sapling":2},"minecraft:picked_up":{"minecraft:birch_log":7,"minecraft:crafting_table":4,"minecraft:andesite":3,"securitycraft:reinforced_lantern":2,"create:raw_zinc":15,"minecraft:oak_log":38,"jeg:scrap":34,"minecraft:lapis_lazuli":37,"minecraft:apple":1,"minecraft:cobbled_deepslate":2,"minecraft:raw_gold":5,"minecraft:birch_sapling":1,"jeg:tech_trash":7,"minecraft:furnace":2,"minecraft:dark_oak_sapling":5,"minecraft:raw_iron":46,"minecraft:stick":19,"mcwfences:deepslate_grass_topped_wall":2,"minecraft:porkchop":3,"minecraft:spruce_sapling":4,"minecraft:spruce_log":17,"minecraft:redstone":69,"minecraft:dark_oak_log":19,"magistuarmory:dragon_decoration":1,"mcwfences:deepslate_brick_pillar_wall":1,"epicsamurai:ruby":5,"minecraft:oak_sapling":12,"minecraft:coal":43,"minecraft:cobblestone":52}},"DataVersion":3465}