{"stats":{"minecraft:picked_up":{"minecraft:stick":5,"mcwfences:deepslate_grass_topped_wall":2,"securitycraft:reinforced_lantern":2,"minecraft:oak_log":1,"magistuarmory:dragon_decoration":1,"mcwfences:deepslate_brick_pillar_wall":1,"minecraft:oak_sapling":3,"minecraft:cobblestone":20},"minecraft:used":{"mcwlights:wall_lantern":4,"mcwlights:upgraded_torch":1,"securitycraft:secret_spruce_sign_item":2,"mutantsbuff:mutant_charged_creeper_spawn_egg":1,"securitycraft:reinforced_mossy_stone_brick_stairs":8,"mcwfences:mangrove_hedge":1,"securitycraft:reinforced_cobblestone_stairs":10,"securitycraft:reinforced_chiseled_stone_bricks":17,"securitycraft:reinforced_cobblestone":13,"mcwlights:cherry_tiki_torch":1,"minecraft:grass_block":98,"mcwlights:cross_wall_lantern":2,"securitycraft:reinforced_spruce_planks":21,"mcwfences:railing_deepslate_wall":12,"mcwfences:blackstone_railing_gate":1,"securitycraft:reinforced_mossy_stone_bricks":20,"minecraft:zombie_spawn_egg":1,"minecraft:lime_dye":3,"mcwfences:andesite_grass_topped_wall":9,"minecraft:spruce_sign":13,"minecraft:glow_ink_sac":9,"mcwfences:quartz_pillar_wall":1,"mcwfences:stone_grass_topped_wall":2,"mcwlights:iron_chandelier":1,"mcwlights:festive_wall_lantern":4,"securitycraft:reinforced_glass_pane":19,"mcwfences:iron_cheval_de_frise":4,"securitycraft:reinforced_stone_brick_wall":50,"mcwlights:bell_wall_lantern":1,"minecraft:blue_dye":1,"securitycraft:reinforced_stone_bricks":14,"securitycraft:reinforced_deepslate_bricks":20,"mcwlights:redstone_lamp_slab":5,"mcwlights:chain_wall_lantern":2,"mcwfences:deepslate_grass_topped_wall":26,"mcwlights:classic_street_lamp":27,"securitycraft:reinforced_spruce_fence_gate":22,"mcwlights:rustic_torch":1,"alexsmobs:animal_dictionary":1,"securitycraft:reinforced_cracked_stone_bricks":63,"mcwfences:deepslate_brick_pillar_wall":2,"securitycraft:reinforced_stone_brick_stairs":21,"mcwlights:iron_framed_torch":1,"mcwlights:framed_torch":1,"minecraft:red_dye":4,"securitycraft:reinforced_stripped_spruce_log":56,"securitycraft:reinforced_stripped_oak_wood":1,"mcwlights:reinforced_torch":1,"securitycraft:reinforced_oak_log":31},"minecraft:custom":{"minecraft:time_since_rest":12124,"minecraft:sprint_one_cm":57664,"minecraft:walk_one_cm":250109,"minecraft:swim_one_cm":3921,"minecraft:fly_one_cm":259682,"minecraft:crouch_one_cm":2402,"minecraft:play_time":101606,"minecraft:deaths":2,"minecraft:sneak_time":772,"minecraft:walk_under_water_one_cm":566,"minecraft:jump":353,"minecraft:leave_game":2,"minecraft:time_since_death":12096,"minecraft:walk_on_water_one_cm":508,"minecraft:total_world_time":101606,"minecraft:fall_one_cm":267}},"DataVersion":3465}