{"stats":{"minecraft:dropped":{"minecraft:iron_ingot":1,"minecraft:clay":3,"minecraft:wheat_seeds":1,"epicsamurai:raw_silver":5,"minecraft:crafting_table":1,"minecraft:cobblestone":3,"minecraft:acacia_log":1,"minecraft:stick":2,"minecraft:dirt":3,"minecraft:dark_oak_log":19,"minecraft:iron_leggings":2,"minecraft:smooth_stone":3,"minecraft:string":4,"minecraft:stone_axe":1,"minecraft:blackstone":1,"minecraft:cobbled_deepslate":6,"minecraft:polished_deepslate_slab":3,"minecraft:rotten_flesh":1,"minecraft:oak_planks":6,"minecraft:stripped_oak_log":2,"minecraft:stone_slab":1,"minecraft:oak_sapling":16,"minecraft:spider_eye":1,"minecraft:iron_bars":1,"minecraft:wooden_pickaxe":1},"minecraft:killed":{"minecraft:spider":4,"alexsmobs:seagull":1,"minecraft:chicken":1,"minecraft:pig":5,"minecraft:creeper":3,"minecraft:zombie":7},"minecraft:crafted":{"minecraft:oak_planks":80,"minecraft:iron_nugget":27,"minecraft:stone_button":9,"minecraft:furnace":6,"minecraft:stone":17,"securitycraft:keypad_item":1,"minecraft:heavy_weighted_pressure_plate":1,"minecraft:cooked_mutton":1,"minecraft:glass_pane":16,"securitycraft:laser_block":1,"minecraft:glass":21,"minecraft:iron_boots":1,"create:mechanical_press":1,"securitycraft:universal_block_remover":1,"minecraft:stone_pickaxe":1,"minecraft:chest":5,"minecraft:redstone_block":1,"minecraft:wheat":108,"create:andesite_alloy":13,"create:hand_crank":1,"minecraft:cooked_porkchop":11,"minecraft:crafting_table":5,"minecraft:spruce_planks":4,"securitycraft:reinforced_stone_button":8,"minecraft:iron_helmet":1,"minecraft:wooden_pickaxe":1,"minecraft:iron_sword":1,"minecraft:birch_planks":16,"minecraft:stone_axe":2,"minecraft:air":0,"minecraft:bread":36,"minecraft:oak_boat":1,"minecraft:emerald_block":3,"minecraft:raw_gold":180,"minecraft:iron_chestplate":1,"minecraft:shield":2,"minecraft:stick":20,"minecraft:iron_ingot":134,"minecraft:iron_pickaxe":3,"minecraft:wooden_axe":1,"minecraft:iron_block":1,"minecraft:gold_ingot":216,"minecraft:iron_leggings":1,"create:shaft":8,"minecraft:torch":80,"minecraft:shears":1,"securitycraft:universal_block_reinforcer_lvl1":1},"minecraft:picked_up":{"minecraft:iron_chestplate":1,"minecraft:crafting_table":5,"minecraft:exposed_copper":9,"minecraft:flower_pot":1,"securitycraft:reinforced_lantern":2,"minecraft:lead":2,"minecraft:stone_slab":1,"minecraft:wooden_pickaxe":1,"minecraft:gold_block":23,"minecraft:enchanted_book":1,"minecraft:shield":2,"minecraft:string":10,"minecraft:iron_leggings":3,"minecraft:iron_shovel":1,"minecraft:blackstone":1,"minecraft:smooth_stone":6,"minecraft:cobbled_deepslate":50,"minecraft:observer":1,"minecraft:iron_nugget":2,"minecraft:iron_pickaxe":2,"minecraft:spruce_slab":1,"minecraft:chest":2,"minecraft:birch_sapling":2,"minecraft:spruce_trapdoor":3,"minecraft:iron_boots":1,"minecraft:furnace":3,"minecraft:polished_deepslate_slab":3,"minecraft:raw_gold_block":20,"minecraft:dark_oak_sapling":5,"minecraft:stick":33,"minecraft:raw_iron":171,"minecraft:spruce_stairs":1,"create:andesite_casing":4,"minecraft:green_bed":2,"minecraft:torch":16,"minecraft:acacia_log":2,"minecraft:spruce_fence":2,"minecraft:porkchop":11,"minecraft:redstone":224,"magistuarmory:rustedcrusader_chestplate":2,"minecraft:tnt":3,"minecraft:arrow":21,"minecraft:rotten_flesh":4,"magistuarmory:dragon_decoration":1,"crittersandcompanions:silk":8,"minecraft:hay_block":12,"alexsmobs:emu_egg":1,"minecraft:mutton":1,"minecraft:iron_bars":1,"minecraft:cobblestone":143,"minecraft:white_wool":2,"minecraft:stripped_oak_log":2,"minecraft:birch_log":21,"create:iron_sheet":1,"minecraft:feather":2,"minecraft:andesite":84,"minecraft:black_bed":1,"minecraft:flint":1,"minecraft:crimson_fungus":1,"create:raw_zinc":57,"minecraft:oak_log":119,"jeg:scrap":98,"minecraft:gunpowder":8,"minecraft:lapis_lazuli":153,"minecraft:dirt":4,"jeg:grenade":2,"minecraft:name_tag":1,"minecraft:apple":3,"minecraft:bow":1,"minecraft:wheat_seeds":1,"minecraft:raw_gold":87,"minecraft:iron_ingot":16,"minecraft:stone_pickaxe":2,"minecraft:gray_bed":1,"epicsamurai:aquamarine":8,"minecraft:iron_sword":1,"epicsamurai:raw_silver":13,"minecraft:oak_planks":19,"minecraft:acacia_sapling":2,"jeg:tech_trash":18,"minecraft:dark_oak_stairs":2,"epicsamurai:onyx":4,"minecraft:dark_oak_slab":3,"minecraft:emerald_block":5,"mcwfences:deepslate_grass_topped_wall":2,"minecraft:cooked_porkchop":2,"minecraft:gravel":1,"minecraft:red_banner":2,"minecraft:sand":42,"magistuarmory:rustednorman_helmet":1,"minecraft:spruce_sapling":6,"minecraft:blast_furnace":1,"securitycraft:reinforced_stone":8,"minecraft:spruce_log":50,"minecraft:spider_eye":4,"minecraft:dark_oak_log":38,"minecraft:diamond":14,"mcwfences:deepslate_brick_pillar_wall":1,"minecraft:iron_helmet":1,"minecraft:bread":24,"minecraft:damaged_anvil":1,"epicsamurai:ruby":27,"minecraft:oak_sapling":28,"minecraft:coal":203},"minecraft:killed_by":{"minecraft:spider":1,"alexsmobs:murmur_head":1},"minecraft:broken":{"minecraft:iron_pickaxe":1,"minecraft:wooden_axe":1},"minecraft:mined":{"create:zinc_ore":7,"minecraft:deepslate_tiles":2,"create:deepslate_zinc_ore":27,"epicsamurai:deepslate_onyx_ore":2,"minecraft:deepslate_diamond_ore":10,"create:andesite_casing":4,"minecraft:dark_oak_log":20,"minecraft:potted_crimson_fungus":1,"minecraft:spruce_trapdoor":4,"minecraft:weathered_copper":1,"minecraft:grass_block":2,"minecraft:acacia_log":3,"epicsamurai:deepslate_ruby_ore":12,"minecraft:spruce_fence":2,"epicsamurai:silver_ore":8,"minecraft:deepslate_bricks":1,"minecraft:spawner":8,"minecraft:hay_block":12,"minecraft:redstone_ore":2,"minecraft:furnace":3,"minecraft:raw_gold_block":20,"minecraft:iron_ore":101,"minecraft:andesite":79,"minecraft:chiseled_deepslate":1,"minecraft:deepslate_lapis_ore":12,"minecraft:dark_oak_stairs":2,"minecraft:gold_block":23,"minecraft:brown_bed":1,"minecraft:polished_deepslate_slab":6,"minecraft:deepslate_iron_ore":36,"minecraft:vine":1,"minecraft:iron_bars":6,"epicsamurai:deepslate_silver_ore":1,"minecraft:stripped_oak_log":5,"minecraft:stone":104,"minecraft:spruce_slab":1,"minecraft:green_bed":1,"minecraft:deepslate_redstone_ore":23,"minecraft:acacia_leaves":5,"jeg:scrap_ore":23,"minecraft:exposed_copper":9,"minecraft:blackstone":1,"minecraft:polished_deepslate_stairs":6,"minecraft:observer":1,"epicsamurai:deepslate_aquamarine_ore":6,"minecraft:crafting_table":5,"minecraft:blast_furnace":1,"minecraft:chest":2,"minecraft:dead_bush":1,"minecraft:stone_slab":1,"minecraft:tall_grass":1,"minecraft:wall_torch":1,"minecraft:oak_planks":1,"minecraft:lapis_ore":1,"minecraft:deepslate_gold_ore":51,"minecraft:damaged_anvil":1,"minecraft:spruce_stairs":2,"jeg:deepslate_scrap_ore":6,"minecraft:dark_oak_slab":3,"minecraft:birch_log":7,"epicsamurai:aquamarine_ore":2,"minecraft:red_wall_banner":2,"minecraft:gray_bed":1,"minecraft:black_bed":1,"minecraft:spruce_log":17,"minecraft:tnt":3,"minecraft:grass":8,"minecraft:coal_ore":126,"minecraft:oak_log":74,"minecraft:dirt":1,"minecraft:sand":45,"minecraft:cobweb":1,"minecraft:emerald_block":5,"minecraft:gold_ore":1,"epicsamurai:ruby_ore":5,"minecraft:oak_leaves":8,"minecraft:deepslate":28,"minecraft:fern":1},"minecraft:used":{"alexsmobs:emu_egg":1,"mcwlights:wall_lantern":4,"mutantsbuff:mutant_charged_creeper_spawn_egg":1,"minecraft:iron_shovel":48,"securitycraft:reinforced_cobblestone_stairs":10,"mcwfences:railing_deepslate_wall":12,"securitycraft:reinforced_mossy_stone_bricks":20,"minecraft:chest":7,"minecraft:shield":21,"minecraft:stone":8,"minecraft:iron_sword":40,"minecraft:zombie_spawn_egg":1,"mcwfences:andesite_grass_topped_wall":9,"mcwlights:iron_chandelier":1,"minecraft:rotten_flesh":3,"minecraft:torch":73,"securitycraft:reinforced_stone_brick_wall":50,"securitycraft:reinforced_deepslate_bricks":20,"securitycraft:keypad_item":1,"mcwfences:deepslate_grass_topped_wall":26,"mcwfences:deepslate_brick_pillar_wall":2,"jeg:grenade":2,"mcwlights:reinforced_torch":1,"securitycraft:secret_spruce_sign_item":2,"mcwlights:upgraded_torch":1,"minecraft:wooden_axe":66,"securitycraft:reinforced_mossy_stone_brick_stairs":8,"mcwlights:cherry_tiki_torch":1,"minecraft:grass_block":98,"mcwlights:cross_wall_lantern":2,"minecraft:iron_boots":1,"minecraft:lime_dye":3,"mcwfences:stone_grass_topped_wall":2,"mcwlights:festive_wall_lantern":4,"mcwfences:iron_cheval_de_frise":4,"mcwlights:bell_wall_lantern":1,"minecraft:bow":10,"minecraft:furnace":8,"minecraft:oak_sapling":7,"mcwlights:rustic_torch":1,"securitycraft:reinforced_cracked_stone_bricks":63,"securitycraft:reinforced_stone_brick_stairs":21,"minecraft:red_dye":4,"securitycraft:reinforced_stripped_oak_wood":1,"minecraft:dark_oak_sapling":2,"minecraft:cooked_mutton":1,"minecraft:damaged_anvil":1,"securitycraft:reinforced_cobblestone":13,"securitycraft:reinforced_spruce_planks":21,"minecraft:stone_pickaxe":115,"mcwfences:blackstone_railing_gate":1,"minecraft:wooden_pickaxe":3,"minecraft:spruce_sign":13,"minecraft:glow_ink_sac":9,"minecraft:green_bed":2,"securitycraft:reinforced_glass_pane":19,"minecraft:blue_dye":1,"securitycraft:reinforced_stone_bricks":14,"mcwlights:redstone_lamp_slab":5,"mcwlights:chain_wall_lantern":2,"minecraft:crafting_table":9,"minecraft:black_bed":1,"minecraft:blast_furnace":1,"securitycraft:reinforced_spruce_fence_gate":22,"minecraft:crossbow":2,"securitycraft:universal_block_remover":8,"mcwlights:framed_torch":1,"securitycraft:reinforced_stripped_spruce_log":56,"minecraft:oak_log":4,"minecraft:apple":1,"mcwfences:mangrove_hedge":1,"create:mechanical_press":1,"create:andesite_casing":1,"securitycraft:reinforced_chiseled_stone_bricks":17,"minecraft:bread":10,"minecraft:iron_pickaxe":660,"minecraft:spruce_trapdoor":2,"minecraft:gravel":1,"minecraft:spruce_sapling":2,"mcwfences:quartz_pillar_wall":1,"minecraft:stone_axe":125,"minecraft:cobblestone":12,"minecraft:cooked_porkchop":7,"mcwlights:classic_street_lamp":27,"create:hand_crank":1,"minecraft:oak_boat":1,"alexsmobs:animal_dictionary":1,"mcwlights:iron_framed_torch":1,"securitycraft:reinforced_oak_log":31},"minecraft:custom":{"minecraft:mob_kills":21,"minecraft:interact_with_crafting_table":49,"minecraft:open_barrel":2,"minecraft:leave_game":5,"minecraft:time_since_death":127023,"minecraft:climb_one_cm":3366,"minecraft:sprint_one_cm":742106,"minecraft:walk_one_cm":938914,"minecraft:damage_blocked_by_shield":1037,"minecraft:drop":28,"minecraft:talked_to_villager":2,"minecraft:play_time":342710,"minecraft:deaths":4,"minecraft:sneak_time":2503,"minecraft:walk_under_water_one_cm":3173,"minecraft:jump":3444,"minecraft:interact_with_blast_furnace":11,"minecraft:walk_on_water_one_cm":14518,"minecraft:total_world_time":342710,"minecraft:interact_with_furnace":89,"minecraft:interact_with_loom":2,"minecraft:sleep_in_bed":8,"minecraft:time_since_rest":4321,"minecraft:damage_taken":1753,"minecraft:damage_dealt":2434,"minecraft:swim_one_cm":31257,"minecraft:fly_one_cm":994966,"minecraft:open_chest":104,"minecraft:crouch_one_cm":6098,"minecraft:fall_one_cm":64801}},"DataVersion":3465}