{"stats":{"minecraft:picked_up":{"minecraft:stick":2},"minecraft:used":{"mcwlights:wall_lantern":4,"mcwlights:upgraded_torch":1,"securitycraft:secret_spruce_sign_item":2,"mutantsbuff:mutant_charged_creeper_spawn_egg":1,"mcwfences:mangrove_hedge":1,"securitycraft:reinforced_chiseled_stone_bricks":17,"securitycraft:reinforced_cobblestone":8,"mcwlights:cherry_tiki_torch":1,"mcwlights:cross_wall_lantern":2,"mcwfences:railing_deepslate_wall":12,"mcwfences:blackstone_railing_gate":1,"securitycraft:reinforced_mossy_stone_bricks":19,"minecraft:zombie_spawn_egg":1,"mcwfences:andesite_grass_topped_wall":9,"minecraft:spruce_sign":5,"minecraft:glow_ink_sac":1,"mcwfences:quartz_pillar_wall":1,"mcwfences:stone_grass_topped_wall":2,"mcwlights:iron_chandelier":1,"mcwlights:festive_wall_lantern":1,"mcwfences:iron_cheval_de_frise":4,"securitycraft:reinforced_stone_brick_wall":50,"mcwlights:bell_wall_lantern":1,"securitycraft:reinforced_stone_bricks":14,"securitycraft:reinforced_deepslate_bricks":20,"mcwlights:chain_wall_lantern":2,"mcwfences:deepslate_grass_topped_wall":26,"mcwlights:classic_street_lamp":4,"securitycraft:reinforced_spruce_fence_gate":22,"mcwlights:rustic_torch":1,"securitycraft:reinforced_cracked_stone_bricks":16,"mcwlights:iron_framed_torch":1,"mcwlights:framed_torch":1,"securitycraft:reinforced_stripped_spruce_log":34,"securitycraft:reinforced_stripped_oak_wood":1,"mcwlights:reinforced_torch":1},"minecraft:custom":{"minecraft:time_since_rest":53606,"minecraft:sprint_one_cm":30385,"minecraft:walk_one_cm":110741,"minecraft:swim_one_cm":3921,"minecraft:fly_one_cm":169973,"minecraft:crouch_one_cm":1446,"minecraft:play_time":53606,"minecraft:sneak_time":421,"minecraft:walk_under_water_one_cm":566,"minecraft:jump":260,"minecraft:leave_game":2,"minecraft:time_since_death":53606,"minecraft:walk_on_water_one_cm":508,"minecraft:total_world_time":53606,"minecraft:fall_one_cm":267}},"DataVersion":3465}