{"stats":{"minecraft:crafted":{"minecraft:oak_planks":8,"minecraft:crafting_table":1,"minecraft:wooden_axe":1},"minecraft:mined":{"minecraft:grass":2,"minecraft:oak_log":8,"minecraft:rose_bush":11,"minecraft:birch_log":4,"minecraft:oak_planks":1,"minecraft:oak_leaves":6},"minecraft:picked_up":{"minecraft:birch_log":4,"minecraft:stick":3,"minecraft:rose_bush":8,"minecraft:oak_log":8,"minecraft:oak_sapling":3,"minecraft:birch_sapling":2,"minecraft:oak_planks":1},"minecraft:custom":{"minecraft:time_since_rest":13309,"minecraft:crouch_one_cm":82,"minecraft:play_time":13309,"minecraft:sprint_one_cm":10608,"minecraft:damage_taken":10,"minecraft:walk_one_cm":19516,"minecraft:sneak_time":13,"minecraft:jump":25,"minecraft:damage_dealt":10,"minecraft:leave_game":1,"minecraft:time_since_death":13309,"minecraft:total_world_time":13309,"minecraft:interact_with_crafting_table":1,"minecraft:fall_one_cm":1109,"minecraft:fly_one_cm":5693},"minecraft:used":{"minecraft:wooden_axe":14,"minecraft:crafting_table":1,"minecraft:oak_planks":1}},"DataVersion":3465}