{"stats":{"minecraft:killed_by":{"minecraft:spider":1},"minecraft:crafted":{"minecraft:oak_planks":52,"minecraft:furnace":3,"minecraft:cooked_mutton":1,"minecraft:iron_boots":1,"minecraft:stone_pickaxe":1,"minecraft:chest":4,"minecraft:cooked_porkchop":9,"minecraft:crafting_table":1,"minecraft:spruce_planks":4,"minecraft:wooden_pickaxe":1,"minecraft:iron_sword":1,"minecraft:stone_axe":1,"minecraft:air":0,"minecraft:iron_chestplate":1,"minecraft:shield":1,"minecraft:stick":8,"minecraft:iron_ingot":43,"minecraft:iron_pickaxe":2,"minecraft:wooden_axe":1,"minecraft:torch":16},"minecraft:broken":{"minecraft:wooden_axe":1},"minecraft:killed":{"minecraft:spider":2,"minecraft:pig":4,"minecraft:zombie":1},"minecraft:custom":{"minecraft:mob_kills":7,"minecraft:interact_with_crafting_table":21,"minecraft:leave_game":4,"minecraft:time_since_death":7558,"minecraft:sprint_one_cm":206503,"minecraft:walk_one_cm":486868,"minecraft:damage_blocked_by_shield":407,"minecraft:drop":4,"minecraft:play_time":161328,"minecraft:sneak_time":880,"minecraft:deaths":3,"minecraft:walk_under_water_one_cm":2470,"minecraft:jump":1060,"minecraft:walk_on_water_one_cm":5947,"minecraft:total_world_time":161328,"minecraft:interact_with_furnace":30,"minecraft:sleep_in_bed":1,"minecraft:time_since_rest":7592,"minecraft:damage_taken":879,"minecraft:damage_dealt":1137,"minecraft:swim_one_cm":29620,"minecraft:fly_one_cm":391509,"minecraft:open_chest":13,"minecraft:crouch_one_cm":2891,"minecraft:fall_one_cm":14607},"minecraft:mined":{"create:zinc_ore":7,"create:deepslate_zinc_ore":8,"minecraft:dark_oak_log":20,"minecraft:redstone_ore":2,"minecraft:furnace":2,"minecraft:iron_ore":32,"minecraft:andesite":3,"minecraft:deepslate_lapis_ore":7,"minecraft:deepslate_iron_ore":18,"minecraft:vine":1,"minecraft:stone":39,"minecraft:deepslate_redstone_ore":13,"jeg:scrap_ore":21,"minecraft:crafting_table":4,"minecraft:chest":2,"minecraft:dead_bush":1,"minecraft:stone_slab":1,"minecraft:tall_grass":1,"minecraft:deepslate_gold_ore":5,"minecraft:birch_log":7,"minecraft:spruce_log":17,"minecraft:grass":1,"minecraft:oak_log":37,"minecraft:coal_ore":64,"minecraft:oak_leaves":1,"minecraft:deepslate":2,"epicsamurai:ruby_ore":5},"minecraft:dropped":{"minecraft:cobblestone":3,"minecraft:dark_oak_log":19,"minecraft:stone_axe":1,"minecraft:wooden_pickaxe":1},"minecraft:used":{"mcwlights:wall_lantern":4,"mutantsbuff:mutant_charged_creeper_spawn_egg":1,"securitycraft:reinforced_cobblestone_stairs":10,"mcwfences:railing_deepslate_wall":12,"securitycraft:reinforced_mossy_stone_bricks":20,"minecraft:chest":6,"minecraft:shield":10,"minecraft:iron_sword":8,"minecraft:zombie_spawn_egg":1,"mcwfences:andesite_grass_topped_wall":9,"mcwlights:iron_chandelier":1,"minecraft:torch":9,"securitycraft:reinforced_stone_brick_wall":50,"securitycraft:reinforced_deepslate_bricks":20,"mcwfences:deepslate_grass_topped_wall":26,"mcwfences:deepslate_brick_pillar_wall":2,"mcwlights:reinforced_torch":1,"minecraft:wooden_axe":66,"mcwlights:upgraded_torch":1,"securitycraft:secret_spruce_sign_item":2,"securitycraft:reinforced_mossy_stone_brick_stairs":8,"mcwlights:cross_wall_lantern":2,"mcwlights:cherry_tiki_torch":1,"minecraft:grass_block":98,"minecraft:lime_dye":3,"mcwfences:stone_grass_topped_wall":2,"mcwlights:festive_wall_lantern":4,"mcwlights:bell_wall_lantern":1,"mcwfences:iron_cheval_de_frise":4,"minecraft:oak_sapling":7,"minecraft:furnace":5,"mcwlights:rustic_torch":1,"securitycraft:reinforced_cracked_stone_bricks":63,"securitycraft:reinforced_stone_brick_stairs":21,"minecraft:red_dye":4,"securitycraft:reinforced_stripped_oak_wood":1,"minecraft:dark_oak_sapling":2,"minecraft:cooked_mutton":1,"securitycraft:reinforced_cobblestone":13,"securitycraft:reinforced_spruce_planks":21,"minecraft:stone_pickaxe":115,"mcwfences:blackstone_railing_gate":1,"minecraft:wooden_pickaxe":3,"minecraft:spruce_sign":13,"minecraft:glow_ink_sac":9,"minecraft:green_bed":1,"securitycraft:reinforced_glass_pane":19,"minecraft:blue_dye":1,"securitycraft:reinforced_stone_bricks":14,"mcwlights:redstone_lamp_slab":5,"mcwlights:chain_wall_lantern":2,"minecraft:crafting_table":5,"securitycraft:reinforced_spruce_fence_gate":22,"mcwlights:framed_torch":1,"securitycraft:reinforced_stripped_spruce_log":56,"minecraft:apple":1,"mcwfences:mangrove_hedge":1,"securitycraft:reinforced_chiseled_stone_bricks":17,"minecraft:iron_pickaxe":118,"mcwfences:quartz_pillar_wall":1,"minecraft:spruce_sapling":2,"minecraft:stone_axe":36,"mcwlights:classic_street_lamp":27,"minecraft:cooked_porkchop":6,"alexsmobs:animal_dictionary":1,"mcwlights:iron_framed_torch":1,"securitycraft:reinforced_oak_log":31},"minecraft:picked_up":{"minecraft:crafting_table":4,"securitycraft:reinforced_lantern":2,"minecraft:stone_slab":1,"minecraft:wooden_pickaxe":1,"minecraft:shield":1,"minecraft:string":4,"minecraft:cobbled_deepslate":4,"minecraft:iron_nugget":2,"minecraft:iron_pickaxe":1,"minecraft:chest":2,"minecraft:birch_sapling":1,"minecraft:furnace":2,"minecraft:dark_oak_sapling":5,"minecraft:stick":21,"minecraft:raw_iron":50,"minecraft:green_bed":1,"minecraft:torch":9,"minecraft:acacia_log":1,"minecraft:porkchop":9,"minecraft:redstone":138,"minecraft:rotten_flesh":3,"magistuarmory:dragon_decoration":1,"crittersandcompanions:silk":8,"minecraft:mutton":1,"minecraft:white_wool":2,"minecraft:cobblestone":59,"minecraft:birch_log":14,"minecraft:andesite":6,"create:raw_zinc":30,"minecraft:oak_log":62,"jeg:scrap":68,"minecraft:lapis_lazuli":74,"minecraft:dirt":1,"minecraft:name_tag":1,"minecraft:apple":1,"minecraft:raw_gold":10,"minecraft:iron_ingot":15,"minecraft:stone_pickaxe":1,"minecraft:oak_planks":18,"minecraft:acacia_sapling":1,"jeg:tech_trash":14,"mcwfences:deepslate_grass_topped_wall":2,"minecraft:cooked_porkchop":2,"minecraft:spruce_sapling":6,"minecraft:spruce_log":34,"minecraft:dark_oak_log":38,"minecraft:spider_eye":2,"mcwfences:deepslate_brick_pillar_wall":1,"minecraft:oak_sapling":12,"epicsamurai:ruby":10,"minecraft:coal":86}},"DataVersion":3465}