{"stats":{"minecraft:mined":{"minecraft:grass":1,"minecraft:oak_log":5,"minecraft:dead_bush":1,"minecraft:tall_grass":1,"minecraft:oak_leaves":1},"minecraft:custom":{"minecraft:time_since_rest":23846,"minecraft:sprint_one_cm":78964,"minecraft:damage_taken":100,"minecraft:walk_one_cm":264813,"minecraft:swim_one_cm":6563,"minecraft:fly_one_cm":282066,"minecraft:crouch_one_cm":2402,"minecraft:play_time":113328,"minecraft:sneak_time":772,"minecraft:deaths":2,"minecraft:walk_under_water_one_cm":832,"minecraft:jump":455,"minecraft:time_since_death":23818,"minecraft:leave_game":4,"minecraft:walk_on_water_one_cm":1006,"minecraft:total_world_time":113328,"minecraft:fall_one_cm":3110},"minecraft:used":{"mcwlights:wall_lantern":4,"mcwlights:upgraded_torch":1,"securitycraft:secret_spruce_sign_item":2,"mutantsbuff:mutant_charged_creeper_spawn_egg":1,"securitycraft:reinforced_mossy_stone_brick_stairs":8,"mcwfences:mangrove_hedge":1,"securitycraft:reinforced_cobblestone_stairs":10,"securitycraft:reinforced_chiseled_stone_bricks":17,"securitycraft:reinforced_cobblestone":13,"mcwlights:cherry_tiki_torch":1,"mcwlights:cross_wall_lantern":2,"minecraft:grass_block":98,"securitycraft:reinforced_spruce_planks":21,"mcwfences:railing_deepslate_wall":12,"mcwfences:blackstone_railing_gate":1,"securitycraft:reinforced_mossy_stone_bricks":20,"minecraft:zombie_spawn_egg":1,"mcwfences:andesite_grass_topped_wall":9,"minecraft:spruce_sign":13,"minecraft:lime_dye":3,"mcwfences:stone_grass_topped_wall":2,"minecraft:glow_ink_sac":9,"mcwfences:quartz_pillar_wall":1,"mcwlights:iron_chandelier":1,"mcwlights:festive_wall_lantern":4,"securitycraft:reinforced_glass_pane":19,"mcwfences:iron_cheval_de_frise":4,"securitycraft:reinforced_stone_brick_wall":50,"mcwlights:bell_wall_lantern":1,"minecraft:blue_dye":1,"securitycraft:reinforced_stone_bricks":14,"securitycraft:reinforced_deepslate_bricks":20,"mcwlights:redstone_lamp_slab":5,"mcwlights:chain_wall_lantern":2,"mcwlights:classic_street_lamp":27,"mcwfences:deepslate_grass_topped_wall":26,"mcwlights:rustic_torch":1,"securitycraft:reinforced_spruce_fence_gate":22,"securitycraft:reinforced_cracked_stone_bricks":63,"alexsmobs:animal_dictionary":1,"mcwfences:deepslate_brick_pillar_wall":2,"securitycraft:reinforced_stone_brick_stairs":21,"mcwlights:iron_framed_torch":1,"mcwlights:framed_torch":1,"minecraft:red_dye":4,"securitycraft:reinforced_stripped_oak_wood":1,"securitycraft:reinforced_stripped_spruce_log":56,"mcwlights:reinforced_torch":1,"securitycraft:reinforced_oak_log":31},"minecraft:picked_up":{"minecraft:stick":8,"mcwfences:deepslate_grass_topped_wall":2,"securitycraft:reinforced_lantern":2,"minecraft:oak_log":6,"magistuarmory:dragon_decoration":1,"mcwfences:deepslate_brick_pillar_wall":1,"minecraft:oak_sapling":4,"minecraft:cobblestone":20}},"DataVersion":3465}