{"stats":{"minecraft:dropped":{"minecraft:wheat_seeds":1152,"minecraft:grass_block":1,"minecraft:grass":1,"minecraft:bone":1},"minecraft:used":{"minecraft:shield":8,"minecraft:iron_sword":58,"minecraft:torch":8,"create:cogwheel":2,"minecraft:crossbow":11,"minecraft:diamond_pickaxe":25,"create:gearbox":2,"minecraft:grass_block":15,"minecraft:bread":13,"minecraft:iron_pickaxe":32,"minecraft:gravel":19,"create:shaft":10,"create:vertical_gearbox":2,"minecraft:iron_leggings":1,"create:large_cogwheel":2},"minecraft:mined":{"create:deepslate_zinc_ore":1,"create:cogwheel":1,"minecraft:tuff":1,"epicsamurai:deepslate_onyx_ore":1,"minecraft:deepslate_diamond_ore":3,"epicsamurai:deepslate_ruby_ore":4,"minecraft:deepslate_gold_ore":5,"minecraft:wall_torch":1,"jeg:deepslate_scrap_ore":5,"epicsamurai:deepslate_jade_ore":4,"create:shaft":9,"create:gearbox":4,"rustic_engineer:solarite_ore_deep_slate":6,"minecraft:grass":1,"minecraft:deepslate_iron_ore":4,"epicsamurai:deepslate_silver_ore":1,"minecraft:deepslate":4},"minecraft:picked_up":{"minecraft:wheat":139,"minecraft:potato":1,"create:raw_zinc":1,"jeg:scrap":13,"minecraft:string":1,"epicsamurai:jade":4,"minecraft:bone":2,"minecraft:wheat_seeds":142,"minecraft:cobbled_deepslate":10,"minecraft:raw_gold":3,"create:shaft":9,"epicsamurai:raw_silver":1,"jeg:tech_trash":1,"epicsamurai:onyx":1,"rustic_engineer:raw_solarite_ore":8,"minecraft:raw_iron":4,"minecraft:torch":1,"magistuarmory:rustedchainmail_leggings":1,"create:gearbox":3,"create:vertical_gearbox":1,"minecraft:arrow":1,"minecraft:rotten_flesh":11,"minecraft:diamond":3,"magistuarmory:rusted_bastardsword":2,"epicsamurai:ruby":4,"minecraft:cobblestone":3},"minecraft:custom":{"minecraft:interact_with_furnace":3,"minecraft:mob_kills":16,"minecraft:interact_with_crafting_table":4,"minecraft:time_since_death":2360,"minecraft:sleep_in_bed":2,"minecraft:climb_one_cm":644,"minecraft:time_since_rest":2409,"minecraft:sprint_one_cm":139491,"minecraft:damage_taken":792,"minecraft:walk_one_cm":212957,"minecraft:damage_blocked_by_shield":480,"minecraft:drop":21,"minecraft:damage_dealt":2300,"minecraft:swim_one_cm":40,"minecraft:fly_one_cm":153885,"minecraft:open_chest":48,"minecraft:crouch_one_cm":1160,"minecraft:play_time":70859,"minecraft:deaths":1,"minecraft:sneak_time":477,"minecraft:walk_under_water_one_cm":6966,"minecraft:jump":785,"minecraft:walk_on_water_one_cm":14274,"minecraft:total_world_time":70859,"minecraft:fall_one_cm":13126},"minecraft:killed_by":{"minecraft:creeper":1},"minecraft:crafted":{"minecraft:oak_planks":8,"minecraft:glass":21,"minecraft:diamond_pickaxe":1,"create:large_cogwheel":1,"create:cogwheel":1},"minecraft:killed":{"minecraft:spider":2,"minecraft:creeper":1,"minecraft:skeleton":3,"minecraft:zombie":10}},"DataVersion":3465}