{"stats":{"minecraft:killed":{"minecraft:spider":3,"minecraft:skeleton":8,"minecraft:creeper":3,"alexsmobs:crimson_mosquito":1,"minecraft:zombie":19,"minecraft:ghast":3,"minecraft:blaze":2,"mca:male_zombie_villager":1,"minecraft:drowned":1,"minecraft:wither_skeleton":7,"minecraft:enderman":1},"minecraft:used":{"minecraft:moss_block":5,"mcwlights:wall_lantern":2,"create:deployer":25,"minecraft:iron_shovel":65,"create:portable_storage_interface":16,"minecraft:chest":21,"minecraft:shield":17,"minecraft:iron_sword":138,"create:mechanical_bearing":3,"create:fluid_tank":22,"create:cogwheel":22,"create:mechanical_crafter":21,"minecraft:carrot":71,"create:depot":6,"minecraft:beehive":1,"minecraft:glass":287,"minecraft:lava_bucket":2,"mcwdoors:spruce_glass_door":1,"minecraft:grass_block":21,"minecraft:stone_bricks":159,"create:rotation_speed_controller":14,"create:shaft":136,"create:steam_engine":8,"minecraft:furnace":8,"mcwfences:modern_deepslate_brick_wall":36,"create:crushing_wheel":2,"minecraft:oak_planks":11,"create:mechanical_saw":2,"minecraft:crossbow":21,"minecraft:deepslate_brick_stairs":29,"minecraft:deepslate_tiles":167,"minecraft:lever":15,"create:copper_backtank":2,"minecraft:bread":70,"minecraft:spore_blossom":1,"create:andesite_casing":1,"minecraft:gravel":22,"minecraft:lilac":1,"create:basin":4,"jeg:waterpipe_shotgun":20,"create:steam_whistle":6,"create:vertical_gearbox":56,"create:large_cogwheel":32,"minecraft:oak_trapdoor":17,"create:weighted_ejector":3,"minecraft:flint_and_steel":1,"minecraft:torch":70,"create:mechanical_pump":6,"minecraft:dirt":148,"create:mechanical_mixer":2,"minecraft:hopper":2,"create:attribute_filter":2,"minecraft:spruce_stairs":41,"create:spruce_window":77,"create:chute":5,"minecraft:iron_hoe":80,"create:wrench":146,"create:gearbox":32,"minecraft:iron_axe":20,"create:encased_chain_drive":69,"jeg:double_barrel_shotgun":19,"minecraft:basalt":10,"create:radial_chassis":5,"mcwdoors:oak_glass_door":1,"create:fluid_pipe":12,"minecraft:cobbled_deepslate":12,"create:belt_connector":26,"minecraft:iron_leggings":1,"create:gearshift":9,"minecraft:water_bucket":34,"minecraft:cobblestone_stairs":12,"create:empty_blaze_burner":1,"minecraft:baked_potato":19,"create:brass_tunnel":5,"create:blaze_burner":1,"create:encased_fan":3,"create:brass_funnel":5,"minecraft:crafting_table":1,"create:mechanical_harvester":4,"mcwfences:modern_stone_brick_wall":35,"minecraft:campfire":11,"minecraft:smoker":8,"mcwwindows:spruce_window2":50,"minecraft:deepslate_tile_wall":14,"minecraft:oak_log":41,"create:linear_chassis":1,"minecraft:diamond_pickaxe":233,"create:mechanical_press":1,"minecraft:iron_pickaxe":143,"create:water_wheel":2,"minecraft:cobblestone":593,"minecraft:bucket":16,"create:clutch":8,"create:hand_crank":2},"minecraft:custom":{"minecraft:interact_with_crafting_table":64,"minecraft:open_barrel":20,"minecraft:leave_game":5,"minecraft:time_since_death":65406,"minecraft:sprint_one_cm":1135821,"minecraft:damage_blocked_by_shield":1080,"minecraft:drop":213,"minecraft:play_time":714108,"minecraft:deaths":9,"minecraft:jump":5396,"minecraft:walk_on_water_one_cm":83116,"minecraft:interact_with_furnace":32,"minecraft:sleep_in_bed":16,"minecraft:damage_dealt":5254,"minecraft:crouch_one_cm":60878,"minecraft:interact_with_smoker":3,"minecraft:mob_kills":50,"minecraft:inspect_hopper":4,"minecraft:climb_one_cm":1496,"minecraft:walk_one_cm":2290390,"minecraft:sneak_time":16709,"minecraft:walk_under_water_one_cm":62764,"minecraft:interact_with_blast_furnace":16,"minecraft:total_world_time":714108,"minecraft:time_since_rest":2426,"minecraft:damage_taken":5053,"minecraft:swim_one_cm":75131,"minecraft:fly_one_cm":1212981,"minecraft:open_chest":401,"minecraft:fall_one_cm":62335},"minecraft:picked_up":{"minecraft:wheat":314,"minecraft:lead":2,"create:copper_diving_boots":1,"minecraft:string":2,"create:limestone":18,"minecraft:gold_nugget":2,"minecraft:cobbled_deepslate":12,"minecraft:beehive":2,"minecraft:golden_helmet":1,"minecraft:stick":68,"create:mechanical_mixer":1,"minecraft:composter":1,"minecraft:torch":17,"create:andesite_casing":4,"create:large_cogwheel":11,"minecraft:stone_sword":1,"minecraft:rotten_flesh":24,"minecraft:cobblestone":1878,"minecraft:lilac":2,"minecraft:andesite":2,"minecraft:smoker":8,"minecraft:potato":1,"create:belt_connector":1,"minecraft:flint":1,"create:raw_zinc":2,"jeg:scrap":25,"create:incomplete_precision_mechanism":10,"rustic_engineer:book_airship":1,"alexsmobs:rocky_shell":1,"minecraft:dirt":84,"create:encased_chain_drive":2,"minecraft:bone":16,"minecraft:wheat_seeds":387,"minecraft:raw_gold":3,"create:shaft":47,"minecraft:moss_block":10,"minecraft:oak_planks":7,"epicsamurai:raw_silver":1,"create:radial_chassis":1,"create:gearshift":1,"create:cogwheel":3,"minecraft:sand":1,"create:steam_whistle":4,"minecraft:grass_block":1,"minecraft:diamond":3,"minecraft:lever":7,"magistuarmory:corruptedroundshield":2,"minecraft:granite":57,"minecraft:oak_sapling":28,"epicsamurai:ruby":4,"minecraft:netherrack":3,"create:precision_mechanism":5,"minecraft:diamond_pickaxe":1,"minecraft:fishing_rod":1,"create:copper_sheet":12,"minecraft:charcoal":82,"create:rotation_speed_controller":8,"create:mechanical_harvester":4,"create:fluid_pipe":6,"create:scorchia":1,"epicsamurai:jade":4,"create:chute":2,"create:basin":1,"minecraft:iron_nugget":93,"minecraft:chest":2,"create:clutch":1,"create:linear_chassis":1,"minecraft:raw_iron":5,"minecraft:stone":1,"create:golden_sheet":20,"minecraft:copper_ingot":8,"create:copper_backtank":3,"minecraft:carrot":2,"magistuarmory:maximilian_chestplate":1,"create:vertical_gearbox":8,"create:steam_engine":3,"minecraft:dark_oak_planks":1,"create:deployer":1,"minecraft:arrow":8,"jeg:waterpipe_shotgun":1,"magistuarmory:steel_zweihander":1,"minecraft:gold_ingot":1,"minecraft:glow_berries":8,"jeg:raw_brimstone":83,"minecraft:stripped_oak_log":1,"create:iron_sheet":11,"mcwfences:modern_deepslate_brick_wall":1,"minecraft:basalt":22,"epicsamurai:spirit_upgrade_smithing_template":1,"create:andesite_alloy":16,"minecraft:oak_log":721,"minecraft:gunpowder":2,"create:crushing_wheel":2,"minecraft:stone_bricks":1,"minecraft:spore_blossom":2,"magistuarmory:gothic_leggings":1,"minecraft:iron_ingot":6,"jeg:double_barrel_shotgun":1,"epicsamurai:aquamarine":14,"minecraft:flowering_azalea":4,"jeg:tech_trash":2,"epicsamurai:onyx":1,"rustic_engineer:raw_solarite_ore":8,"create:mechanical_bearing":1,"minecraft:gravel":17,"create:brass_tunnel":1,"magistuarmory:rustedchainmail_leggings":1,"magistuarmory:gothic_chestplate":1,"create:gearbox":11,"create:copper_diving_helmet":1,"jeg:handmade_shell":70,"magistuarmory:rusted_bastardsword":3,"minecraft:rib_armor_trim_smithing_template":1,"create:mechanical_pump":4,"create:portable_storage_interface":4,"minecraft:baked_potato":30,"minecraft:coal":15,"minecraft:hopper":1,"minecraft:ender_pearl":1},"minecraft:killed_by":{"minecraft:wither_skeleton":3,"minecraft:creeper":1,"minecraft:blaze":1,"minecraft:zombie":1,"alexsmobs:rocky_roller":1,"minecraft:skeleton":1},"minecraft:crafted":{"minecraft:oak_planks":272,"minecraft:barrel":11,"minecraft:cobblestone_stairs":12,"minecraft:lever":5,"create:vertical_gearbox":3,"minecraft:hopper":2,"minecraft:glass":21,"create:rotation_speed_controller":1,"minecraft:chest":10,"minecraft:copper_block":2,"create:cogwheel":9,"minecraft:smoker":8,"minecraft:oak_slab":30,"minecraft:crafting_table":1,"minecraft:copper_ingot":99,"create:gearshift":1,"minecraft:campfire":2,"create:mechanical_mixer":1,"create:gearbox":2,"jeg:brimstone_crystal":77,"minecraft:charcoal":278,"minecraft:diamond_pickaxe":1,"create:water_wheel":1,"create:portable_storage_interface":1,"minecraft:stick":24,"create:large_cogwheel":2,"create:empty_blaze_burner":1,"create:chute":4,"create:steam_engine":2,"minecraft:iron_nugget":135,"minecraft:furnace":16,"minecraft:flint_and_steel":1,"minecraft:iron_hoe":1,"create:fluid_tank":11,"create:basin":2,"create:steam_whistle":1,"create:andesite_alloy":13,"create:hand_crank":1,"minecraft:iron_sword":1,"create:goggles":1,"minecraft:bucket":1,"minecraft:bread":149,"minecraft:air":0,"create:whisk":1,"minecraft:gunpowder":68,"minecraft:iron_shovel":1,"create:shaft":16,"minecraft:torch":52,"create:zinc_ingot":9},"minecraft:dropped":{"minecraft:moss_block":5,"minecraft:oak_log":64,"minecraft:baked_potato":11,"minecraft:spore_blossom":1,"create:incomplete_precision_mechanism":11,"create:copper_diving_helmet":1,"minecraft:flint":1,"minecraft:grass":1,"create:copper_backtank":2,"magistuarmory:rusted_bastardsword":2,"magistuarmory:corruptedroundshield":1,"jeg:tech_trash":5,"minecraft:gold_ingot":7,"minecraft:bone":1,"magistuarmory:rustedchainmail_leggings":1,"minecraft:iron_nugget":55,"alexsmobs:animal_dictionary":1,"minecraft:wheat":52,"minecraft:rotten_flesh":2,"minecraft:beehive":1,"minecraft:iron_ingot":13,"minecraft:bread":64,"minecraft:wheat_seeds":1673,"minecraft:lilac":1,"minecraft:cobblestone":3138,"create:precision_mechanism":2,"minecraft:granite":57,"minecraft:copper_ingot":30,"minecraft:grass_block":2,"minecraft:stick":8,"create:copper_diving_boots":1,"minecraft:flowering_azalea":2,"minecraft:kelp":7,"create:zinc_ingot":10,"minecraft:diamond_pickaxe":1,"minecraft:oak_sapling":1,"minecraft:stone_bricks":1,"magistuarmory:silver_concavehalberd":1,"create:golden_sheet":9},"minecraft:broken":{"minecraft:iron_pickaxe":1},"minecraft:mined":{"create:deepslate_zinc_ore":2,"create:andesite_casing":4,"minecraft:cave_vines_plant":7,"minecraft:granite":61,"minecraft:grass_block":50,"minecraft:composter":1,"minecraft:hopper":1,"create:powered_shaft":2,"create:belt":1,"create:rotation_speed_controller":7,"epicsamurai:deepslate_jade_ore":4,"minecraft:iron_ore":1,"minecraft:cobbled_deepslate":2,"minecraft:fire":2,"minecraft:cave_vines":9,"minecraft:flowering_azalea_leaves":3,"epicsamurai:deepslate_silver_ore":1,"create:gearshift":1,"minecraft:azalea_leaves":2,"create:limestone":18,"create:radial_chassis":1,"create:cogwheel":3,"create:steam_engine":3,"minecraft:smoker":8,"minecraft:torch":11,"minecraft:chest":2,"minecraft:glass":6,"minecraft:cobblestone":43,"minecraft:oak_planks":3,"minecraft:wall_torch":2,"mca:cross_headstone":1,"create:basin":1,"create:portable_storage_interface":5,"epicsamurai:aquamarine_ore":9,"minecraft:wheat":59,"minecraft:lilac":1,"create:mechanical_mixer":1,"create:steam_whistle":4,"minecraft:grass":7,"minecraft:dirt":36,"create:encased_chain_drive":2,"create:clutch":1,"minecraft:netherrack":3,"create:linear_chassis":1,"minecraft:oak_leaves":3,"minecraft:deepslate":4,"create:copper_backtank":1,"minecraft:tuff":1,"epicsamurai:deepslate_onyx_ore":1,"minecraft:deepslate_diamond_ore":3,"minecraft:lever":1,"epicsamurai:deepslate_ruby_ore":4,"create:large_cogwheel":11,"minecraft:moss_block":5,"minecraft:spore_blossom":1,"create:shaft":44,"minecraft:carrots":1,"rustic_engineer:solarite_ore_deep_slate":6,"create:scorchia":1,"minecraft:andesite":2,"minecraft:deepslate_iron_ore":4,"minecraft:vine":1,"create:chute":2,"create:deployer":1,"minecraft:stripped_oak_log":1,"minecraft:flowering_azalea":2,"minecraft:basalt":22,"jeg:basalt_brimstone_ore":11,"create:fluid_pipe":6,"create:mechanical_pump":4,"minecraft:campfire":2,"minecraft:tall_grass":1,"minecraft:deepslate_gold_ore":5,"jeg:deepslate_scrap_ore":10,"create:mechanical_harvester":4,"minecraft:beehive":1,"create:gearbox":19,"minecraft:ice":43,"minecraft:coal_ore":9,"create:mechanical_bearing":1,"minecraft:gravel":4,"minecraft:small_dripleaf":2}},"DataVersion":3465}