{"stats":{"minecraft:dropped":{"minecraft:grass":1,"minecraft:wheat_seeds":1152,"minecraft:grass_block":1},"minecraft:used":{"create:shaft":9,"create:gearbox":1,"create:cogwheel":2,"minecraft:grass_block":15,"minecraft:iron_pickaxe":9,"create:vertical_gearbox":1,"minecraft:gravel":19,"minecraft:iron_leggings":1},"minecraft:picked_up":{"minecraft:wheat":139,"minecraft:wheat_seeds":142,"create:shaft":7,"create:gearbox":2,"minecraft:cobblestone":3},"minecraft:mined":{"minecraft:grass":1,"create:shaft":7,"create:gearbox":2},"minecraft:custom":{"minecraft:time_since_rest":28859,"minecraft:open_chest":6,"minecraft:crouch_one_cm":675,"minecraft:play_time":28859,"minecraft:sprint_one_cm":31251,"minecraft:walk_one_cm":59433,"minecraft:sneak_time":183,"minecraft:walk_under_water_one_cm":1390,"minecraft:drop":20,"minecraft:jump":102,"minecraft:damage_dealt":25,"minecraft:time_since_death":28859,"minecraft:walk_on_water_one_cm":2051,"minecraft:total_world_time":28859,"minecraft:interact_with_crafting_table":1,"minecraft:fly_one_cm":28489,"minecraft:fall_one_cm":209},"minecraft:crafted":{"minecraft:oak_planks":8,"create:cogwheel":1}},"DataVersion":3465}