{"stats":{"minecraft:dropped":{"minecraft:wooden_axe":2,"minecraft:netherite_sword":1},"minecraft:crafted":{"minecraft:oak_planks":8,"minecraft:stick":4,"minecraft:wooden_axe":1},"minecraft:used":{"minecraft:wooden_axe":33,"minecraft:stone_sword":5,"minecraft:apple":2,"alexsmobs:spawn_egg_grizzly_bear":1},"minecraft:picked_up":{"minecraft:wooden_axe":1,"minecraft:apple":1,"minecraft:stick":9,"minecraft:oak_log":27,"minecraft:oak_sapling":10,"minecraft:birch_sapling":3},"minecraft:killed":{"minecraft:drowned":1},"minecraft:mined":{"minecraft:oak_log":27,"minecraft:oak_leaves":9},"minecraft:custom":{"minecraft:time_since_rest":17011,"minecraft:crouch_one_cm":8,"minecraft:play_time":17011,"minecraft:sprint_one_cm":23810,"minecraft:damage_taken":50,"minecraft:walk_one_cm":47848,"minecraft:sneak_time":50,"minecraft:walk_under_water_one_cm":2619,"minecraft:mob_kills":1,"minecraft:drop":3,"minecraft:jump":71,"minecraft:damage_dealt":199,"minecraft:time_since_death":17011,"minecraft:walk_on_water_one_cm":258,"minecraft:total_world_time":17011,"minecraft:swim_one_cm":1538,"minecraft:interact_with_crafting_table":1,"minecraft:fall_one_cm":1074,"minecraft:fly_one_cm":17499}},"DataVersion":3465}