{"stats":{"minecraft:dropped":{"minecraft:grass":1,"minecraft:wheat_seeds":1152,"minecraft:grass_block":1},"minecraft:used":{"minecraft:grass_block":15,"create:gearbox":2,"minecraft:bread":3,"minecraft:iron_pickaxe":14,"minecraft:gravel":19,"create:shaft":10,"create:cogwheel":2,"minecraft:crossbow":7,"create:vertical_gearbox":2,"minecraft:iron_leggings":1,"create:large_cogwheel":2},"minecraft:mined":{"create:cogwheel":1,"create:shaft":9,"create:gearbox":4,"minecraft:grass":1},"minecraft:picked_up":{"minecraft:wheat":139,"create:gearbox":3,"create:vertical_gearbox":1,"minecraft:rotten_flesh":2,"minecraft:wheat_seeds":142,"create:shaft":9,"minecraft:cobblestone":3},"minecraft:custom":{"minecraft:time_since_rest":5282,"minecraft:interact_with_furnace":3,"minecraft:sprint_one_cm":68457,"minecraft:damage_taken":14,"minecraft:walk_one_cm":104284,"minecraft:mob_kills":2,"minecraft:drop":20,"minecraft:damage_dealt":25,"minecraft:interact_with_crafting_table":4,"minecraft:fly_one_cm":69206,"minecraft:open_chest":48,"minecraft:crouch_one_cm":1091,"minecraft:play_time":46859,"minecraft:sneak_time":423,"minecraft:walk_under_water_one_cm":3969,"minecraft:jump":285,"minecraft:walk_on_water_one_cm":4080,"minecraft:time_since_death":46859,"minecraft:climb_one_cm":286,"minecraft:sleep_in_bed":2,"minecraft:total_world_time":46859,"minecraft:fall_one_cm":1432},"minecraft:crafted":{"minecraft:glass":21,"minecraft:oak_planks":8,"minecraft:diamond_pickaxe":1,"create:large_cogwheel":1,"create:cogwheel":1},"minecraft:killed":{"minecraft:zombie":1,"minecraft:creeper":1}},"DataVersion":3465}