{"stats":{"minecraft:dropped":{"minecraft:grass":1,"minecraft:wheat_seeds":1152,"minecraft:grass_block":1,"minecraft:bone":1},"minecraft:used":{"minecraft:diamond_pickaxe":15,"minecraft:grass_block":15,"create:gearbox":2,"minecraft:bread":9,"minecraft:iron_pickaxe":21,"minecraft:shield":3,"minecraft:iron_sword":34,"minecraft:gravel":19,"minecraft:torch":8,"create:shaft":10,"create:cogwheel":2,"minecraft:crossbow":7,"create:vertical_gearbox":2,"minecraft:iron_leggings":1,"create:large_cogwheel":2},"minecraft:custom":{"minecraft:time_since_rest":17282,"minecraft:damage_blocked_by_shield":255,"minecraft:interact_with_furnace":3,"minecraft:sprint_one_cm":93923,"minecraft:damage_taken":410,"minecraft:walk_one_cm":164552,"minecraft:mob_kills":9,"minecraft:drop":21,"minecraft:damage_dealt":1288,"minecraft:swim_one_cm":40,"minecraft:interact_with_crafting_table":4,"minecraft:fly_one_cm":101588,"minecraft:open_chest":48,"minecraft:crouch_one_cm":1160,"minecraft:play_time":58859,"minecraft:sneak_time":477,"minecraft:walk_under_water_one_cm":6864,"minecraft:jump":497,"minecraft:walk_on_water_one_cm":8353,"minecraft:time_since_death":58859,"minecraft:climb_one_cm":644,"minecraft:sleep_in_bed":2,"minecraft:total_world_time":58859,"minecraft:fall_one_cm":6983},"minecraft:picked_up":{"minecraft:raw_iron":4,"rustic_engineer:raw_solarite_ore":7,"minecraft:wheat":139,"minecraft:torch":1,"create:raw_zinc":1,"jeg:scrap":10,"magistuarmory:rustedchainmail_leggings":1,"create:gearbox":3,"create:vertical_gearbox":1,"minecraft:bone":2,"minecraft:arrow":1,"minecraft:rotten_flesh":6,"magistuarmory:rusted_bastardsword":2,"minecraft:wheat_seeds":142,"minecraft:cobbled_deepslate":8,"minecraft:raw_gold":1,"create:shaft":9,"epicsamurai:raw_silver":1,"jeg:tech_trash":1,"minecraft:cobblestone":3,"epicsamurai:onyx":1},"minecraft:mined":{"create:deepslate_zinc_ore":1,"jeg:deepslate_scrap_ore":5,"create:cogwheel":1,"create:shaft":9,"epicsamurai:deepslate_onyx_ore":1,"rustic_engineer:solarite_ore_deep_slate":5,"create:gearbox":4,"minecraft:grass":1,"minecraft:deepslate_iron_ore":4,"epicsamurai:deepslate_silver_ore":1,"minecraft:deepslate_gold_ore":1,"minecraft:wall_torch":1,"minecraft:deepslate":3},"minecraft:crafted":{"minecraft:glass":21,"minecraft:oak_planks":8,"minecraft:diamond_pickaxe":1,"create:large_cogwheel":1,"create:cogwheel":1},"minecraft:killed":{"minecraft:skeleton":3,"minecraft:zombie":5,"minecraft:creeper":1}},"DataVersion":3465}