{"stats":{"minecraft:killed":{"mca:male_zombie_villager":1,"minecraft:spider":3,"minecraft:skeleton":3,"minecraft:creeper":1,"minecraft:zombie":14,"minecraft:enderman":1},"minecraft:used":{"minecraft:oak_trapdoor":17,"create:deployer":19,"create:weighted_ejector":3,"minecraft:flint_and_steel":1,"create:portable_storage_interface":4,"minecraft:chest":6,"minecraft:shield":15,"minecraft:iron_sword":96,"create:mechanical_bearing":1,"minecraft:torch":20,"create:fluid_tank":22,"minecraft:dirt":54,"create:mechanical_pump":6,"create:mechanical_mixer":2,"minecraft:hopper":2,"create:cogwheel":22,"create:attribute_filter":2,"minecraft:spruce_stairs":1,"create:mechanical_crafter":21,"create:depot":6,"minecraft:lava_bucket":2,"create:chute":2,"minecraft:glass":13,"create:gearbox":32,"create:wrench":105,"minecraft:iron_axe":16,"minecraft:grass_block":15,"minecraft:stone_bricks":159,"create:encased_chain_drive":69,"create:rotation_speed_controller":14,"create:radial_chassis":3,"create:shaft":136,"create:steam_engine":8,"create:fluid_pipe":12,"minecraft:cobbled_deepslate":12,"create:belt_connector":26,"minecraft:iron_leggings":1,"create:gearshift":9,"minecraft:water_bucket":19,"create:crushing_wheel":2,"create:empty_blaze_burner":1,"minecraft:oak_planks":3,"create:brass_tunnel":5,"create:blaze_burner":1,"create:encased_fan":3,"create:brass_funnel":5,"minecraft:crossbow":11,"minecraft:campfire":11,"minecraft:oak_log":4,"minecraft:lever":15,"minecraft:diamond_pickaxe":55,"create:copper_backtank":2,"create:mechanical_press":1,"minecraft:bread":44,"minecraft:iron_pickaxe":143,"create:water_wheel":1,"create:andesite_casing":1,"minecraft:gravel":22,"create:basin":4,"minecraft:cobblestone":498,"minecraft:bucket":3,"create:hand_crank":2,"create:clutch":8,"create:vertical_gearbox":56,"create:steam_whistle":6,"create:large_cogwheel":32},"minecraft:custom":{"minecraft:mob_kills":24,"minecraft:inspect_hopper":3,"minecraft:interact_with_crafting_table":48,"minecraft:leave_game":3,"minecraft:time_since_death":392435,"minecraft:climb_one_cm":644,"minecraft:damage_blocked_by_shield":900,"minecraft:sprint_one_cm":617252,"minecraft:walk_one_cm":1264233,"minecraft:drop":163,"minecraft:play_time":460934,"minecraft:sneak_time":6741,"minecraft:deaths":1,"minecraft:walk_under_water_one_cm":52994,"minecraft:jump":2754,"minecraft:interact_with_blast_furnace":10,"minecraft:walk_on_water_one_cm":64603,"minecraft:total_world_time":460934,"minecraft:interact_with_furnace":3,"minecraft:sleep_in_bed":14,"minecraft:time_since_rest":27120,"minecraft:damage_taken":1400,"minecraft:damage_dealt":4034,"minecraft:swim_one_cm":53913,"minecraft:fly_one_cm":520980,"minecraft:open_chest":249,"minecraft:crouch_one_cm":24308,"minecraft:fall_one_cm":26847},"minecraft:picked_up":{"create:copper_sheet":12,"minecraft:charcoal":4,"minecraft:wheat":314,"minecraft:lead":2,"create:rotation_speed_controller":8,"create:copper_diving_boots":1,"create:mechanical_harvester":4,"minecraft:string":2,"create:fluid_pipe":6,"epicsamurai:jade":4,"create:chute":2,"minecraft:cobbled_deepslate":12,"create:basin":1,"minecraft:iron_nugget":93,"create:clutch":1,"minecraft:stick":2,"minecraft:raw_iron":4,"create:mechanical_mixer":1,"minecraft:stone":1,"create:golden_sheet":19,"minecraft:copper_ingot":8,"minecraft:torch":2,"create:andesite_casing":4,"create:copper_backtank":3,"create:steam_engine":3,"create:vertical_gearbox":7,"create:deployer":1,"create:large_cogwheel":11,"minecraft:arrow":3,"minecraft:rotten_flesh":17,"jeg:waterpipe_shotgun":1,"minecraft:gold_ingot":1,"minecraft:cobblestone":573,"minecraft:stripped_oak_log":1,"create:iron_sheet":11,"minecraft:potato":1,"create:belt_connector":1,"minecraft:flint":1,"create:raw_zinc":1,"create:andesite_alloy":16,"jeg:scrap":13,"create:incomplete_precision_mechanism":10,"minecraft:dirt":7,"create:encased_chain_drive":2,"minecraft:bone":6,"create:crushing_wheel":2,"minecraft:wheat_seeds":384,"minecraft:raw_gold":3,"minecraft:iron_ingot":6,"create:shaft":47,"jeg:tech_trash":1,"epicsamurai:raw_silver":1,"minecraft:oak_planks":7,"create:radial_chassis":1,"create:gearshift":1,"epicsamurai:onyx":1,"rustic_engineer:raw_solarite_ore":8,"create:cogwheel":3,"minecraft:gravel":13,"create:steam_whistle":4,"create:brass_tunnel":1,"magistuarmory:rustedchainmail_leggings":1,"create:gearbox":11,"create:copper_diving_helmet":1,"minecraft:diamond":3,"magistuarmory:rusted_bastardsword":2,"minecraft:lever":7,"create:mechanical_pump":4,"magistuarmory:corruptedroundshield":2,"create:portable_storage_interface":3,"minecraft:oak_sapling":1,"epicsamurai:ruby":4,"minecraft:netherrack":3,"create:precision_mechanism":4,"minecraft:ender_pearl":1},"minecraft:killed_by":{"minecraft:creeper":1},"minecraft:crafted":{"create:chute":4,"minecraft:oak_planks":188,"minecraft:barrel":11,"create:steam_engine":2,"minecraft:iron_nugget":135,"minecraft:lever":3,"minecraft:flint_and_steel":1,"create:vertical_gearbox":3,"minecraft:glass":21,"create:rotation_speed_controller":1,"minecraft:hopper":2,"create:fluid_tank":11,"minecraft:chest":6,"minecraft:copper_block":2,"create:basin":2,"create:cogwheel":9,"create:steam_whistle":1,"minecraft:oak_slab":30,"create:andesite_alloy":13,"create:hand_crank":1,"create:goggles":1,"minecraft:bucket":1,"create:gearshift":1,"minecraft:campfire":2,"create:mechanical_mixer":1,"minecraft:bread":21,"minecraft:air":0,"create:gearbox":2,"create:whisk":1,"minecraft:diamond_pickaxe":1,"create:portable_storage_interface":1,"minecraft:stick":12,"create:large_cogwheel":2,"create:shaft":16,"minecraft:torch":8,"create:zinc_ingot":9,"create:empty_blaze_burner":1},"minecraft:dropped":{"minecraft:iron_ingot":13,"minecraft:wheat_seeds":1672,"minecraft:cobblestone":2366,"create:incomplete_precision_mechanism":11,"create:precision_mechanism":1,"minecraft:copper_ingot":30,"minecraft:grass_block":1,"minecraft:flint":1,"minecraft:stick":3,"create:copper_diving_helmet":1,"minecraft:grass":1,"create:copper_backtank":2,"create:copper_diving_boots":1,"magistuarmory:rusted_bastardsword":2,"magistuarmory:corruptedroundshield":1,"jeg:tech_trash":2,"minecraft:gold_ingot":6,"minecraft:bone":1,"magistuarmory:rustedchainmail_leggings":1,"minecraft:kelp":7,"minecraft:iron_nugget":55,"alexsmobs:animal_dictionary":1,"minecraft:wheat":52,"minecraft:rotten_flesh":2,"create:zinc_ingot":10,"minecraft:oak_sapling":1,"create:golden_sheet":9},"minecraft:broken":{"minecraft:iron_pickaxe":1},"minecraft:mined":{"create:copper_backtank":1,"create:deepslate_zinc_ore":1,"minecraft:tuff":1,"epicsamurai:deepslate_onyx_ore":1,"minecraft:deepslate_diamond_ore":3,"create:andesite_casing":4,"minecraft:lever":1,"epicsamurai:deepslate_ruby_ore":4,"minecraft:grass_block":4,"create:large_cogwheel":11,"create:belt":1,"create:powered_shaft":2,"create:rotation_speed_controller":7,"epicsamurai:deepslate_jade_ore":4,"create:shaft":44,"rustic_engineer:solarite_ore_deep_slate":6,"minecraft:cobbled_deepslate":2,"minecraft:fire":1,"minecraft:deepslate_iron_ore":4,"create:chute":2,"epicsamurai:deepslate_silver_ore":1,"create:deployer":1,"minecraft:stripped_oak_log":1,"create:gearshift":1,"create:radial_chassis":1,"create:cogwheel":3,"create:steam_engine":3,"create:fluid_pipe":6,"create:mechanical_pump":4,"minecraft:campfire":2,"minecraft:glass":6,"minecraft:cobblestone":19,"minecraft:deepslate_gold_ore":5,"minecraft:oak_planks":3,"minecraft:wall_torch":1,"mca:cross_headstone":1,"create:basin":1,"jeg:deepslate_scrap_ore":5,"create:mechanical_harvester":4,"create:portable_storage_interface":4,"create:gearbox":18,"minecraft:wheat":59,"create:mechanical_mixer":1,"create:steam_whistle":4,"minecraft:grass":2,"minecraft:dirt":4,"create:encased_chain_drive":2,"minecraft:netherrack":3,"create:clutch":1,"minecraft:deepslate":4}},"DataVersion":3465}