{"stats":{"minecraft:killed":{"mca:male_zombie_villager":1,"minecraft:spider":2,"minecraft:skeleton":3,"minecraft:creeper":1,"minecraft:zombie":13,"minecraft:enderman":1},"minecraft:used":{"minecraft:oak_trapdoor":13,"create:deployer":19,"minecraft:flint_and_steel":1,"create:portable_storage_interface":4,"minecraft:chest":2,"minecraft:shield":8,"minecraft:iron_sword":86,"minecraft:torch":8,"create:fluid_tank":10,"minecraft:dirt":4,"create:mechanical_pump":4,"create:mechanical_mixer":2,"minecraft:hopper":1,"create:cogwheel":19,"minecraft:spruce_stairs":1,"create:mechanical_crafter":21,"create:depot":6,"create:chute":2,"create:wrench":104,"create:gearbox":28,"minecraft:iron_axe":16,"minecraft:grass_block":15,"create:encased_chain_drive":37,"create:rotation_speed_controller":10,"create:shaft":105,"create:steam_engine":5,"create:fluid_pipe":6,"minecraft:cobbled_deepslate":12,"create:belt_connector":20,"minecraft:iron_leggings":1,"create:gearshift":7,"minecraft:water_bucket":8,"create:crushing_wheel":2,"create:empty_blaze_burner":1,"minecraft:oak_planks":3,"create:brass_tunnel":3,"create:blaze_burner":1,"create:encased_fan":3,"create:brass_funnel":2,"minecraft:crossbow":11,"minecraft:campfire":2,"minecraft:oak_log":4,"minecraft:lever":11,"minecraft:diamond_pickaxe":25,"create:copper_backtank":2,"minecraft:bread":31,"minecraft:iron_pickaxe":143,"create:andesite_casing":1,"minecraft:gravel":19,"create:basin":3,"minecraft:cobblestone":331,"minecraft:bucket":2,"create:clutch":7,"create:hand_crank":2,"create:vertical_gearbox":47,"create:steam_whistle":5,"create:large_cogwheel":27},"minecraft:custom":{"minecraft:mob_kills":22,"minecraft:inspect_hopper":3,"minecraft:interact_with_crafting_table":42,"minecraft:leave_game":2,"minecraft:time_since_death":236911,"minecraft:climb_one_cm":644,"minecraft:sprint_one_cm":385354,"minecraft:walk_one_cm":845484,"minecraft:damage_blocked_by_shield":480,"minecraft:drop":114,"minecraft:play_time":305410,"minecraft:deaths":1,"minecraft:sneak_time":4574,"minecraft:walk_under_water_one_cm":45002,"minecraft:jump":2051,"minecraft:interact_with_blast_furnace":8,"minecraft:walk_on_water_one_cm":54487,"minecraft:total_world_time":305410,"minecraft:interact_with_furnace":3,"minecraft:sleep_in_bed":9,"minecraft:time_since_rest":23739,"minecraft:damage_taken":1064,"minecraft:damage_dealt":3675,"minecraft:swim_one_cm":40331,"minecraft:fly_one_cm":384070,"minecraft:open_chest":204,"minecraft:crouch_one_cm":17104,"minecraft:fall_one_cm":23116},"minecraft:picked_up":{"create:copper_sheet":12,"minecraft:charcoal":4,"minecraft:wheat":255,"minecraft:lead":2,"create:rotation_speed_controller":7,"create:copper_diving_boots":1,"minecraft:string":1,"create:fluid_pipe":6,"epicsamurai:jade":4,"create:chute":2,"minecraft:cobbled_deepslate":12,"create:basin":1,"minecraft:iron_nugget":63,"create:clutch":1,"minecraft:stone":1,"minecraft:stick":2,"minecraft:raw_iron":4,"create:mechanical_mixer":1,"create:golden_sheet":18,"minecraft:copper_ingot":8,"minecraft:torch":1,"create:andesite_casing":4,"create:copper_backtank":3,"create:steam_engine":3,"create:vertical_gearbox":7,"create:deployer":1,"create:large_cogwheel":11,"minecraft:rotten_flesh":15,"minecraft:arrow":1,"minecraft:gold_ingot":1,"minecraft:cobblestone":382,"minecraft:stripped_oak_log":1,"create:iron_sheet":11,"minecraft:potato":1,"create:belt_connector":1,"create:raw_zinc":1,"create:andesite_alloy":16,"jeg:scrap":13,"create:incomplete_precision_mechanism":6,"minecraft:dirt":7,"create:encased_chain_drive":1,"create:crushing_wheel":2,"minecraft:bone":2,"minecraft:wheat_seeds":214,"minecraft:raw_gold":3,"minecraft:iron_ingot":2,"create:shaft":47,"jeg:tech_trash":1,"epicsamurai:raw_silver":1,"minecraft:oak_planks":7,"create:gearshift":1,"epicsamurai:onyx":1,"rustic_engineer:raw_solarite_ore":8,"create:cogwheel":3,"minecraft:gravel":13,"create:steam_whistle":4,"create:brass_tunnel":1,"magistuarmory:rustedchainmail_leggings":1,"create:gearbox":11,"create:copper_diving_helmet":1,"minecraft:diamond":3,"magistuarmory:rusted_bastardsword":2,"minecraft:lever":6,"create:mechanical_pump":4,"magistuarmory:corruptedroundshield":2,"create:portable_storage_interface":3,"minecraft:oak_sapling":1,"epicsamurai:ruby":4,"minecraft:netherrack":3,"create:precision_mechanism":3,"minecraft:ender_pearl":1},"minecraft:killed_by":{"minecraft:creeper":1},"minecraft:crafted":{"create:chute":4,"minecraft:oak_planks":128,"minecraft:barrel":11,"create:steam_engine":2,"minecraft:iron_nugget":27,"minecraft:lever":1,"minecraft:flint_and_steel":1,"create:vertical_gearbox":3,"minecraft:glass":21,"create:rotation_speed_controller":1,"minecraft:hopper":1,"create:fluid_tank":11,"minecraft:chest":3,"minecraft:copper_block":2,"create:basin":2,"create:cogwheel":9,"create:steam_whistle":1,"minecraft:oak_slab":30,"create:andesite_alloy":13,"create:hand_crank":1,"create:goggles":1,"create:gearshift":1,"minecraft:campfire":2,"create:mechanical_mixer":1,"minecraft:bread":21,"minecraft:air":0,"create:gearbox":2,"create:whisk":1,"minecraft:diamond_pickaxe":1,"create:portable_storage_interface":1,"minecraft:stick":8,"create:large_cogwheel":2,"create:shaft":16,"create:zinc_ingot":9,"create:empty_blaze_burner":1},"minecraft:dropped":{"minecraft:iron_ingot":13,"minecraft:wheat_seeds":1672,"minecraft:cobblestone":48,"create:incomplete_precision_mechanism":7,"create:precision_mechanism":1,"minecraft:copper_ingot":30,"minecraft:grass_block":1,"minecraft:stick":3,"create:copper_diving_helmet":1,"minecraft:grass":1,"create:copper_backtank":2,"create:copper_diving_boots":1,"magistuarmory:rusted_bastardsword":2,"magistuarmory:corruptedroundshield":1,"jeg:tech_trash":2,"minecraft:gold_ingot":5,"minecraft:bone":1,"magistuarmory:rustedchainmail_leggings":1,"minecraft:kelp":7,"alexsmobs:animal_dictionary":1,"create:zinc_ingot":10,"minecraft:oak_sapling":1,"create:golden_sheet":8},"minecraft:broken":{"minecraft:iron_pickaxe":1},"minecraft:mined":{"create:copper_backtank":1,"create:deepslate_zinc_ore":1,"minecraft:tuff":1,"epicsamurai:deepslate_onyx_ore":1,"minecraft:deepslate_diamond_ore":3,"create:andesite_casing":4,"minecraft:lever":1,"epicsamurai:deepslate_ruby_ore":4,"minecraft:grass_block":4,"create:large_cogwheel":11,"create:belt":1,"create:powered_shaft":2,"create:rotation_speed_controller":7,"epicsamurai:deepslate_jade_ore":4,"create:shaft":44,"rustic_engineer:solarite_ore_deep_slate":6,"minecraft:cobbled_deepslate":2,"minecraft:fire":1,"minecraft:deepslate_iron_ore":4,"create:chute":2,"epicsamurai:deepslate_silver_ore":1,"create:deployer":1,"minecraft:stripped_oak_log":1,"create:gearshift":1,"create:cogwheel":3,"create:steam_engine":3,"create:fluid_pipe":6,"create:mechanical_pump":4,"minecraft:campfire":2,"minecraft:cobblestone":5,"minecraft:deepslate_gold_ore":5,"minecraft:oak_planks":3,"minecraft:wall_torch":1,"create:basin":1,"jeg:deepslate_scrap_ore":5,"create:portable_storage_interface":4,"create:gearbox":18,"create:mechanical_mixer":1,"create:steam_whistle":4,"minecraft:grass":2,"minecraft:dirt":3,"create:encased_chain_drive":1,"minecraft:netherrack":3,"create:clutch":1,"minecraft:deepslate":4}},"DataVersion":3465}