{"stats":{"minecraft:killed":{"mca:male_zombie_villager":1,"minecraft:spider":3,"minecraft:skeleton":4,"minecraft:creeper":1,"minecraft:zombie":14,"minecraft:enderman":1},"minecraft:used":{"minecraft:oak_trapdoor":17,"mcwlights:wall_lantern":2,"create:deployer":25,"create:weighted_ejector":3,"minecraft:flint_and_steel":1,"create:portable_storage_interface":15,"minecraft:chest":17,"minecraft:shield":15,"minecraft:iron_sword":105,"create:mechanical_bearing":2,"minecraft:torch":36,"create:fluid_tank":22,"minecraft:dirt":67,"create:mechanical_pump":6,"create:mechanical_mixer":2,"minecraft:hopper":2,"create:cogwheel":22,"create:attribute_filter":2,"minecraft:spruce_stairs":41,"create:mechanical_crafter":21,"create:depot":6,"create:spruce_window":77,"minecraft:lava_bucket":2,"create:chute":5,"minecraft:glass":127,"mcwdoors:spruce_glass_door":1,"create:gearbox":32,"create:wrench":144,"minecraft:iron_axe":18,"minecraft:grass_block":21,"minecraft:stone_bricks":159,"create:encased_chain_drive":69,"minecraft:basalt":10,"create:rotation_speed_controller":14,"create:radial_chassis":4,"create:shaft":136,"create:steam_engine":8,"minecraft:furnace":8,"create:fluid_pipe":12,"mcwfences:modern_deepslate_brick_wall":36,"minecraft:cobbled_deepslate":12,"create:belt_connector":26,"minecraft:iron_leggings":1,"create:gearshift":9,"minecraft:water_bucket":20,"create:crushing_wheel":2,"minecraft:baked_potato":4,"create:empty_blaze_burner":1,"minecraft:oak_planks":3,"create:brass_tunnel":5,"create:mechanical_saw":2,"create:blaze_burner":1,"create:encased_fan":3,"create:brass_funnel":5,"minecraft:crafting_table":1,"mcwfences:modern_stone_brick_wall":35,"minecraft:crossbow":11,"minecraft:campfire":11,"minecraft:smoker":8,"minecraft:deepslate_brick_stairs":29,"mcwwindows:spruce_window2":50,"minecraft:deepslate_tile_wall":14,"minecraft:deepslate_tiles":167,"minecraft:oak_log":41,"minecraft:lever":15,"minecraft:diamond_pickaxe":98,"create:copper_backtank":2,"create:mechanical_press":1,"minecraft:bread":49,"minecraft:iron_pickaxe":143,"create:water_wheel":1,"create:andesite_casing":1,"minecraft:gravel":22,"create:basin":4,"minecraft:cobblestone":498,"minecraft:bucket":3,"jeg:waterpipe_shotgun":3,"create:hand_crank":2,"create:clutch":8,"create:vertical_gearbox":56,"create:steam_whistle":6,"create:large_cogwheel":32},"minecraft:custom":{"minecraft:mob_kills":25,"minecraft:inspect_hopper":4,"minecraft:interact_with_crafting_table":52,"minecraft:leave_game":3,"minecraft:time_since_death":524435,"minecraft:climb_one_cm":644,"minecraft:damage_blocked_by_shield":900,"minecraft:sprint_one_cm":807303,"minecraft:walk_one_cm":1738511,"minecraft:drop":191,"minecraft:play_time":592934,"minecraft:sneak_time":13273,"minecraft:deaths":1,"minecraft:walk_under_water_one_cm":53670,"minecraft:jump":3738,"minecraft:interact_with_blast_furnace":15,"minecraft:walk_on_water_one_cm":67780,"minecraft:total_world_time":592934,"minecraft:interact_with_furnace":26,"minecraft:sleep_in_bed":14,"minecraft:time_since_rest":159120,"minecraft:damage_taken":1673,"minecraft:damage_dealt":4373,"minecraft:swim_one_cm":57771,"minecraft:fly_one_cm":748630,"minecraft:open_chest":329,"minecraft:crouch_one_cm":47311,"minecraft:interact_with_smoker":3,"minecraft:fall_one_cm":31981},"minecraft:picked_up":{"create:copper_sheet":12,"minecraft:charcoal":82,"minecraft:wheat":314,"minecraft:lead":2,"create:rotation_speed_controller":8,"create:copper_diving_boots":1,"create:mechanical_harvester":4,"minecraft:string":2,"create:fluid_pipe":6,"create:scorchia":1,"epicsamurai:jade":4,"create:chute":2,"minecraft:gold_nugget":1,"minecraft:cobbled_deepslate":12,"create:basin":1,"minecraft:iron_nugget":93,"minecraft:chest":2,"minecraft:golden_helmet":1,"create:clutch":1,"minecraft:stick":68,"minecraft:raw_iron":4,"create:mechanical_mixer":1,"minecraft:stone":1,"create:golden_sheet":20,"minecraft:copper_ingot":8,"minecraft:torch":3,"create:andesite_casing":4,"create:copper_backtank":3,"create:steam_engine":3,"create:vertical_gearbox":7,"create:deployer":1,"create:large_cogwheel":11,"minecraft:arrow":5,"minecraft:rotten_flesh":17,"jeg:waterpipe_shotgun":1,"minecraft:gold_ingot":1,"jeg:raw_brimstone":83,"minecraft:cobblestone":1852,"minecraft:stripped_oak_log":1,"mcwfences:modern_deepslate_brick_wall":1,"create:iron_sheet":11,"minecraft:basalt":22,"epicsamurai:spirit_upgrade_smithing_template":1,"minecraft:smoker":8,"minecraft:potato":1,"create:belt_connector":1,"minecraft:flint":1,"create:raw_zinc":1,"minecraft:oak_log":716,"create:andesite_alloy":16,"jeg:scrap":13,"rustic_engineer:book_airship":1,"create:incomplete_precision_mechanism":10,"minecraft:dirt":7,"create:encased_chain_drive":2,"minecraft:bone":8,"create:crushing_wheel":2,"minecraft:stone_bricks":1,"minecraft:wheat_seeds":384,"minecraft:raw_gold":3,"minecraft:iron_ingot":6,"create:shaft":47,"jeg:tech_trash":1,"epicsamurai:raw_silver":1,"minecraft:oak_planks":7,"create:radial_chassis":1,"create:gearshift":1,"epicsamurai:onyx":1,"rustic_engineer:raw_solarite_ore":8,"create:cogwheel":3,"minecraft:gravel":13,"create:steam_whistle":4,"minecraft:grass_block":1,"create:brass_tunnel":1,"magistuarmory:rustedchainmail_leggings":1,"create:gearbox":11,"jeg:handmade_shell":20,"create:copper_diving_helmet":1,"minecraft:diamond":3,"magistuarmory:rusted_bastardsword":2,"minecraft:lever":7,"minecraft:rib_armor_trim_smithing_template":1,"create:mechanical_pump":4,"magistuarmory:corruptedroundshield":2,"minecraft:coal":1,"minecraft:baked_potato":23,"minecraft:hopper":1,"create:portable_storage_interface":3,"minecraft:oak_sapling":26,"epicsamurai:ruby":4,"minecraft:netherrack":3,"create:precision_mechanism":5,"minecraft:ender_pearl":1},"minecraft:killed_by":{"minecraft:creeper":1},"minecraft:crafted":{"create:chute":4,"minecraft:oak_planks":192,"minecraft:barrel":11,"create:steam_engine":2,"minecraft:iron_nugget":135,"minecraft:furnace":16,"minecraft:lever":3,"minecraft:flint_and_steel":1,"create:vertical_gearbox":3,"minecraft:glass":21,"create:rotation_speed_controller":1,"minecraft:hopper":2,"create:fluid_tank":11,"minecraft:chest":6,"minecraft:copper_block":2,"create:basin":2,"create:cogwheel":9,"minecraft:smoker":8,"create:steam_whistle":1,"minecraft:oak_slab":30,"create:andesite_alloy":13,"create:hand_crank":1,"minecraft:crafting_table":1,"create:goggles":1,"minecraft:copper_ingot":99,"minecraft:bucket":1,"create:gearshift":1,"minecraft:campfire":2,"create:mechanical_mixer":1,"minecraft:bread":21,"minecraft:air":0,"create:gearbox":2,"jeg:brimstone_crystal":27,"create:whisk":1,"minecraft:charcoal":37,"minecraft:diamond_pickaxe":1,"create:portable_storage_interface":1,"minecraft:stick":12,"minecraft:gunpowder":18,"create:large_cogwheel":2,"create:shaft":16,"minecraft:torch":20,"create:zinc_ingot":9,"create:empty_blaze_burner":1},"minecraft:dropped":{"minecraft:iron_ingot":13,"minecraft:wheat_seeds":1672,"minecraft:oak_log":64,"minecraft:cobblestone":3138,"create:incomplete_precision_mechanism":11,"create:precision_mechanism":2,"minecraft:copper_ingot":30,"minecraft:grass_block":2,"minecraft:flint":1,"minecraft:stick":8,"create:copper_diving_helmet":1,"minecraft:grass":1,"create:copper_backtank":2,"create:copper_diving_boots":1,"magistuarmory:rusted_bastardsword":2,"magistuarmory:corruptedroundshield":1,"jeg:tech_trash":2,"minecraft:gold_ingot":7,"minecraft:bone":1,"magistuarmory:rustedchainmail_leggings":1,"minecraft:kelp":7,"minecraft:iron_nugget":55,"alexsmobs:animal_dictionary":1,"minecraft:wheat":52,"minecraft:rotten_flesh":2,"create:zinc_ingot":10,"minecraft:oak_sapling":1,"minecraft:stone_bricks":1,"create:golden_sheet":9},"minecraft:broken":{"minecraft:iron_pickaxe":1},"minecraft:mined":{"create:copper_backtank":1,"create:deepslate_zinc_ore":1,"minecraft:tuff":1,"epicsamurai:deepslate_onyx_ore":1,"minecraft:deepslate_diamond_ore":3,"create:andesite_casing":4,"minecraft:lever":1,"epicsamurai:deepslate_ruby_ore":4,"minecraft:grass_block":4,"create:large_cogwheel":11,"minecraft:hopper":1,"create:belt":1,"create:powered_shaft":2,"create:rotation_speed_controller":7,"epicsamurai:deepslate_jade_ore":4,"create:shaft":44,"rustic_engineer:solarite_ore_deep_slate":6,"minecraft:cobbled_deepslate":2,"minecraft:fire":1,"create:scorchia":1,"minecraft:deepslate_iron_ore":4,"create:chute":2,"epicsamurai:deepslate_silver_ore":1,"create:deployer":1,"minecraft:stripped_oak_log":1,"create:gearshift":1,"create:radial_chassis":1,"create:cogwheel":3,"create:steam_engine":3,"minecraft:smoker":8,"minecraft:basalt":22,"jeg:basalt_brimstone_ore":11,"create:fluid_pipe":6,"minecraft:torch":1,"create:mechanical_pump":4,"minecraft:chest":2,"minecraft:campfire":2,"minecraft:glass":6,"minecraft:cobblestone":19,"minecraft:deepslate_gold_ore":5,"minecraft:oak_planks":3,"minecraft:wall_torch":2,"mca:cross_headstone":1,"create:basin":1,"jeg:deepslate_scrap_ore":5,"create:mechanical_harvester":4,"create:portable_storage_interface":4,"create:gearbox":18,"minecraft:wheat":59,"create:mechanical_mixer":1,"create:steam_whistle":4,"minecraft:grass":3,"minecraft:dirt":4,"create:encased_chain_drive":2,"minecraft:netherrack":3,"create:clutch":1,"minecraft:oak_leaves":3,"minecraft:deepslate":4}},"DataVersion":3465}