{"stats":{"minecraft:dropped":{"minecraft:wheat_seeds":1152,"minecraft:grass_block":1,"minecraft:grass":1,"magistuarmory:rusted_bastardsword":2,"minecraft:gold_ingot":2,"magistuarmory:rustedchainmail_leggings":1,"minecraft:bone":1},"minecraft:used":{"minecraft:shield":8,"minecraft:iron_sword":77,"minecraft:torch":8,"create:mechanical_pump":3,"create:cogwheel":4,"minecraft:crossbow":11,"minecraft:diamond_pickaxe":25,"create:wrench":1,"create:gearbox":3,"minecraft:grass_block":15,"minecraft:bread":20,"minecraft:iron_pickaxe":61,"minecraft:gravel":19,"create:rotation_speed_controller":1,"create:shaft":16,"create:fluid_pipe":4,"create:steam_whistle":1,"create:vertical_gearbox":2,"minecraft:cobbled_deepslate":4,"minecraft:iron_leggings":1,"create:large_cogwheel":6},"minecraft:mined":{"create:deepslate_zinc_ore":1,"create:cogwheel":2,"minecraft:tuff":1,"epicsamurai:deepslate_onyx_ore":1,"minecraft:deepslate_diamond_ore":3,"create:fluid_pipe":6,"create:mechanical_pump":4,"epicsamurai:deepslate_ruby_ore":4,"minecraft:grass_block":1,"create:large_cogwheel":4,"minecraft:deepslate_gold_ore":5,"create:rotation_speed_controller":1,"minecraft:wall_torch":1,"jeg:deepslate_scrap_ore":5,"epicsamurai:deepslate_jade_ore":4,"create:shaft":19,"create:gearbox":7,"rustic_engineer:solarite_ore_deep_slate":6,"minecraft:grass":1,"minecraft:deepslate_iron_ore":4,"epicsamurai:deepslate_silver_ore":1,"minecraft:deepslate":4},"minecraft:picked_up":{"minecraft:wheat":139,"create:rotation_speed_controller":1,"minecraft:potato":1,"create:raw_zinc":1,"jeg:scrap":13,"minecraft:dirt":1,"minecraft:string":1,"create:fluid_pipe":6,"epicsamurai:jade":4,"minecraft:bone":2,"minecraft:wheat_seeds":142,"minecraft:cobbled_deepslate":10,"minecraft:raw_gold":3,"create:shaft":19,"epicsamurai:raw_silver":1,"jeg:tech_trash":1,"epicsamurai:onyx":1,"rustic_engineer:raw_solarite_ore":8,"minecraft:raw_iron":4,"create:golden_sheet":2,"create:cogwheel":1,"minecraft:torch":1,"magistuarmory:rustedchainmail_leggings":1,"create:gearbox":5,"create:vertical_gearbox":2,"create:large_cogwheel":4,"minecraft:arrow":1,"minecraft:rotten_flesh":13,"minecraft:diamond":3,"magistuarmory:rusted_bastardsword":2,"create:mechanical_pump":4,"magistuarmory:corruptedroundshield":1,"epicsamurai:ruby":4,"minecraft:cobblestone":3,"minecraft:ender_pearl":1},"minecraft:custom":{"minecraft:interact_with_furnace":3,"minecraft:mob_kills":20,"minecraft:interact_with_crafting_table":6,"minecraft:time_since_death":26360,"minecraft:sleep_in_bed":3,"minecraft:climb_one_cm":644,"minecraft:time_since_rest":16005,"minecraft:sprint_one_cm":179582,"minecraft:damage_taken":1018,"minecraft:walk_one_cm":264220,"minecraft:damage_blocked_by_shield":480,"minecraft:drop":26,"minecraft:damage_dealt":3232,"minecraft:swim_one_cm":30990,"minecraft:fly_one_cm":202703,"minecraft:open_chest":69,"minecraft:crouch_one_cm":2495,"minecraft:play_time":94859,"minecraft:deaths":1,"minecraft:sneak_time":831,"minecraft:walk_under_water_one_cm":19386,"minecraft:jump":1097,"minecraft:interact_with_blast_furnace":1,"minecraft:walk_on_water_one_cm":22323,"minecraft:total_world_time":94859,"minecraft:fall_one_cm":16875},"minecraft:killed_by":{"minecraft:creeper":1},"minecraft:crafted":{"create:steam_whistle":1,"minecraft:oak_planks":12,"create:goggles":1,"minecraft:glass":21,"minecraft:diamond_pickaxe":1,"create:large_cogwheel":1,"create:cogwheel":2},"minecraft:killed":{"minecraft:spider":2,"minecraft:creeper":1,"minecraft:skeleton":3,"minecraft:zombie":12,"minecraft:enderman":1}},"DataVersion":3465}