{"stats":{"minecraft:dropped":{"minecraft:moss_block":1,"minecraft:tuff":22,"aquaculture:minnow":2,"minecraft:dirt":15,"minecraft:beetroot_seeds":2,"minecraft:oak_sapling":1,"minecraft:acacia_sapling":2,"minecraft:spider_eye":1,"minecraft:wooden_pickaxe":1,"minecraft:calcite":2},"minecraft:used":{"alexsmobs:emu_egg":1,"minecraft:beetroot":1,"minecraft:stone_sword":49,"minecraft:acacia_log":1,"minecraft:stone_pickaxe":352,"minecraft:shield":1,"minecraft:wooden_pickaxe":42,"minecraft:rotten_flesh":7,"minecraft:torch":4,"minecraft:dirt":1,"minecraft:mutton":3,"minecraft:crafting_table":7,"minecraft:granite":7,"minecraft:stone_axe":10,"minecraft:cobblestone":61,"minecraft:furnace":3,"minecraft:beetroot_seeds":1,"aquaculture:stone_fillet_knife":6,"alexsmobs:animal_dictionary":1},"minecraft:mined":{"minecraft:tuff":23,"minecraft:acacia_leaves":8,"jeg:scrap_ore":22,"minecraft:crafting_table":6,"minecraft:torch":1,"minecraft:granite":50,"minecraft:acacia_log":4,"minecraft:calcite":2,"minecraft:grass_block":6,"minecraft:tall_grass":5,"minecraft:copper_ore":3,"minecraft:cobblestone":28,"minecraft:sugar_cane":2,"minecraft:moss_block":1,"minecraft:furnace":2,"minecraft:iron_ore":2,"minecraft:deepslate_lapis_ore":4,"create:asurine":24,"minecraft:grass":6,"minecraft:oak_log":5,"minecraft:coal_ore":24,"minecraft:deepslate_iron_ore":7,"minecraft:beetroots":1,"minecraft:dirt":11,"minecraft:stone":154,"minecraft:oak_leaves":8,"minecraft:deepslate":31},"minecraft:custom":{"minecraft:interact_with_furnace":9,"minecraft:mob_kills":14,"minecraft:interact_with_crafting_table":10,"minecraft:time_since_death":43432,"minecraft:time_since_rest":43467,"minecraft:sprint_one_cm":67079,"minecraft:damage_taken":536,"minecraft:walk_one_cm":203496,"minecraft:damage_blocked_by_shield":15,"minecraft:drop":12,"minecraft:damage_dealt":2579,"minecraft:swim_one_cm":7434,"minecraft:fly_one_cm":73819,"minecraft:open_chest":1,"minecraft:crouch_one_cm":8319,"minecraft:play_time":73620,"minecraft:deaths":1,"minecraft:sneak_time":5582,"minecraft:walk_under_water_one_cm":4415,"minecraft:jump":655,"minecraft:walk_on_water_one_cm":3331,"minecraft:total_world_time":73620,"minecraft:fall_one_cm":12097},"minecraft:picked_up":{"minecraft:crafting_table":6,"minecraft:tuff":22,"minecraft:oak_log":5,"jeg:scrap":45,"minecraft:lapis_lazuli":18,"minecraft:string":2,"minecraft:dirt":16,"minecraft:raw_copper":12,"minecraft:bone":2,"minecraft:beetroot":1,"minecraft:cobbled_deepslate":33,"minecraft:calcite":2,"aquaculture:minnow":2,"minecraft:moss_block":1,"minecraft:sugar_cane":3,"minecraft:acacia_sapling":3,"jeg:tech_trash":2,"minecraft:furnace":2,"minecraft:stick":2,"minecraft:raw_iron":9,"minecraft:torch":1,"minecraft:acacia_log":4,"magistuarmory:rustedchainmail_leggings":1,"minecraft:spider_eye":1,"magistuarmory:rustedchainmail_helmet":1,"minecraft:arrow":1,"minecraft:rotten_flesh":7,"minecraft:beetroot_seeds":3,"minecraft:granite":47,"create:asurine":22,"alexsmobs:emu_egg":1,"minecraft:oak_sapling":1,"minecraft:mutton":3,"minecraft:coal":30,"minecraft:white_wool":2,"minecraft:cobblestone":181},"minecraft:broken":{"minecraft:stone_pickaxe":2},"minecraft:killed_by":{"minecraft:creeper":1},"minecraft:crafted":{"minecraft:oak_planks":20,"minecraft:crafting_table":1,"minecraft:wooden_pickaxe":1,"minecraft:furnace":1,"minecraft:stone_axe":1,"minecraft:air":0,"minecraft:iron_chestplate":1,"minecraft:shield":1,"minecraft:stick":24,"minecraft:iron_ingot":9,"minecraft:stone_pickaxe":6,"aquaculture:stone_fillet_knife":1,"minecraft:stone_sword":1,"minecraft:acacia_planks":12,"minecraft:torch":16},"minecraft:killed":{"minecraft:spider":1,"minecraft:skeleton":3,"minecraft:sheep":2,"aquaculture:minnow":2,"minecraft:zombie":6}},"DataVersion":3465}