{"stats":{"minecraft:killed":{"minecraft:spider":3,"minecraft:skeleton":9,"minecraft:drowned":1,"minecraft:pig":2,"minecraft:sheep":2,"aquaculture:minnow":2,"minecraft:zombie":31},"minecraft:used":{"alexsmobs:emu_egg":1,"minecraft:beetroot":1,"minecraft:iron_shovel":62,"minecraft:acacia_log":1,"minecraft:stone_sword":113,"minecraft:flint_and_steel":1,"minecraft:chest":4,"minecraft:shield":41,"minecraft:rotten_flesh":33,"minecraft:torch":6,"minecraft:dirt":1,"minecraft:mutton":3,"minecraft:granite":7,"minecraft:obsidian":12,"minecraft:lava_bucket":17,"minecraft:iron_axe":78,"minecraft:magma_block":3,"minecraft:furnace":6,"minecraft:beetroot_seeds":1,"minecraft:cobbled_deepslate":6,"minecraft:water_bucket":31,"minecraft:oak_planks":2,"minecraft:stone_pickaxe":641,"minecraft:wooden_pickaxe":42,"minecraft:crafting_table":10,"minecraft:white_bed":1,"minecraft:diamond_pickaxe":197,"minecraft:apple":13,"minecraft:iron_pickaxe":172,"minecraft:stone_axe":12,"minecraft:cobblestone":220,"minecraft:porkchop":2,"aquaculture:stone_fillet_knife":6,"minecraft:bucket":50,"minecraft:oak_boat":1,"alexsmobs:animal_dictionary":1},"minecraft:custom":{"minecraft:mob_kills":52,"minecraft:interact_with_crafting_table":29,"minecraft:open_barrel":7,"minecraft:interact_with_campfire":4,"minecraft:leave_game":4,"minecraft:time_since_death":35407,"minecraft:climb_one_cm":2222,"minecraft:sprint_one_cm":304101,"minecraft:walk_one_cm":662099,"minecraft:damage_blocked_by_shield":2273,"minecraft:drop":41,"minecraft:play_time":271679,"minecraft:sneak_time":25045,"minecraft:deaths":4,"minecraft:walk_under_water_one_cm":100115,"minecraft:jump":2632,"minecraft:walk_on_water_one_cm":96226,"minecraft:total_world_time":271679,"minecraft:interact_with_furnace":30,"minecraft:time_since_rest":35435,"minecraft:waystone_activated":1,"minecraft:damage_taken":1998,"minecraft:damage_dealt":9422,"minecraft:swim_one_cm":161662,"minecraft:fly_one_cm":320764,"minecraft:open_chest":24,"minecraft:crouch_one_cm":32094,"minecraft:fall_one_cm":39587,"minecraft:horse_one_cm":244},"minecraft:picked_up":{"minecraft:crafting_table":9,"minecraft:clay_ball":128,"minecraft:gold_block":1,"minecraft:stone_brick_stairs":1,"minecraft:string":9,"minecraft:raw_copper":12,"epicsamurai:jade":20,"minecraft:beetroot":1,"minecraft:cobbled_deepslate":67,"minecraft:oak_boat":1,"minecraft:calcite":2,"minecraft:sugar_cane":12,"minecraft:chest":1,"crittersandcompanions:clam":1,"minecraft:furnace":4,"minecraft:stick":9,"minecraft:raw_iron":109,"minecraft:torch":1,"minecraft:acacia_log":4,"minecraft:porkchop":4,"minecraft:stone_sword":1,"minecraft:rotten_flesh":30,"minecraft:arrow":7,"minecraft:beetroot_seeds":3,"create:ochrum":1,"create:asurine":22,"alexsmobs:emu_egg":1,"minecraft:obsidian":20,"minecraft:mutton":3,"minecraft:white_wool":3,"minecraft:cobblestone":251,"minecraft:magma_block":9,"minecraft:andesite":8,"minecraft:oak_log":66,"minecraft:flint":4,"minecraft:tuff":27,"create:raw_zinc":83,"jeg:scrap":56,"minecraft:lapis_lazuli":141,"minecraft:dirt":18,"minecraft:bone":8,"minecraft:wheat_seeds":4,"minecraft:raw_gold":6,"minecraft:iron_ingot":1,"aquaculture:minnow":2,"minecraft:moss_block":1,"epicsamurai:aquamarine":3,"jeg:tech_trash":4,"epicsamurai:raw_silver":19,"minecraft:acacia_sapling":3,"rustic_engineer:raw_solarite_ore":11,"minecraft:raw_iron_block":1,"minecraft:gravel":16,"minecraft:amethyst_shard":48,"minecraft:crying_obsidian":1,"magistuarmory:rustedchainmail_leggings":1,"minecraft:spider_eye":1,"magistuarmory:rustedchainmail_helmet":1,"minecraft:diamond":16,"magistuarmory:corruptedroundshield":3,"minecraft:granite":47,"minecraft:oak_sapling":29,"minecraft:coal":55},"minecraft:killed_by":{"minecraft:creeper":1,"minecraft:skeleton":2},"minecraft:crafted":{"minecraft:oak_planks":64,"minecraft:raw_iron":9,"epicsamurai:silver_ingot":19,"minecraft:furnace":2,"minecraft:flint_and_steel":1,"minecraft:iron_boots":1,"minecraft:iron_axe":1,"minecraft:stone_pickaxe":6,"minecraft:chest":4,"minecraft:crafting_table":2,"minecraft:wooden_pickaxe":1,"minecraft:iron_helmet":1,"magistuarmory:corruptedroundshield":1,"minecraft:bucket":2,"minecraft:stone_axe":1,"minecraft:air":0,"minecraft:oak_boat":1,"minecraft:white_wool":1,"minecraft:iron_chestplate":1,"minecraft:diamond_pickaxe":1,"minecraft:charcoal":15,"minecraft:shield":1,"minecraft:stick":28,"minecraft:iron_ingot":43,"minecraft:iron_pickaxe":1,"aquaculture:stone_fillet_knife":1,"minecraft:stone_sword":1,"minecraft:iron_shovel":1,"minecraft:iron_leggings":1,"minecraft:white_bed":1,"minecraft:acacia_planks":12,"minecraft:torch":16},"minecraft:dropped":{"minecraft:moss_block":1,"minecraft:porkchop":2,"crittersandcompanions:clam":1,"minecraft:book":1,"aquaculture:minnow":2,"minecraft:granite":28,"minecraft:dirt":15,"magistuarmory:corruptedroundshield":1,"minecraft:bone":6,"magistuarmory:rustedchainmail_leggings":1,"create:ochrum":1,"minecraft:stone_sword":1,"minecraft:cobbled_deepslate":53,"minecraft:raw_copper":12,"minecraft:tuff":27,"create:asurine":22,"magistuarmory:rustedchainmail_helmet":1,"minecraft:andesite":8,"minecraft:beetroot_seeds":2,"minecraft:acacia_sapling":3,"minecraft:oak_sapling":2,"minecraft:spider_eye":1,"minecraft:arrow":1,"minecraft:wooden_pickaxe":1,"minecraft:stone_pickaxe":2,"minecraft:calcite":2,"minecraft:magma_block":3},"minecraft:broken":{"minecraft:stone_pickaxe":4},"minecraft:mined":{"create:zinc_ore":63,"minecraft:crying_obsidian":1,"create:deepslate_zinc_ore":20,"minecraft:tuff":29,"minecraft:deepslate_diamond_ore":16,"minecraft:obsidian":20,"minecraft:glow_lichen":1,"minecraft:granite":53,"minecraft:acacia_log":4,"epicsamurai:silver_ore":3,"minecraft:grass_block":13,"create:ochrum":1,"minecraft:moss_block":1,"minecraft:magma_block":6,"epicsamurai:deepslate_jade_ore":15,"minecraft:raw_iron_block":1,"minecraft:furnace":4,"rustic_engineer:solarite_ore_deep_slate":12,"minecraft:iron_ore":54,"minecraft:andesite":17,"minecraft:deepslate_lapis_ore":12,"minecraft:gold_block":1,"create:asurine":24,"minecraft:deepslate_iron_ore":57,"minecraft:vine":35,"epicsamurai:deepslate_silver_ore":16,"minecraft:stone":198,"minecraft:white_wool":1,"minecraft:acacia_leaves":8,"epicsamurai:jade_ore":5,"jeg:scrap_ore":22,"minecraft:amethyst_cluster":12,"epicsamurai:deepslate_aquamarine_ore":1,"minecraft:clay":33,"minecraft:crafting_table":9,"minecraft:torch":1,"minecraft:calcite":2,"minecraft:chest":1,"minecraft:tall_grass":8,"minecraft:copper_ore":3,"minecraft:cobblestone":55,"minecraft:lapis_ore":11,"minecraft:deepslate_gold_ore":7,"minecraft:sugar_cane":5,"jeg:deepslate_scrap_ore":6,"epicsamurai:aquamarine_ore":2,"minecraft:stone_brick_stairs":1,"minecraft:grass":12,"minecraft:oak_log":67,"minecraft:coal_ore":24,"minecraft:beetroots":1,"minecraft:gravel":20,"minecraft:dirt":21,"minecraft:cobweb":6,"minecraft:oak_leaves":40,"minecraft:deepslate":63}},"DataVersion":3465}