{"stats":{"minecraft:dropped":{"minecraft:moss_block":1,"minecraft:tuff":22,"aquaculture:minnow":2,"minecraft:dirt":15,"magistuarmory:rustedchainmail_helmet":1,"minecraft:beetroot_seeds":2,"minecraft:oak_sapling":1,"minecraft:acacia_sapling":3,"minecraft:spider_eye":1,"minecraft:stone_pickaxe":1,"minecraft:wooden_pickaxe":1,"minecraft:calcite":2,"magistuarmory:rustedchainmail_leggings":1},"minecraft:used":{"alexsmobs:emu_egg":1,"minecraft:beetroot":1,"minecraft:stone_sword":84,"minecraft:acacia_log":1,"minecraft:stone_pickaxe":376,"minecraft:shield":1,"minecraft:wooden_pickaxe":42,"minecraft:rotten_flesh":11,"minecraft:torch":4,"minecraft:dirt":1,"minecraft:mutton":3,"minecraft:crafting_table":8,"minecraft:granite":7,"minecraft:lava_bucket":4,"minecraft:iron_pickaxe":54,"minecraft:stone_axe":12,"minecraft:cobblestone":115,"minecraft:furnace":4,"minecraft:beetroot_seeds":1,"aquaculture:stone_fillet_knife":6,"minecraft:bucket":5,"alexsmobs:animal_dictionary":1},"minecraft:mined":{"create:deepslate_zinc_ore":10,"minecraft:tuff":27,"minecraft:acacia_leaves":8,"jeg:scrap_ore":22,"minecraft:deepslate_diamond_ore":3,"minecraft:glow_lichen":1,"minecraft:crafting_table":8,"minecraft:torch":1,"minecraft:granite":50,"minecraft:acacia_log":4,"minecraft:calcite":2,"minecraft:grass_block":6,"minecraft:tall_grass":5,"minecraft:copper_ore":3,"minecraft:cobblestone":31,"minecraft:deepslate_gold_ore":5,"minecraft:sugar_cane":2,"minecraft:moss_block":1,"epicsamurai:deepslate_jade_ore":8,"minecraft:raw_iron_block":1,"minecraft:furnace":4,"minecraft:iron_ore":2,"minecraft:deepslate_lapis_ore":6,"create:asurine":24,"minecraft:grass":6,"minecraft:oak_log":5,"minecraft:coal_ore":24,"minecraft:deepslate_iron_ore":33,"minecraft:beetroots":1,"minecraft:dirt":11,"minecraft:stone":154,"minecraft:oak_leaves":8,"minecraft:deepslate":43},"minecraft:custom":{"minecraft:interact_with_furnace":17,"minecraft:mob_kills":20,"minecraft:interact_with_crafting_table":19,"minecraft:time_since_death":67432,"minecraft:time_since_rest":67467,"minecraft:sprint_one_cm":75454,"minecraft:damage_taken":586,"minecraft:walk_one_cm":230577,"minecraft:damage_blocked_by_shield":15,"minecraft:drop":16,"minecraft:damage_dealt":3936,"minecraft:swim_one_cm":72513,"minecraft:fly_one_cm":79974,"minecraft:open_chest":1,"minecraft:crouch_one_cm":13274,"minecraft:play_time":97620,"minecraft:deaths":1,"minecraft:sneak_time":10100,"minecraft:walk_under_water_one_cm":36520,"minecraft:jump":780,"minecraft:walk_on_water_one_cm":37608,"minecraft:total_world_time":97620,"minecraft:fall_one_cm":12995},"minecraft:picked_up":{"minecraft:crafting_table":8,"minecraft:tuff":26,"create:raw_zinc":10,"minecraft:oak_log":5,"jeg:scrap":45,"minecraft:lapis_lazuli":33,"minecraft:string":3,"minecraft:dirt":16,"minecraft:raw_copper":12,"epicsamurai:jade":8,"minecraft:bone":2,"minecraft:beetroot":1,"minecraft:cobbled_deepslate":43,"minecraft:raw_gold":4,"minecraft:calcite":2,"aquaculture:minnow":2,"minecraft:moss_block":1,"minecraft:sugar_cane":3,"crittersandcompanions:clam":1,"minecraft:acacia_sapling":3,"jeg:tech_trash":2,"minecraft:furnace":4,"minecraft:stick":2,"minecraft:raw_iron":34,"minecraft:torch":1,"minecraft:acacia_log":4,"minecraft:raw_iron_block":1,"magistuarmory:rustedchainmail_leggings":1,"minecraft:spider_eye":1,"magistuarmory:rustedchainmail_helmet":1,"minecraft:arrow":1,"minecraft:rotten_flesh":11,"minecraft:diamond":3,"minecraft:beetroot_seeds":3,"minecraft:granite":47,"create:asurine":22,"alexsmobs:emu_egg":1,"minecraft:oak_sapling":1,"minecraft:mutton":3,"minecraft:coal":55,"minecraft:white_wool":2,"minecraft:cobblestone":184},"minecraft:broken":{"minecraft:stone_pickaxe":2},"minecraft:killed_by":{"minecraft:creeper":1},"minecraft:crafted":{"minecraft:raw_iron":9,"minecraft:oak_planks":20,"minecraft:crafting_table":1,"minecraft:iron_helmet":1,"minecraft:wooden_pickaxe":1,"minecraft:furnace":1,"minecraft:bucket":2,"minecraft:stone_axe":1,"minecraft:air":0,"minecraft:iron_boots":1,"minecraft:iron_chestplate":1,"minecraft:diamond_pickaxe":1,"minecraft:shield":1,"minecraft:stick":24,"minecraft:iron_ingot":43,"minecraft:iron_pickaxe":1,"minecraft:stone_pickaxe":6,"aquaculture:stone_fillet_knife":1,"minecraft:iron_leggings":1,"minecraft:stone_sword":1,"minecraft:acacia_planks":12,"minecraft:torch":16},"minecraft:killed":{"minecraft:spider":2,"minecraft:skeleton":3,"minecraft:sheep":2,"aquaculture:minnow":2,"minecraft:zombie":10,"minecraft:drowned":1}},"DataVersion":3465}