{"stats":{"minecraft:broken":{"minecraft:stone_pickaxe":4,"minecraft:iron_hoe":1,"minecraft:iron_axe":1,"minecraft:iron_pickaxe":1},"minecraft:custom":{"minecraft:interact_with_crafting_table":73,"minecraft:open_barrel":13,"minecraft:leave_game":5,"minecraft:time_since_death":17507,"minecraft:sprint_one_cm":759826,"minecraft:damage_blocked_by_shield":2273,"minecraft:drop":64,"minecraft:play_time":564837,"minecraft:deaths":11,"minecraft:jump":5047,"minecraft:walk_on_water_one_cm":118767,"minecraft:enchant_item":1,"minecraft:interact_with_furnace":71,"minecraft:traded_with_villager":10,"minecraft:waystone_activated":1,"minecraft:damage_dealt":18059,"minecraft:crouch_one_cm":75668,"minecraft:horse_one_cm":244,"minecraft:mob_kills":114,"minecraft:interact_with_anvil":1,"minecraft:interact_with_campfire":8,"minecraft:climb_one_cm":5869,"minecraft:walk_one_cm":1304459,"minecraft:sneak_time":36831,"minecraft:walk_under_water_one_cm":133816,"minecraft:interact_with_blast_furnace":5,"minecraft:total_world_time":564837,"minecraft:time_since_rest":17536,"minecraft:damage_taken":4427,"minecraft:swim_one_cm":250420,"minecraft:fly_one_cm":805137,"minecraft:open_chest":124,"minecraft:fish_caught":22,"minecraft:fall_one_cm":86714},"minecraft:picked_up":{"minecraft:oak_stairs":3,"minecraft:enchanted_book":1,"minecraft:stone_brick_stairs":1,"minecraft:brewing_stand":1,"minecraft:string":12,"minecraft:raw_copper":21,"minecraft:soul_soil":8,"minecraft:pufferfish":1,"jeg:revolver":1,"minecraft:beetroot":1,"minecraft:cobbled_deepslate":135,"minecraft:calcite":2,"crittersandcompanions:koi_fish":1,"minecraft:furnace":5,"minecraft:stick":46,"minecraft:composter":9,"jeg:pistol_ammo":15,"minecraft:acacia_log":4,"minecraft:torch":3,"minecraft:porkchop":4,"minecraft:stone_sword":1,"minecraft:cactus":2,"minecraft:honey_bottle":1,"minecraft:rotten_flesh":40,"minecraft:tropical_fish":2,"create:ochrum":1,"create:asurine":22,"alexsmobs:emu_egg":1,"minecraft:obsidian":20,"minecraft:snowball":24,"minecraft:cod":3,"aquaculture:tin_can":1,"minecraft:cobblestone":265,"minecraft:birch_log":25,"minecraft:magma_block":9,"minecraft:andesite":8,"minecraft:potato":220,"create:raw_zinc":84,"minecraft:flint":8,"minecraft:tuff":27,"jeg:scrap":56,"minecraft:lapis_lazuli":141,"minecraft:dirt":376,"minecraft:bone":15,"minecraft:wheat_seeds":9,"minecraft:raw_gold":9,"minecraft:moss_block":1,"minecraft:oak_planks":2,"epicsamurai:raw_silver":19,"aquaculture:gar":1,"aquaculture:worm":3,"minecraft:sand":1,"minecraft:lily_of_the_valley":5,"minecraft:diamond":21,"magistuarmory:corruptedroundshield":4,"minecraft:granite":47,"minecraft:oak_sapling":83,"epicsamurai:ruby":8,"minecraft:bricks":5,"minecraft:diamond_pickaxe":1,"minecraft:crafting_table":10,"minecraft:sandstone_slab":2,"minecraft:clay_ball":128,"minecraft:gold_block":1,"epicsamurai:jade":20,"aquaculture:bluegill":1,"minecraft:oak_boat":8,"minecraft:poppy":1,"minecraft:lectern":4,"minecraft:sugar_cane":26,"minecraft:chest":1,"minecraft:birch_sapling":13,"crittersandcompanions:clam":7,"minecraft:raw_iron":111,"minecraft:oak_door":4,"minecraft:bowl":1,"aquaculture:perch":2,"minecraft:trident":1,"minecraft:carrot":616,"minecraft:redstone":4,"minecraft:arrow":10,"minecraft:cooked_cod":7,"minecraft:beetroot_seeds":3,"aquaculture:brown_trout":1,"crittersandcompanions:silk":4,"aquaculture:carp":2,"minecraft:brick_stairs":4,"minecraft:mutton":5,"minecraft:white_wool":5,"minecraft:salmon":4,"minecraft:leather":4,"minecraft:oak_log":185,"minecraft:gunpowder":3,"minecraft:apple":5,"minecraft:kelp":33,"minecraft:iron_ingot":2,"aquaculture:minnow":5,"epicsamurai:aquamarine":3,"jeg:tech_trash":4,"minecraft:acacia_sapling":3,"rustic_engineer:raw_solarite_ore":11,"aquaculture:smallmouth_bass":2,"minecraft:dandelion":1,"minecraft:raw_iron_block":1,"minecraft:gravel":17,"minecraft:amethyst_shard":72,"magistuarmory:rustedchainmail_leggings":1,"minecraft:crying_obsidian":1,"minecraft:spider_eye":4,"minecraft:brick_slab":4,"magistuarmory:rustedchainmail_helmet":1,"minecraft:coal":55},"minecraft:used":{"alexsmobs:emu_egg":1,"minecraft:beetroot":1,"minecraft:iron_shovel":63,"minecraft:chest":4,"minecraft:shield":41,"minecraft:rotten_flesh":56,"minecraft:mutton":3,"minecraft:brick_slab":4,"minecraft:carrot":433,"minecraft:snowball":5,"minecraft:obsidian":12,"minecraft:lava_bucket":21,"minecraft:bricks":37,"aquaculture:diamond_fishing_rod":29,"minecraft:magma_block":3,"minecraft:bow":7,"jeg:revolver":1,"minecraft:furnace":7,"minecraft:cooked_cod":7,"minecraft:beetroot_seeds":1,"minecraft:potato":223,"minecraft:stone_pickaxe":641,"minecraft:oak_planks":93,"minecraft:wooden_pickaxe":42,"minecraft:composter":10,"minecraft:diamond_axe":57,"minecraft:white_wool":1,"minecraft:blast_furnace":1,"minecraft:lectern":4,"aquaculture:worm_farm":1,"minecraft:oak_boat":8,"minecraft:bone_meal":24,"minecraft:golden_pickaxe":10,"minecraft:enchanting_table":1,"minecraft:stone_sword":113,"minecraft:acacia_log":1,"minecraft:flint_and_steel":1,"minecraft:tropical_fish":1,"minecraft:oak_door":4,"minecraft:torch":19,"minecraft:dirt":323,"minecraft:anvil":1,"minecraft:granite":7,"minecraft:iron_hoe":308,"minecraft:iron_axe":250,"minecraft:oak_stairs":35,"minecraft:soul_soil":8,"minecraft:cobbled_deepslate":16,"aquaculture:tackle_box":1,"minecraft:water_bucket":35,"minecraft:crafting_table":14,"minecraft:white_bed":1,"minecraft:oak_log":3,"minecraft:diamond_pickaxe":327,"minecraft:apple":13,"minecraft:diamond_shovel":333,"minecraft:iron_pickaxe":208,"minecraft:stone_axe":12,"epicsamurai:katana":148,"minecraft:cobblestone":225,"minecraft:porkchop":2,"aquaculture:stone_fillet_knife":6,"minecraft:bucket":58,"alexsmobs:animal_dictionary":1},"minecraft:killed_by":{"minecraft:creeper":2,"minecraft:spider":1,"minecraft:skeleton":6},"minecraft:dropped":{"minecraft:moss_block":1,"minecraft:porkchop":2,"crittersandcompanions:clam":1,"minecraft:sandstone_slab":2,"aquaculture:minnow":2,"minecraft:dirt":15,"minecraft:mutton":2,"minecraft:snowball":5,"minecraft:sand":1,"magistuarmory:corruptedroundshield":2,"minecraft:bone":6,"magistuarmory:rustedchainmail_leggings":1,"minecraft:gravel":1,"minecraft:cobbled_deepslate":53,"minecraft:birch_sapling":1,"create:asurine":22,"minecraft:poppy":1,"minecraft:gunpowder":3,"minecraft:beetroot_seeds":2,"minecraft:acacia_sapling":3,"minecraft:arrow":1,"minecraft:stone_brick_stairs":1,"minecraft:oak_slab":5,"minecraft:wheat_seeds":3,"minecraft:book":1,"minecraft:granite":28,"minecraft:stick":1,"create:ochrum":1,"minecraft:stone_sword":1,"minecraft:raw_copper":12,"minecraft:tuff":27,"minecraft:lily_of_the_valley":5,"minecraft:potato":1,"magistuarmory:rustedchainmail_helmet":1,"minecraft:andesite":8,"minecraft:oak_sapling":15,"minecraft:spider_eye":4,"minecraft:stone_pickaxe":2,"minecraft:wooden_pickaxe":1,"minecraft:calcite":2,"minecraft:magma_block":6},"minecraft:crafted":{"minecraft:brick":128,"minecraft:smooth_stone":3,"minecraft:oak_planks":320,"epicsamurai:silver_ingot":19,"epicsamurai:diamond_samurai_boots":1,"minecraft:stone":3,"minecraft:diamond_shovel":1,"minecraft:bookshelf":1,"epicsamurai:red_samurai_chestplate":1,"epicsamurai:red_samurai_leggings":1,"minecraft:bow":1,"minecraft:iron_boots":1,"minecraft:chest":5,"minecraft:bricks":32,"minecraft:oak_fence":6,"minecraft:oak_slab":18,"immersive_melodies:didgeridoo":1,"minecraft:emerald":10,"aquaculture:worm_farm":1,"minecraft:diamond_axe":1,"minecraft:crafting_table":5,"aquaculture:tackle_box":1,"minecraft:wooden_pickaxe":1,"minecraft:iron_helmet":1,"immersive_melodies:lute":1,"minecraft:copper_ingot":24,"minecraft:lectern":1,"minecraft:iron_chestplate":1,"minecraft:diamond_pickaxe":1,"minecraft:charcoal":97,"minecraft:shield":1,"aquaculture:iron_hook":2,"minecraft:stick":48,"minecraft:iron_ingot":120,"minecraft:iron_pickaxe":1,"minecraft:iron_block":4,"minecraft:stone_sword":1,"minecraft:gold_ingot":6,"minecraft:composter":1,"aquaculture:gold_hook":1,"epicsamurai:diamond_samurai_helmet_light":1,"minecraft:oak_door":3,"epicsamurai:katana":1,"minecraft:raw_iron":9,"minecraft:iron_nugget":9,"immersive_melodies:trumpet":1,"minecraft:furnace":3,"minecraft:blast_furnace":1,"minecraft:bone_meal":24,"minecraft:flint_and_steel":1,"immersive_melodies:piano":1,"minecraft:iron_axe":1,"magistuarmory:steel_ingot":12,"minecraft:iron_hoe":2,"minecraft:stone_pickaxe":6,"epicsamurai:katana_handle":1,"minecraft:enchanting_table":1,"aquaculture:diamond_fishing_rod":1,"magistuarmory:corruptedroundshield":1,"minecraft:bucket":2,"minecraft:stone_axe":1,"minecraft:air":0,"minecraft:oak_boat":2,"minecraft:white_wool":1,"minecraft:gold_nugget":9,"minecraft:oak_stairs":48,"aquaculture:stone_fillet_knife":1,"minecraft:iron_shovel":1,"minecraft:iron_leggings":1,"minecraft:anvil":1,"minecraft:white_bed":1,"minecraft:note_block":3,"minecraft:acacia_planks":12,"minecraft:torch":16},"minecraft:mined":{"minecraft:large_amethyst_bud":4,"create:deepslate_zinc_ore":21,"minecraft:brewing_stand":1,"minecraft:obsidian":20,"minecraft:granite":53,"minecraft:acacia_log":4,"epicsamurai:silver_ore":3,"minecraft:grass_block":252,"minecraft:composter":9,"epicsamurai:deepslate_jade_ore":15,"minecraft:magma_block":6,"minecraft:raw_iron_block":1,"minecraft:iron_ore":56,"minecraft:deepslate_lapis_ore":12,"create:asurine":24,"minecraft:oak_stairs":3,"epicsamurai:deepslate_silver_ore":16,"minecraft:sandstone_slab":1,"minecraft:deepslate_redstone_ore":1,"minecraft:kelp_plant":6,"minecraft:soul_fire":5,"minecraft:amethyst_cluster":18,"minecraft:clay":33,"minecraft:torch":1,"minecraft:calcite":2,"minecraft:poppy":1,"minecraft:chest":1,"minecraft:cobblestone":56,"minecraft:oak_planks":2,"minecraft:sugar_cane":12,"minecraft:bricks":5,"minecraft:wall_torch":1,"minecraft:amethyst_block":3,"minecraft:deepslate_copper_ore":2,"minecraft:birch_log":26,"epicsamurai:aquamarine_ore":2,"minecraft:stone_brick_stairs":1,"minecraft:grass":26,"minecraft:oak_log":188,"minecraft:beetroots":1,"minecraft:sand":1,"minecraft:dirt":124,"minecraft:oak_leaves":73,"minecraft:deepslate":164,"create:zinc_ore":63,"minecraft:crying_obsidian":1,"minecraft:tuff":29,"minecraft:deepslate_diamond_ore":21,"minecraft:oak_door":3,"minecraft:glow_lichen":1,"epicsamurai:deepslate_ruby_ore":1,"minecraft:brick_stairs":6,"create:ochrum":1,"minecraft:kelp":2,"minecraft:moss_block":1,"minecraft:furnace":5,"minecraft:carrots":177,"rustic_engineer:solarite_ore_deep_slate":12,"minecraft:snow":5,"minecraft:andesite":17,"minecraft:gold_block":1,"minecraft:potatoes":74,"minecraft:deepslate_iron_ore":57,"minecraft:vine":69,"crittersandcompanions:silk_cocoon":1,"minecraft:stone":211,"minecraft:white_wool":2,"minecraft:acacia_leaves":8,"epicsamurai:jade_ore":5,"jeg:scrap_ore":22,"minecraft:lily_of_the_valley":1,"minecraft:dandelion":1,"epicsamurai:deepslate_aquamarine_ore":1,"minecraft:crafting_table":10,"minecraft:lectern":4,"minecraft:tall_grass":9,"minecraft:copper_ore":3,"minecraft:lapis_ore":11,"minecraft:deepslate_gold_ore":11,"jeg:deepslate_scrap_ore":6,"minecraft:cactus":2,"minecraft:brick_slab":4,"minecraft:birch_leaves":3,"minecraft:coal_ore":24,"minecraft:gravel":25,"minecraft:cobweb":10,"epicsamurai:ruby_ore":7},"minecraft:killed":{"minecraft:spider":3,"minecraft:skeleton":14,"minecraft:silverfish":33,"minecraft:pig":2,"minecraft:creeper":2,"minecraft:sheep":3,"aquaculture:minnow":2,"minecraft:zombie":39,"minecraft:ghast":1,"minecraft:phantom":3,"minecraft:horse":3,"minecraft:drowned":6,"minecraft:enderman":1}},"DataVersion":3465}