{"stats":{"minecraft:killed":{"minecraft:spider":3,"minecraft:horse":3,"minecraft:skeleton":11,"minecraft:drowned":1,"minecraft:pig":2,"minecraft:sheep":3,"aquaculture:minnow":2,"minecraft:zombie":33},"minecraft:used":{"alexsmobs:emu_egg":1,"minecraft:beetroot":1,"minecraft:enchanting_table":1,"minecraft:iron_shovel":63,"minecraft:acacia_log":1,"minecraft:stone_sword":113,"minecraft:flint_and_steel":1,"minecraft:chest":4,"minecraft:shield":41,"minecraft:rotten_flesh":36,"minecraft:oak_door":4,"minecraft:torch":16,"minecraft:dirt":1,"minecraft:mutton":3,"minecraft:granite":7,"minecraft:obsidian":12,"minecraft:lava_bucket":19,"minecraft:iron_axe":232,"aquaculture:diamond_fishing_rod":21,"minecraft:magma_block":3,"minecraft:furnace":7,"minecraft:cooked_cod":7,"minecraft:beetroot_seeds":1,"minecraft:cobbled_deepslate":16,"aquaculture:tackle_box":1,"minecraft:water_bucket":31,"minecraft:oak_planks":3,"minecraft:stone_pickaxe":641,"minecraft:wooden_pickaxe":42,"minecraft:white_wool":1,"minecraft:crafting_table":11,"minecraft:blast_furnace":1,"minecraft:white_bed":1,"minecraft:diamond_pickaxe":313,"minecraft:apple":13,"minecraft:iron_pickaxe":208,"aquaculture:worm_farm":1,"minecraft:stone_axe":12,"minecraft:cobblestone":225,"aquaculture:stone_fillet_knife":6,"minecraft:porkchop":2,"minecraft:bucket":52,"minecraft:oak_boat":3,"alexsmobs:animal_dictionary":1},"minecraft:custom":{"minecraft:mob_kills":60,"minecraft:interact_with_crafting_table":54,"minecraft:open_barrel":8,"minecraft:interact_with_campfire":8,"minecraft:leave_game":4,"minecraft:time_since_death":41517,"minecraft:climb_one_cm":3799,"minecraft:sprint_one_cm":447179,"minecraft:walk_one_cm":782446,"minecraft:damage_blocked_by_shield":2273,"minecraft:drop":50,"minecraft:play_time":353732,"minecraft:sneak_time":25902,"minecraft:deaths":6,"minecraft:walk_under_water_one_cm":110976,"minecraft:jump":3202,"minecraft:interact_with_blast_furnace":5,"minecraft:walk_on_water_one_cm":101291,"minecraft:enchant_item":1,"minecraft:total_world_time":353732,"minecraft:interact_with_furnace":59,"minecraft:time_since_rest":41569,"minecraft:waystone_activated":1,"minecraft:damage_taken":2648,"minecraft:damage_dealt":11206,"minecraft:swim_one_cm":202897,"minecraft:fly_one_cm":443494,"minecraft:open_chest":61,"minecraft:crouch_one_cm":33826,"minecraft:fish_caught":16,"minecraft:fall_one_cm":55216,"minecraft:horse_one_cm":244},"minecraft:picked_up":{"minecraft:crafting_table":10,"minecraft:sandstone_slab":2,"minecraft:clay_ball":128,"minecraft:gold_block":1,"minecraft:enchanted_book":1,"minecraft:stone_brick_stairs":1,"minecraft:pufferfish":1,"minecraft:string":9,"minecraft:raw_copper":12,"epicsamurai:jade":20,"minecraft:beetroot":1,"aquaculture:bluegill":1,"minecraft:cobbled_deepslate":135,"minecraft:oak_boat":3,"crittersandcompanions:koi_fish":1,"minecraft:calcite":2,"minecraft:poppy":1,"minecraft:sugar_cane":23,"minecraft:chest":1,"minecraft:birch_sapling":12,"crittersandcompanions:clam":3,"minecraft:furnace":5,"minecraft:stick":41,"minecraft:raw_iron":111,"minecraft:oak_door":4,"minecraft:torch":1,"minecraft:acacia_log":4,"aquaculture:perch":1,"minecraft:porkchop":4,"minecraft:redstone":4,"minecraft:tropical_fish":1,"minecraft:cactus":2,"minecraft:stone_sword":1,"minecraft:rotten_flesh":33,"minecraft:arrow":8,"minecraft:cooked_cod":7,"minecraft:beetroot_seeds":3,"aquaculture:brown_trout":1,"create:ochrum":1,"create:asurine":22,"aquaculture:carp":2,"alexsmobs:emu_egg":1,"minecraft:obsidian":20,"minecraft:mutton":5,"aquaculture:tin_can":1,"minecraft:snowball":14,"minecraft:white_wool":5,"minecraft:cobblestone":265,"minecraft:birch_log":25,"minecraft:magma_block":9,"minecraft:salmon":2,"minecraft:andesite":8,"minecraft:leather":4,"minecraft:oak_log":136,"minecraft:flint":4,"minecraft:tuff":27,"create:raw_zinc":84,"jeg:scrap":56,"minecraft:lapis_lazuli":141,"minecraft:dirt":54,"minecraft:bone":11,"minecraft:apple":5,"minecraft:kelp":33,"minecraft:wheat_seeds":6,"minecraft:raw_gold":9,"minecraft:iron_ingot":1,"aquaculture:minnow":5,"minecraft:moss_block":1,"epicsamurai:aquamarine":3,"jeg:tech_trash":4,"epicsamurai:raw_silver":19,"minecraft:acacia_sapling":3,"aquaculture:smallmouth_bass":2,"rustic_engineer:raw_solarite_ore":11,"aquaculture:gar":1,"aquaculture:worm":3,"minecraft:dandelion":1,"minecraft:raw_iron_block":1,"minecraft:gravel":17,"minecraft:sand":1,"minecraft:amethyst_shard":72,"magistuarmory:rustedchainmail_leggings":1,"minecraft:spider_eye":1,"minecraft:crying_obsidian":1,"magistuarmory:rustedchainmail_helmet":1,"minecraft:diamond":21,"magistuarmory:corruptedroundshield":4,"minecraft:granite":47,"epicsamurai:ruby":8,"minecraft:oak_sapling":70,"minecraft:coal":55},"minecraft:killed_by":{"minecraft:creeper":2,"minecraft:skeleton":3},"minecraft:crafted":{"epicsamurai:katana":1,"minecraft:smooth_stone":3,"minecraft:oak_door":3,"minecraft:oak_planks":136,"minecraft:raw_iron":9,"epicsamurai:silver_ingot":19,"epicsamurai:diamond_samurai_boots":1,"minecraft:iron_nugget":9,"minecraft:furnace":3,"minecraft:blast_furnace":1,"minecraft:stone":3,"minecraft:bookshelf":1,"minecraft:flint_and_steel":1,"epicsamurai:red_samurai_chestplate":1,"epicsamurai:red_samurai_leggings":1,"minecraft:iron_boots":1,"minecraft:iron_axe":1,"magistuarmory:steel_ingot":12,"minecraft:stone_pickaxe":6,"minecraft:chest":5,"minecraft:oak_fence":6,"minecraft:oak_slab":6,"epicsamurai:katana_handle":1,"aquaculture:worm_farm":1,"minecraft:crafting_table":2,"aquaculture:tackle_box":1,"minecraft:enchanting_table":1,"minecraft:wooden_pickaxe":1,"minecraft:iron_helmet":1,"aquaculture:diamond_fishing_rod":1,"magistuarmory:corruptedroundshield":1,"minecraft:bucket":2,"minecraft:stone_axe":1,"minecraft:air":0,"minecraft:oak_boat":1,"minecraft:lectern":1,"minecraft:gold_nugget":9,"minecraft:white_wool":1,"minecraft:iron_chestplate":1,"minecraft:diamond_pickaxe":1,"minecraft:charcoal":97,"minecraft:shield":1,"aquaculture:iron_hook":2,"minecraft:stick":48,"minecraft:iron_ingot":118,"minecraft:iron_pickaxe":1,"aquaculture:stone_fillet_knife":1,"minecraft:iron_block":1,"minecraft:stone_sword":1,"minecraft:gold_ingot":6,"minecraft:iron_shovel":1,"minecraft:iron_leggings":1,"minecraft:white_bed":1,"aquaculture:gold_hook":1,"minecraft:acacia_planks":12,"minecraft:torch":16,"epicsamurai:diamond_samurai_helmet_light":1},"minecraft:dropped":{"minecraft:moss_block":1,"minecraft:porkchop":2,"crittersandcompanions:clam":1,"minecraft:sandstone_slab":2,"minecraft:book":1,"aquaculture:minnow":2,"minecraft:granite":28,"minecraft:dirt":15,"minecraft:mutton":2,"minecraft:sand":1,"magistuarmory:corruptedroundshield":2,"minecraft:bone":6,"magistuarmory:rustedchainmail_leggings":1,"minecraft:gravel":1,"create:ochrum":1,"minecraft:stone_sword":1,"minecraft:cobbled_deepslate":53,"minecraft:raw_copper":12,"minecraft:tuff":27,"create:asurine":22,"minecraft:poppy":1,"magistuarmory:rustedchainmail_helmet":1,"minecraft:andesite":8,"minecraft:beetroot_seeds":2,"minecraft:acacia_sapling":3,"minecraft:oak_sapling":2,"minecraft:spider_eye":1,"minecraft:arrow":1,"minecraft:wooden_pickaxe":1,"minecraft:stone_pickaxe":2,"minecraft:calcite":2,"minecraft:magma_block":6,"minecraft:stone_brick_stairs":1},"minecraft:broken":{"minecraft:stone_pickaxe":4,"minecraft:iron_pickaxe":1},"minecraft:mined":{"create:zinc_ore":63,"minecraft:large_amethyst_bud":4,"create:deepslate_zinc_ore":21,"minecraft:crying_obsidian":1,"minecraft:tuff":29,"minecraft:deepslate_diamond_ore":21,"minecraft:oak_door":3,"minecraft:obsidian":20,"minecraft:glow_lichen":1,"minecraft:granite":53,"epicsamurai:deepslate_ruby_ore":1,"minecraft:acacia_log":4,"epicsamurai:silver_ore":3,"minecraft:grass_block":14,"create:ochrum":1,"minecraft:kelp":2,"minecraft:moss_block":1,"minecraft:magma_block":6,"epicsamurai:deepslate_jade_ore":15,"minecraft:raw_iron_block":1,"minecraft:furnace":5,"rustic_engineer:solarite_ore_deep_slate":12,"minecraft:iron_ore":56,"minecraft:andesite":17,"minecraft:deepslate_lapis_ore":12,"minecraft:gold_block":1,"create:asurine":24,"minecraft:deepslate_iron_ore":57,"minecraft:vine":49,"epicsamurai:deepslate_silver_ore":16,"minecraft:stone":211,"minecraft:white_wool":2,"minecraft:deepslate_redstone_ore":1,"minecraft:sandstone_slab":1,"minecraft:acacia_leaves":8,"epicsamurai:jade_ore":5,"jeg:scrap_ore":22,"minecraft:lily_of_the_valley":1,"minecraft:kelp_plant":6,"minecraft:amethyst_cluster":18,"minecraft:dandelion":1,"epicsamurai:deepslate_aquamarine_ore":1,"minecraft:clay":33,"minecraft:crafting_table":10,"minecraft:torch":1,"minecraft:calcite":2,"minecraft:poppy":1,"minecraft:chest":1,"minecraft:tall_grass":8,"minecraft:copper_ore":3,"minecraft:cobblestone":56,"minecraft:lapis_ore":11,"minecraft:deepslate_gold_ore":11,"minecraft:sugar_cane":11,"minecraft:amethyst_block":3,"jeg:deepslate_scrap_ore":6,"minecraft:cactus":2,"minecraft:birch_log":26,"epicsamurai:aquamarine_ore":2,"minecraft:stone_brick_stairs":1,"minecraft:grass":25,"minecraft:oak_log":140,"minecraft:coal_ore":24,"minecraft:beetroots":1,"minecraft:sand":1,"minecraft:gravel":21,"minecraft:dirt":24,"minecraft:cobweb":6,"minecraft:oak_leaves":73,"minecraft:deepslate":164,"epicsamurai:ruby_ore":7}},"DataVersion":3465}