{"stats":{"minecraft:dropped":{"minecraft:moss_block":1,"minecraft:acacia_sapling":2,"minecraft:wooden_pickaxe":1},"minecraft:used":{"alexsmobs:emu_egg":1,"minecraft:beetroot":1,"minecraft:acacia_log":1,"minecraft:stone_pickaxe":44,"minecraft:wooden_pickaxe":42,"minecraft:rotten_flesh":2,"minecraft:stone_axe":3,"minecraft:cobblestone":8,"minecraft:dirt":1,"minecraft:mutton":3,"minecraft:crafting_table":2,"minecraft:beetroot_seeds":1,"alexsmobs:animal_dictionary":1},"minecraft:mined":{"minecraft:acacia_leaves":4,"jeg:scrap_ore":7,"minecraft:torch":1,"minecraft:crafting_table":2,"minecraft:grass":5,"minecraft:acacia_log":4,"minecraft:coal_ore":13,"minecraft:grass_block":1,"minecraft:oak_log":5,"minecraft:beetroots":1,"minecraft:copper_ore":2,"minecraft:tall_grass":4,"minecraft:stone":53,"minecraft:moss_block":1,"minecraft:sugar_cane":2,"minecraft:oak_leaves":8},"minecraft:picked_up":{"minecraft:stick":2,"minecraft:crafting_table":2,"minecraft:torch":1,"minecraft:acacia_log":4,"minecraft:oak_log":5,"jeg:scrap":15,"minecraft:dirt":1,"minecraft:raw_copper":7,"minecraft:rotten_flesh":4,"minecraft:beetroot":1,"minecraft:beetroot_seeds":3,"alexsmobs:emu_egg":1,"aquaculture:minnow":2,"minecraft:moss_block":1,"minecraft:oak_sapling":1,"minecraft:coal":13,"minecraft:sugar_cane":3,"minecraft:mutton":3,"jeg:tech_trash":1,"minecraft:acacia_sapling":2,"minecraft:white_wool":2,"minecraft:cobblestone":53},"minecraft:custom":{"minecraft:time_since_rest":7467,"minecraft:interact_with_furnace":1,"minecraft:sprint_one_cm":45004,"minecraft:damage_taken":349,"minecraft:walk_one_cm":105643,"minecraft:mob_kills":4,"minecraft:drop":4,"minecraft:damage_dealt":400,"minecraft:swim_one_cm":7434,"minecraft:interact_with_crafting_table":2,"minecraft:fly_one_cm":60596,"minecraft:open_chest":1,"minecraft:crouch_one_cm":562,"minecraft:play_time":37620,"minecraft:deaths":1,"minecraft:sneak_time":153,"minecraft:walk_under_water_one_cm":3819,"minecraft:jump":396,"minecraft:walk_on_water_one_cm":3113,"minecraft:time_since_death":7432,"minecraft:total_world_time":37620,"minecraft:fall_one_cm":10179},"minecraft:killed_by":{"minecraft:creeper":1},"minecraft:crafted":{"minecraft:oak_planks":20,"minecraft:crafting_table":1,"minecraft:stick":24,"minecraft:wooden_pickaxe":1,"minecraft:stone_pickaxe":2,"minecraft:acacia_planks":12,"minecraft:stone_axe":1},"minecraft:killed":{"minecraft:sheep":2,"aquaculture:minnow":2}},"DataVersion":3465}