{"stats":{"minecraft:killed":{"minecraft:spider":3,"minecraft:horse":3,"minecraft:skeleton":9,"minecraft:drowned":1,"minecraft:pig":2,"minecraft:sheep":3,"aquaculture:minnow":2,"minecraft:zombie":33},"minecraft:used":{"alexsmobs:emu_egg":1,"minecraft:beetroot":1,"minecraft:enchanting_table":1,"minecraft:iron_shovel":63,"minecraft:acacia_log":1,"minecraft:stone_sword":113,"minecraft:flint_and_steel":1,"minecraft:chest":4,"minecraft:shield":41,"minecraft:rotten_flesh":35,"minecraft:oak_door":4,"minecraft:torch":6,"minecraft:dirt":1,"minecraft:mutton":3,"minecraft:granite":7,"minecraft:obsidian":12,"minecraft:lava_bucket":17,"minecraft:iron_axe":109,"minecraft:magma_block":3,"minecraft:furnace":6,"minecraft:cooked_cod":7,"minecraft:beetroot_seeds":1,"minecraft:cobbled_deepslate":16,"minecraft:water_bucket":31,"minecraft:oak_planks":3,"minecraft:stone_pickaxe":641,"minecraft:wooden_pickaxe":42,"minecraft:white_wool":1,"minecraft:crafting_table":11,"minecraft:white_bed":1,"minecraft:diamond_pickaxe":301,"minecraft:apple":13,"minecraft:iron_pickaxe":208,"minecraft:stone_axe":12,"minecraft:cobblestone":225,"aquaculture:stone_fillet_knife":6,"minecraft:porkchop":2,"minecraft:bucket":50,"minecraft:oak_boat":3,"alexsmobs:animal_dictionary":1},"minecraft:custom":{"minecraft:mob_kills":58,"minecraft:interact_with_crafting_table":32,"minecraft:open_barrel":8,"minecraft:interact_with_campfire":8,"minecraft:leave_game":4,"minecraft:time_since_death":2824,"minecraft:climb_one_cm":3119,"minecraft:sprint_one_cm":400656,"minecraft:walk_one_cm":743195,"minecraft:damage_blocked_by_shield":2273,"minecraft:drop":49,"minecraft:play_time":305732,"minecraft:sneak_time":25804,"minecraft:deaths":5,"minecraft:walk_under_water_one_cm":108609,"minecraft:jump":3067,"minecraft:walk_on_water_one_cm":99445,"minecraft:total_world_time":305732,"minecraft:interact_with_furnace":34,"minecraft:time_since_rest":2848,"minecraft:waystone_activated":1,"minecraft:damage_taken":2280,"minecraft:damage_dealt":10884,"minecraft:swim_one_cm":182105,"minecraft:fly_one_cm":416795,"minecraft:open_chest":35,"minecraft:crouch_one_cm":33826,"minecraft:fall_one_cm":53277,"minecraft:horse_one_cm":244},"minecraft:picked_up":{"minecraft:crafting_table":10,"minecraft:sandstone_slab":2,"minecraft:clay_ball":128,"minecraft:gold_block":1,"minecraft:stone_brick_stairs":1,"minecraft:string":9,"minecraft:raw_copper":12,"epicsamurai:jade":20,"minecraft:beetroot":1,"minecraft:cobbled_deepslate":135,"minecraft:oak_boat":3,"minecraft:calcite":2,"minecraft:sugar_cane":23,"minecraft:chest":1,"crittersandcompanions:clam":1,"minecraft:furnace":4,"minecraft:stick":9,"minecraft:raw_iron":111,"minecraft:oak_door":4,"minecraft:torch":1,"minecraft:acacia_log":4,"minecraft:porkchop":4,"minecraft:redstone":4,"minecraft:cactus":2,"minecraft:stone_sword":1,"minecraft:rotten_flesh":32,"minecraft:arrow":7,"minecraft:cooked_cod":7,"minecraft:beetroot_seeds":3,"create:ochrum":1,"create:asurine":22,"alexsmobs:emu_egg":1,"minecraft:obsidian":20,"minecraft:mutton":5,"minecraft:white_wool":5,"minecraft:cobblestone":254,"minecraft:magma_block":9,"minecraft:andesite":8,"minecraft:leather":4,"minecraft:oak_log":66,"minecraft:flint":4,"minecraft:tuff":27,"create:raw_zinc":84,"jeg:scrap":56,"minecraft:lapis_lazuli":141,"minecraft:dirt":18,"minecraft:bone":8,"minecraft:wheat_seeds":4,"minecraft:raw_gold":9,"minecraft:iron_ingot":1,"aquaculture:minnow":2,"minecraft:moss_block":1,"epicsamurai:aquamarine":3,"jeg:tech_trash":4,"epicsamurai:raw_silver":19,"minecraft:acacia_sapling":3,"rustic_engineer:raw_solarite_ore":11,"minecraft:raw_iron_block":1,"minecraft:gravel":17,"minecraft:sand":1,"minecraft:amethyst_shard":72,"magistuarmory:rustedchainmail_leggings":1,"minecraft:spider_eye":1,"minecraft:crying_obsidian":1,"magistuarmory:rustedchainmail_helmet":1,"minecraft:diamond":21,"magistuarmory:corruptedroundshield":4,"minecraft:granite":47,"epicsamurai:ruby":8,"minecraft:oak_sapling":29,"minecraft:coal":55},"minecraft:killed_by":{"minecraft:creeper":1,"minecraft:skeleton":3},"minecraft:crafted":{"minecraft:oak_door":3,"minecraft:oak_planks":112,"minecraft:raw_iron":9,"epicsamurai:silver_ingot":19,"minecraft:furnace":2,"minecraft:flint_and_steel":1,"minecraft:iron_boots":1,"minecraft:iron_axe":1,"minecraft:stone_pickaxe":6,"minecraft:chest":4,"minecraft:crafting_table":2,"minecraft:enchanting_table":1,"minecraft:wooden_pickaxe":1,"minecraft:iron_helmet":1,"magistuarmory:corruptedroundshield":1,"minecraft:bucket":2,"minecraft:stone_axe":1,"minecraft:air":0,"minecraft:oak_boat":1,"minecraft:white_wool":1,"minecraft:iron_chestplate":1,"minecraft:diamond_pickaxe":1,"minecraft:charcoal":20,"minecraft:shield":1,"minecraft:stick":28,"minecraft:iron_ingot":43,"minecraft:iron_pickaxe":1,"aquaculture:stone_fillet_knife":1,"minecraft:stone_sword":1,"minecraft:iron_shovel":1,"minecraft:iron_leggings":1,"minecraft:white_bed":1,"minecraft:acacia_planks":12,"minecraft:torch":16},"minecraft:dropped":{"minecraft:moss_block":1,"minecraft:porkchop":2,"crittersandcompanions:clam":1,"minecraft:sandstone_slab":2,"minecraft:book":1,"aquaculture:minnow":2,"minecraft:granite":28,"minecraft:dirt":15,"minecraft:mutton":2,"minecraft:sand":1,"magistuarmory:corruptedroundshield":2,"minecraft:bone":6,"magistuarmory:rustedchainmail_leggings":1,"minecraft:gravel":1,"create:ochrum":1,"minecraft:stone_sword":1,"minecraft:cobbled_deepslate":53,"minecraft:raw_copper":12,"minecraft:tuff":27,"create:asurine":22,"magistuarmory:rustedchainmail_helmet":1,"minecraft:andesite":8,"minecraft:beetroot_seeds":2,"minecraft:acacia_sapling":3,"minecraft:oak_sapling":2,"minecraft:spider_eye":1,"minecraft:arrow":1,"minecraft:wooden_pickaxe":1,"minecraft:stone_pickaxe":2,"minecraft:calcite":2,"minecraft:magma_block":6,"minecraft:stone_brick_stairs":1},"minecraft:broken":{"minecraft:stone_pickaxe":4,"minecraft:iron_pickaxe":1},"minecraft:mined":{"create:zinc_ore":63,"minecraft:large_amethyst_bud":4,"create:deepslate_zinc_ore":21,"minecraft:crying_obsidian":1,"minecraft:tuff":29,"minecraft:deepslate_diamond_ore":21,"minecraft:oak_door":3,"minecraft:obsidian":20,"minecraft:glow_lichen":1,"minecraft:granite":53,"epicsamurai:deepslate_ruby_ore":1,"minecraft:acacia_log":4,"epicsamurai:silver_ore":3,"minecraft:grass_block":13,"create:ochrum":1,"minecraft:moss_block":1,"minecraft:magma_block":6,"epicsamurai:deepslate_jade_ore":15,"minecraft:raw_iron_block":1,"minecraft:furnace":4,"rustic_engineer:solarite_ore_deep_slate":12,"minecraft:iron_ore":56,"minecraft:andesite":17,"minecraft:deepslate_lapis_ore":12,"minecraft:gold_block":1,"create:asurine":24,"minecraft:deepslate_iron_ore":57,"minecraft:vine":35,"epicsamurai:deepslate_silver_ore":16,"minecraft:stone":200,"minecraft:white_wool":2,"minecraft:deepslate_redstone_ore":1,"minecraft:sandstone_slab":1,"minecraft:acacia_leaves":8,"epicsamurai:jade_ore":5,"jeg:scrap_ore":22,"minecraft:amethyst_cluster":18,"epicsamurai:deepslate_aquamarine_ore":1,"minecraft:clay":33,"minecraft:crafting_table":10,"minecraft:torch":1,"minecraft:calcite":2,"minecraft:chest":1,"minecraft:tall_grass":8,"minecraft:copper_ore":3,"minecraft:cobblestone":56,"minecraft:lapis_ore":11,"minecraft:deepslate_gold_ore":11,"minecraft:sugar_cane":11,"minecraft:amethyst_block":3,"jeg:deepslate_scrap_ore":6,"minecraft:cactus":2,"epicsamurai:aquamarine_ore":2,"minecraft:stone_brick_stairs":1,"minecraft:grass":12,"minecraft:oak_log":67,"minecraft:coal_ore":24,"minecraft:beetroots":1,"minecraft:sand":1,"minecraft:gravel":21,"minecraft:dirt":21,"minecraft:cobweb":6,"minecraft:oak_leaves":40,"minecraft:deepslate":164,"epicsamurai:ruby_ore":7}},"DataVersion":3465}