{"stats":{"minecraft:dropped":{"create:scoria":1},"minecraft:used":{"minecraft:water_bucket":3,"minecraft:enchanting_table":1,"magistuarmory:rusted_heavymace":1,"minecraft:oak_planks":6,"minecraft:sugar_cane":12,"minecraft:iron_chestplate":1,"minecraft:torch":9,"magistuarmory:copper_heatershield":11,"minecraft:cod_bucket":2,"minecraft:salmon_bucket":4,"minecraft:diamond_pickaxe":225,"minecraft:iron_axe":20,"minecraft:bread":24,"minecraft:iron_pickaxe":209,"magistuarmory:copper_chainmorgenstern":42,"jeg:scrap_workbench":1,"minecraft:oak_sapling":7,"minecraft:bucket":4,"minecraft:cobbled_deepslate":45},"minecraft:picked_up":{"minecraft:clay_ball":8,"minecraft:tuff":16,"create:raw_zinc":37,"minecraft:oak_log":9,"jeg:scrap":108,"minecraft:string":2,"minecraft:lapis_lazuli":21,"minecraft:dirt":11,"jeg:revolver":1,"minecraft:cobbled_deepslate":178,"minecraft:raw_gold":12,"epicsamurai:aquamarine":6,"minecraft:sugar_cane":12,"epicsamurai:raw_silver":29,"jeg:tech_trash":10,"minecraft:stick":8,"rustic_engineer:raw_solarite_ore":4,"minecraft:raw_iron":33,"minecraft:acacia_log":7,"minecraft:torch":1,"minecraft:gravel":4,"magistuarmory:rusted_heavymace":1,"minecraft:redstone":125,"minecraft:spider_eye":1,"minecraft:arrow":3,"minecraft:rotten_flesh":13,"minecraft:diamond":9,"create:scoria":1,"minecraft:oak_sapling":7,"epicsamurai:ruby":5,"minecraft:obsidian":14},"minecraft:custom":{"minecraft:interact_with_furnace":3,"minecraft:mob_kills":9,"minecraft:interact_with_crafting_table":12,"minecraft:open_barrel":14,"minecraft:time_since_death":65411,"minecraft:climb_one_cm":2772,"minecraft:time_since_rest":65411,"minecraft:sprint_one_cm":102288,"minecraft:damage_taken":1091,"minecraft:walk_one_cm":126986,"minecraft:damage_blocked_by_shield":850,"minecraft:drop":1,"minecraft:damage_dealt":2120,"minecraft:swim_one_cm":34302,"minecraft:fly_one_cm":80522,"minecraft:open_chest":46,"minecraft:crouch_one_cm":8252,"minecraft:play_time":65411,"minecraft:sneak_time":3512,"minecraft:walk_under_water_one_cm":18133,"minecraft:jump":702,"minecraft:interact_with_blast_furnace":15,"minecraft:walk_on_water_one_cm":27226,"minecraft:total_world_time":65411,"minecraft:fall_one_cm":14147},"minecraft:mined":{"minecraft:deepslate_redstone_ore":28,"create:deepslate_zinc_ore":38,"minecraft:tuff":16,"minecraft:deepslate_diamond_ore":9,"epicsamurai:deepslate_aquamarine_ore":6,"minecraft:clay":2,"minecraft:obsidian":14,"minecraft:acacia_log":7,"epicsamurai:deepslate_ruby_ore":5,"minecraft:grass_block":7,"create:scoria":1,"minecraft:deepslate_gold_ore":10,"minecraft:sugar_cane":6,"minecraft:wall_torch":1,"jeg:deepslate_scrap_ore":55,"rustic_engineer:solarite_ore_deep_slate":7,"minecraft:iron_ore":5,"minecraft:deepslate_lapis_ore":3,"minecraft:oak_log":10,"minecraft:deepslate_iron_ore":28,"epicsamurai:deepslate_silver_ore":29,"minecraft:gravel":1,"minecraft:dirt":4,"minecraft:deepslate":174},"minecraft:crafted":{"minecraft:oak_planks":84,"epicsamurai:silver_ingot":9,"magistuarmory:silver_concavehalberd":1,"epicsamurai:blue_samurai_helmet":1,"minecraft:enchanting_table":1,"epicsamurai:green_samurai_boots":1,"minecraft:copper_ingot":29,"minecraft:air":0,"jeg:scrap_block":1,"minecraft:flint_and_steel":1,"epicsamurai:blue_samurai_leggings_master":1,"magistuarmory:hilt":2,"minecraft:iron_chestplate":1,"minecraft:diamond_pickaxe":1,"jeg:scrap_workbench":1,"minecraft:iron_axe":1,"magistuarmory:steel_ingot":8,"minecraft:stick":20,"minecraft:iron_ingot":36,"minecraft:gold_ingot":7,"magistuarmory:pole":1,"minecraft:acacia_planks":28,"minecraft:torch":8,"create:zinc_ingot":14},"minecraft:killed":{"minecraft:spider":1,"minecraft:skeleton":1,"minecraft:zombie":7}},"DataVersion":3465}