{"stats":{"minecraft:killed":{"rats:demon_rat":1,"minecraft:zombified_piglin":1,"minecraft:spider":2,"minecraft:skeleton":8,"minecraft:drowned":1,"minecraft:piglin":1,"minecraft:creeper":1,"minecraft:pillager":2,"minecraft:zombie":18,"minecraft:enderman":1,"minecraft:blaze":1,"minecraft:cow":2},"minecraft:used":{"magistuarmory:rusted_heavymace":1,"minecraft:enchanting_table":1,"minecraft:flint_and_steel":1,"minecraft:chest":4,"minecraft:cooked_salmon":7,"minecraft:rotten_flesh":8,"minecraft:iron_chestplate":4,"minecraft:torch":20,"minecraft:dirt":8,"magistuarmory:copper_heatershield":11,"minecraft:cod_bucket":2,"minecraft:salmon_bucket":4,"minecraft:obsidian":10,"minecraft:dark_oak_planks":119,"minecraft:glass":255,"minecraft:spruce_boat":1,"minecraft:iron_axe":264,"minecraft:oak_sapling":13,"minecraft:furnace":10,"magistuarmory:silver_concavehalberd":22,"minecraft:cooked_beef":10,"minecraft:cobbled_deepslate":45,"minecraft:dark_oak_sapling":24,"minecraft:cooked_mutton":1,"minecraft:water_bucket":5,"minecraft:glass_bottle":1,"minecraft:oak_planks":6,"minecraft:stonecutter":1,"minecraft:sugar_cane":16,"minecraft:deepslate_bricks":155,"minecraft:sand":8,"minecraft:crafting_table":2,"minecraft:sponge":8,"minecraft:smoker":1,"minecraft:diamond_pickaxe":627,"create:copper_backtank":4,"minecraft:diamond_shovel":862,"minecraft:bread":50,"minecraft:iron_pickaxe":253,"magistuarmory:copper_chainmorgenstern":42,"jeg:scrap_workbench":1,"minecraft:stone_axe":29,"minecraft:cobblestone":61,"minecraft:bucket":20,"minecraft:oak_boat":1},"minecraft:custom":{"minecraft:mob_kills":39,"minecraft:interact_with_crafting_table":29,"minecraft:open_barrel":40,"minecraft:eat_cake_slice":4,"minecraft:leave_game":1,"minecraft:time_since_death":77594,"minecraft:climb_one_cm":5315,"minecraft:sprint_one_cm":461553,"minecraft:walk_one_cm":360566,"minecraft:damage_blocked_by_shield":850,"minecraft:drop":30,"minecraft:play_time":244874,"minecraft:sneak_time":8395,"minecraft:deaths":4,"minecraft:walk_under_water_one_cm":309397,"minecraft:jump":2601,"minecraft:interact_with_blast_furnace":23,"minecraft:walk_on_water_one_cm":112528,"minecraft:enchant_item":7,"minecraft:total_world_time":244874,"minecraft:interact_with_furnace":78,"minecraft:interact_with_stonecutter":2,"minecraft:sleep_in_bed":4,"minecraft:time_since_rest":50193,"minecraft:waystone_activated":2,"minecraft:damage_taken":4442,"minecraft:damage_dealt":4081,"minecraft:swim_one_cm":68793,"minecraft:fly_one_cm":436477,"minecraft:open_chest":157,"minecraft:crouch_one_cm":16566,"minecraft:fall_one_cm":52999,"minecraft:interact_with_smoker":3},"minecraft:picked_up":{"minecraft:clay_ball":8,"create:copper_diving_boots":1,"minecraft:string":2,"minecraft:raw_copper":14,"minecraft:red_nether_bricks":11,"jeg:revolver":1,"minecraft:gold_nugget":1,"minecraft:cobbled_deepslate":178,"minecraft:beef":4,"minecraft:lectern":2,"minecraft:sugar_cane":57,"crittersandcompanions:clam":1,"minecraft:furnace":5,"minecraft:dark_oak_sapling":29,"minecraft:stick":42,"minecraft:raw_iron":34,"minecraft:sandstone":4,"minecraft:torch":9,"minecraft:acacia_log":7,"magistuarmory:rusted_heavymace":1,"magistuarmory:rustedkettlehat":1,"create:copper_backtank":3,"minecraft:redstone":125,"minecraft:dark_oak_planks":7,"minecraft:arrow":14,"minecraft:rotten_flesh":19,"create:scoria":1,"minecraft:nether_bricks":14,"minecraft:deepslate_bricks":4,"rats:cooked_rat":1,"minecraft:blaze_rod":1,"minecraft:obsidian":14,"minecraft:nether_brick_wall":2,"minecraft:cobblestone":228,"minecraft:wet_sponge":8,"minecraft:stripped_oak_log":2,"magistuarmory:rustedhalfarmor_chestplate":2,"minecraft:smoker":2,"minecraft:flint":8,"minecraft:oak_log":64,"minecraft:tuff":16,"create:raw_zinc":59,"jeg:scrap":115,"minecraft:gunpowder":1,"create:incomplete_precision_mechanism":4,"minecraft:lapis_lazuli":21,"minecraft:dirt":28,"minecraft:bone":6,"minecraft:red_nether_brick_stairs":1,"minecraft:apple":3,"minecraft:wheat_seeds":2,"minecraft:raw_gold":12,"epicsamurai:aquamarine":6,"jeg:tech_trash":11,"epicsamurai:raw_silver":29,"minecraft:oak_planks":28,"aquaculture:jellyfish":3,"minecraft:book":105,"rustic_engineer:raw_solarite_ore":4,"minecraft:black_candle":1,"minecraft:quartz":9,"minecraft:gravel":84,"minecraft:sand":680,"minecraft:stripped_spruce_log":4,"minecraft:nether_brick_stairs":2,"magistuarmory:rustedchainmail_leggings":3,"minecraft:dark_oak_log":157,"minecraft:spider_eye":1,"create:copper_diving_helmet":1,"rats:nether_cheese":1,"minecraft:diamond":9,"minecraft:netherrack":95,"minecraft:emerald":1,"minecraft:oak_sapling":32,"epicsamurai:ruby":5,"minecraft:damaged_anvil":2,"minecraft:stripped_dark_oak_log":4,"minecraft:coal":27,"create:precision_mechanism":1},"minecraft:killed_by":{"alexsmobs:bone_serpent":1,"minecraft:wither_skeleton":1,"minecraft:piglin":1},"minecraft:crafted":{"minecraft:oak_planks":112,"create:copper_diving_boots":1,"epicsamurai:silver_ingot":29,"magistuarmory:silver_concavehalberd":1,"minecraft:iron_nugget":54,"minecraft:furnace":8,"minecraft:stone":3,"minecraft:diamond_shovel":1,"create:copper_backtank":1,"minecraft:cooked_mutton":1,"minecraft:flint_and_steel":1,"epicsamurai:blue_samurai_leggings_master":1,"magistuarmory:hilt":6,"minecraft:glass":344,"jeg:scrap_workbench":1,"minecraft:iron_axe":1,"magistuarmory:steel_ingot":13,"minecraft:chest":4,"minecraft:copper_block":1,"minecraft:spruce_boat":1,"magistuarmory:pole":2,"minecraft:dark_oak_planks":372,"minecraft:smoker":1,"minecraft:cooked_beef":14,"create:andesite_alloy":8,"epicsamurai:blue_samurai_helmet":1,"minecraft:crafting_table":2,"minecraft:spruce_planks":8,"minecraft:enchanting_table":1,"minecraft:cooked_salmon":7,"epicsamurai:green_samurai_boots":1,"minecraft:copper_ingot":29,"magistuarmory:wood_roundshield":1,"minecraft:stone_axe":1,"minecraft:air":0,"jeg:scrap_block":1,"minecraft:oak_boat":1,"magistuarmory:silver_rondache":1,"minecraft:iron_chestplate":1,"minecraft:diamond_pickaxe":1,"minecraft:stick":28,"minecraft:iron_ingot":41,"minecraft:gold_ingot":12,"magistuarmory:silver_chivalrylance":1,"minecraft:stonecutter":1,"create:shaft":8,"minecraft:acacia_planks":28,"create:copper_diving_helmet":1,"minecraft:torch":20,"minecraft:sponge":8,"create:zinc_ingot":70,"magistuarmory:leather_strip":6},"minecraft:dropped":{"minecraft:stripped_spruce_log":2,"magistuarmory:rustedkettlehat":1,"minecraft:wheat_seeds":2,"minecraft:glass_bottle":2,"minecraft:cobblestone":25,"create:incomplete_precision_mechanism":4,"create:precision_mechanism":1,"create:copper_diving_helmet":1,"mca:book_romance":1,"minecraft:black_candle":1,"create:copper_diving_boots":1,"create:copper_backtank":2,"minecraft:string":4,"magistuarmory:rustedchainmail_leggings":2,"minecraft:oak_planks":35,"minecraft:damaged_anvil":1,"create:scoria":1,"minecraft:spruce_planks":3,"minecraft:arrow":5},"minecraft:broken":{"minecraft:iron_axe":1,"minecraft:iron_pickaxe":1},"minecraft:mined":{"minecraft:dark_oak_planks":8,"create:zinc_ore":22,"create:copper_backtank":1,"create:deepslate_zinc_ore":38,"minecraft:tuff":16,"minecraft:mossy_cobblestone":2,"minecraft:deepslate_diamond_ore":9,"minecraft:nether_brick_wall":2,"minecraft:dark_oak_log":157,"minecraft:red_nether_bricks":11,"minecraft:obsidian":14,"minecraft:nether_bricks":16,"epicsamurai:deepslate_ruby_ore":5,"minecraft:acacia_log":7,"minecraft:grass_block":14,"minecraft:deepslate_bricks":4,"minecraft:sandstone":6,"minecraft:spawner":1,"minecraft:tall_seagrass":28,"minecraft:furnace":5,"rustic_engineer:solarite_ore_deep_slate":7,"minecraft:red_nether_brick_stairs":1,"minecraft:iron_ore":6,"minecraft:fire":1,"minecraft:stripped_spruce_log":3,"minecraft:deepslate_lapis_ore":3,"minecraft:nether_brick_stairs":2,"minecraft:bookshelf":36,"minecraft:deepslate_iron_ore":28,"epicsamurai:deepslate_silver_ore":29,"minecraft:stripped_oak_log":2,"minecraft:wet_sponge":8,"minecraft:stone":216,"minecraft:deepslate_redstone_ore":28,"jeg:scrap_ore":4,"minecraft:smoker":2,"minecraft:stripped_dark_oak_log":4,"epicsamurai:deepslate_aquamarine_ore":6,"minecraft:clay":2,"minecraft:torch":1,"create:scoria":1,"minecraft:lectern":2,"minecraft:nether_quartz_ore":9,"minecraft:glass":2,"minecraft:copper_ore":4,"minecraft:tall_grass":1,"minecraft:cobblestone":2,"minecraft:deepslate_gold_ore":10,"minecraft:sugar_cane":28,"minecraft:damaged_anvil":1,"minecraft:wall_torch":3,"minecraft:seagrass":47,"jeg:deepslate_scrap_ore":55,"minecraft:grass":2,"minecraft:oak_log":66,"minecraft:coal_ore":32,"minecraft:gravel":105,"minecraft:sand":742,"minecraft:dirt":14,"minecraft:netherrack":99,"minecraft:deepslate":174,"minecraft:oak_leaves":4}},"DataVersion":3465}