{"stats":{"minecraft:killed":{"rats:demon_rat":1,"minecraft:zombified_piglin":4,"minecraft:spider":2,"minecraft:skeleton":8,"minecraft:piglin":1,"alexsmobs:seal":2,"minecraft:creeper":2,"minecraft:pillager":2,"minecraft:zombie":22,"minecraft:cow":2,"minecraft:blaze":1,"minecraft:drowned":1,"minecraft:enderman":1},"minecraft:used":{"magistuarmory:rusted_heavymace":1,"minecraft:chest":20,"minecraft:rotten_flesh":11,"minecraft:iron_chestplate":4,"minecraft:acacia_sapling":1,"minecraft:tuff":2,"jeg:grenade":1,"minecraft:obsidian":10,"minecraft:spruce_boat":1,"minecraft:glass":622,"minecraft:lantern":1,"minecraft:dark_oak_slab":5,"minecraft:item_frame":10,"minecraft:furnace":12,"minecraft:oak_sapling":14,"jeg:revolver":6,"minecraft:potato":45,"minecraft:dark_oak_sapling":60,"minecraft:dark_oak_stairs":80,"minecraft:damaged_anvil":1,"mcwlights:copper_chain":1,"minecraft:oak_planks":6,"minecraft:sugar_cane":16,"minecraft:sand":28,"minecraft:blast_furnace":1,"minecraft:sponge":67,"create:copper_backtank":5,"minecraft:acacia_door":2,"minecraft:dark_oak_log":6,"minecraft:bread":50,"minecraft:lectern":1,"magistuarmory:copper_chainmorgenstern":42,"minecraft:grindstone":1,"minecraft:dark_oak_fence":19,"minecraft:oak_boat":1,"minecraft:enchanting_table":2,"minecraft:flint_and_steel":1,"minecraft:cooked_salmon":7,"minecraft:stone_hoe":35,"minecraft:torch":41,"minecraft:dirt":18,"magistuarmory:copper_heatershield":11,"minecraft:cod_bucket":2,"minecraft:salmon_bucket":4,"minecraft:dark_oak_planks":707,"minecraft:bookshelf":27,"minecraft:iron_axe":264,"minecraft:barrel":4,"magistuarmory:silver_concavehalberd":26,"minecraft:cooked_beef":23,"minecraft:cobbled_deepslate":45,"minecraft:cooked_mutton":1,"minecraft:water_bucket":6,"minecraft:glass_bottle":1,"minecraft:stonecutter":2,"minecraft:deepslate_bricks":201,"minecraft:crafting_table":6,"minecraft:painting":7,"minecraft:smoker":2,"minecraft:diamond_pickaxe":1570,"minecraft:diamond_shovel":1228,"minecraft:iron_pickaxe":253,"jeg:scrap_workbench":2,"minecraft:stone_axe":339,"minecraft:cobblestone":95,"minecraft:bucket":30,"minecraft:candle":8},"minecraft:custom":{"minecraft:interact_with_crafting_table":49,"minecraft:open_barrel":67,"minecraft:eat_cake_slice":4,"minecraft:leave_game":2,"minecraft:time_since_death":8844,"minecraft:sprint_one_cm":752597,"minecraft:damage_blocked_by_shield":850,"minecraft:drop":52,"minecraft:play_time":399441,"minecraft:deaths":6,"minecraft:jump":3694,"minecraft:walk_on_water_one_cm":152087,"minecraft:enchant_item":7,"minecraft:interact_with_furnace":152,"minecraft:sleep_in_bed":8,"minecraft:waystone_activated":2,"minecraft:damage_dealt":4405,"minecraft:player_kills":1,"minecraft:crouch_one_cm":25740,"minecraft:interact_with_smoker":4,"minecraft:mob_kills":49,"minecraft:climb_one_cm":5665,"minecraft:walk_one_cm":773131,"minecraft:sneak_time":14147,"minecraft:walk_under_water_one_cm":448061,"minecraft:interact_with_blast_furnace":24,"minecraft:total_world_time":399441,"minecraft:interact_with_stonecutter":3,"minecraft:time_since_rest":8879,"minecraft:damage_taken":5891,"minecraft:swim_one_cm":106310,"minecraft:fly_one_cm":569079,"minecraft:open_chest":277,"minecraft:fall_one_cm":65867},"minecraft:picked_up":{"create:copper_diving_boots":1,"minecraft:string":2,"minecraft:raw_copper":14,"minecraft:red_nether_bricks":11,"jeg:revolver":1,"minecraft:gold_nugget":63,"minecraft:cobbled_deepslate":396,"minecraft:bucket":6,"minecraft:furnace":11,"minecraft:stick":62,"jeg:pistol_ammo":15,"minecraft:torch":21,"minecraft:acacia_log":13,"magistuarmory:rusted_heavymace":2,"minecraft:rotten_flesh":23,"create:scoria":1,"minecraft:blaze_rod":1,"minecraft:obsidian":14,"minecraft:cobblestone":716,"minecraft:sponge":52,"minecraft:enchanting_table":1,"mcwlights:copper_chain":1,"minecraft:smoker":3,"minecraft:potato":40,"minecraft:flint":8,"minecraft:tuff":41,"create:raw_zinc":71,"jeg:scrap":144,"create:incomplete_precision_mechanism":4,"minecraft:lapis_lazuli":63,"minecraft:dirt":59,"minecraft:lantern":1,"minecraft:bone":6,"minecraft:stonecutter":1,"minecraft:wheat_seeds":2,"minecraft:raw_gold":29,"magistuarmory:gold_guisarme":1,"minecraft:oak_planks":28,"epicsamurai:raw_silver":29,"aquaculture:jellyfish":3,"minecraft:sand":1043,"minecraft:stripped_spruce_log":4,"minecraft:nether_brick_stairs":2,"minecraft:dark_oak_log":402,"minecraft:diamond":30,"minecraft:emerald":1,"minecraft:oak_sapling":51,"epicsamurai:ruby":5,"minecraft:netherrack":116,"minecraft:dark_oak_fence":9,"create:precision_mechanism":1,"minecraft:crafting_table":1,"minecraft:clay_ball":8,"jeg:scrap_workbench":1,"minecraft:item_frame":2,"minecraft:beef":4,"minecraft:lectern":2,"minecraft:sugar_cane":57,"crittersandcompanions:clam":1,"minecraft:dark_oak_sapling":70,"minecraft:raw_iron":43,"minecraft:sandstone":5,"magistuarmory:rustedkettlehat":1,"create:copper_backtank":4,"minecraft:redstone":125,"minecraft:dark_oak_planks":24,"minecraft:arrow":16,"minecraft:nether_bricks":14,"minecraft:deepslate_bricks":50,"rats:cooked_rat":1,"minecraft:nether_brick_wall":2,"minecraft:wet_sponge":69,"minecraft:stripped_oak_log":2,"magistuarmory:rustedhalfarmor_chestplate":2,"minecraft:red_mushroom":1,"minecraft:oak_log":91,"minecraft:gunpowder":2,"jeg:grenade":1,"minecraft:red_nether_brick_stairs":1,"minecraft:apple":9,"epicsamurai:aquamarine":6,"minecraft:dark_oak_stairs":3,"jeg:tech_trash":11,"minecraft:acacia_sapling":1,"minecraft:book":105,"rustic_engineer:raw_solarite_ore":4,"minecraft:black_candle":1,"minecraft:dark_oak_slab":2,"minecraft:quartz":36,"minecraft:gravel":84,"minecraft:blast_furnace":1,"magistuarmory:rustedchainmail_leggings":3,"minecraft:spider_eye":1,"create:copper_diving_helmet":1,"rats:nether_cheese":1,"minecraft:stone_axe":1,"minecraft:painting":7,"minecraft:damaged_anvil":2,"minecraft:stripped_dark_oak_log":4,"minecraft:coal":29},"minecraft:killed_by":{"minecraft:wither_skeleton":1,"minecraft:creeper":1,"minecraft:piglin":1,"alexsmobs:bone_serpent":1,"minecraft:player":1},"minecraft:crafted":{"minecraft:oak_planks":344,"create:copper_diving_boots":1,"epicsamurai:silver_ingot":29,"minecraft:barrel":4,"magistuarmory:silver_concavehalberd":1,"minecraft:stone":283,"minecraft:diamond_shovel":1,"minecraft:bookshelf":21,"minecraft:cooked_mutton":1,"epicsamurai:blue_samurai_leggings_master":1,"minecraft:glass":1006,"minecraft:chest":20,"minecraft:copper_block":1,"magistuarmory:pole":2,"minecraft:stone_hoe":1,"magistuarmory:rustedhalfarmor_chestplate":1,"minecraft:smoker":1,"minecraft:oak_slab":36,"epicsamurai:blue_samurai_helmet":1,"minecraft:crafting_table":5,"minecraft:spruce_planks":8,"epicsamurai:green_samurai_boots":1,"minecraft:copper_ingot":29,"magistuarmory:wood_roundshield":1,"minecraft:birch_planks":20,"minecraft:dark_oak_slab":6,"minecraft:iron_chestplate":1,"minecraft:diamond_pickaxe":2,"minecraft:stick":124,"minecraft:iron_ingot":41,"minecraft:acacia_door":3,"minecraft:gold_ingot":12,"magistuarmory:silver_chivalrylance":1,"minecraft:sponge":12,"magistuarmory:leather_strip":6,"minecraft:iron_nugget":54,"minecraft:furnace":8,"create:copper_backtank":1,"minecraft:flint_and_steel":1,"magistuarmory:hilt":6,"minecraft:dark_oak_fence":96,"jeg:scrap_workbench":1,"minecraft:iron_axe":1,"magistuarmory:steel_ingot":13,"minecraft:stone_pickaxe":1,"minecraft:spruce_boat":1,"minecraft:dark_oak_planks":1252,"minecraft:cooked_beef":14,"minecraft:cooked_cod":5,"create:andesite_alloy":8,"minecraft:dark_oak_stairs":168,"minecraft:enchanting_table":1,"minecraft:cooked_salmon":7,"minecraft:stone_axe":4,"minecraft:air":0,"jeg:scrap_block":1,"minecraft:oak_boat":1,"magistuarmory:silver_rondache":1,"minecraft:stonecutter":1,"create:shaft":8,"minecraft:acacia_planks":40,"create:copper_diving_helmet":1,"minecraft:torch":20,"create:zinc_ingot":70},"minecraft:dropped":{"minecraft:glass_bottle":2,"minecraft:dark_oak_sapling":7,"create:incomplete_precision_mechanism":4,"magistuarmory:silver_chivalrylance":1,"create:copper_diving_helmet":1,"minecraft:dirt":2,"create:copper_backtank":2,"minecraft:cooked_cod":4,"minecraft:gold_nugget":1,"magistuarmory:rustedchainmail_leggings":2,"minecraft:stone_axe":1,"minecraft:rotten_flesh":1,"minecraft:oak_planks":35,"create:scoria":1,"minecraft:arrow":5,"minecraft:bread":1,"minecraft:stripped_spruce_log":2,"magistuarmory:rustedkettlehat":1,"minecraft:wheat_seeds":2,"minecraft:cobblestone":31,"create:precision_mechanism":1,"mca:book_romance":1,"minecraft:black_candle":1,"create:copper_diving_boots":1,"epicsamurai:blue_samurai_leggings_master":1,"minecraft:string":4,"epicsamurai:green_samurai_boots":1,"magistuarmory:rusted_heavymace":1,"minecraft:damaged_anvil":1,"minecraft:spruce_planks":3,"minecraft:iron_chestplate":1,"minecraft:stone_pickaxe":1,"magistuarmory:silver_rondache":1,"epicsamurai:blue_samurai_helmet":1},"minecraft:broken":{"minecraft:diamond_pickaxe":1,"minecraft:stone_axe":2,"minecraft:iron_axe":1,"minecraft:iron_pickaxe":1},"minecraft:mined":{"minecraft:dark_oak_planks":25,"create:deepslate_zinc_ore":47,"minecraft:red_nether_bricks":11,"minecraft:obsidian":14,"minecraft:acacia_log":13,"minecraft:grass_block":30,"minecraft:deepslate_bricks":50,"mcwlights:copper_chain":1,"minecraft:spawner":1,"minecraft:tall_seagrass":28,"minecraft:red_nether_brick_stairs":1,"minecraft:iron_ore":6,"minecraft:fire":1,"minecraft:deepslate_lapis_ore":10,"minecraft:nether_brick_stairs":2,"minecraft:dark_oak_stairs":3,"minecraft:enchanting_table":1,"epicsamurai:deepslate_silver_ore":29,"minecraft:deepslate_redstone_ore":28,"minecraft:smoker":3,"minecraft:clay":2,"minecraft:torch":1,"minecraft:blast_furnace":1,"create:scoria":1,"minecraft:cobblestone":8,"minecraft:glass":92,"minecraft:nether_quartz_ore":37,"minecraft:sugar_cane":28,"minecraft:damaged_anvil":1,"minecraft:wall_torch":3,"minecraft:seagrass":47,"minecraft:dark_oak_slab":2,"minecraft:grass":3,"minecraft:oak_log":93,"minecraft:sand":1086,"minecraft:dirt":28,"minecraft:stonecutter":1,"minecraft:netherrack":124,"minecraft:oak_leaves":4,"minecraft:deepslate":393,"create:zinc_ore":25,"minecraft:nether_gold_ore":17,"create:copper_backtank":2,"minecraft:tuff":41,"minecraft:mossy_cobblestone":2,"minecraft:deepslate_diamond_ore":30,"minecraft:nether_brick_wall":2,"minecraft:dark_oak_log":399,"minecraft:nether_bricks":16,"minecraft:dark_oak_fence":9,"epicsamurai:deepslate_ruby_ore":5,"minecraft:sandstone":7,"minecraft:furnace":11,"rustic_engineer:solarite_ore_deep_slate":7,"minecraft:stripped_spruce_log":3,"minecraft:bookshelf":36,"minecraft:potatoes":12,"minecraft:deepslate_iron_ore":37,"minecraft:stripped_oak_log":2,"minecraft:wet_sponge":66,"minecraft:stone":701,"jeg:scrap_ore":8,"minecraft:stripped_dark_oak_log":4,"epicsamurai:deepslate_aquamarine_ore":6,"minecraft:crafting_table":1,"minecraft:sponge":1,"minecraft:lectern":2,"minecraft:tall_grass":1,"minecraft:copper_ore":4,"minecraft:deepslate_gold_ore":27,"jeg:deepslate_scrap_ore":62,"jeg:scrap_workbench":1,"minecraft:coal_ore":34,"minecraft:gravel":105,"minecraft:fern":1}},"DataVersion":3465}