{"stats":{"minecraft:killed":{"rats:demon_rat":1,"minecraft:zombified_piglin":4,"minecraft:spider":2,"minecraft:skeleton":8,"minecraft:drowned":1,"minecraft:piglin":1,"alexsmobs:seal":2,"minecraft:creeper":2,"minecraft:pillager":2,"minecraft:zombie":20,"minecraft:enderman":1,"minecraft:blaze":1,"minecraft:cow":2},"minecraft:used":{"magistuarmory:rusted_heavymace":1,"minecraft:enchanting_table":2,"minecraft:flint_and_steel":1,"minecraft:chest":20,"minecraft:stone_hoe":35,"minecraft:cooked_salmon":7,"minecraft:rotten_flesh":11,"minecraft:iron_chestplate":4,"minecraft:torch":41,"minecraft:dirt":18,"magistuarmory:copper_heatershield":11,"minecraft:cod_bucket":2,"minecraft:acacia_sapling":1,"minecraft:salmon_bucket":4,"jeg:grenade":1,"minecraft:obsidian":10,"minecraft:dark_oak_planks":707,"minecraft:glass":622,"minecraft:spruce_boat":1,"minecraft:bookshelf":27,"minecraft:lantern":1,"minecraft:iron_axe":264,"minecraft:dark_oak_slab":5,"minecraft:barrel":4,"minecraft:item_frame":10,"minecraft:oak_sapling":14,"minecraft:furnace":12,"magistuarmory:silver_concavehalberd":24,"minecraft:potato":13,"minecraft:cooked_beef":21,"minecraft:cobbled_deepslate":45,"minecraft:dark_oak_sapling":60,"minecraft:cooked_mutton":1,"minecraft:dark_oak_stairs":80,"minecraft:water_bucket":6,"minecraft:damaged_anvil":1,"mcwlights:copper_chain":1,"minecraft:glass_bottle":1,"minecraft:oak_planks":6,"minecraft:stonecutter":2,"minecraft:sugar_cane":16,"minecraft:deepslate_bricks":201,"minecraft:sand":27,"minecraft:crafting_table":6,"minecraft:blast_furnace":1,"minecraft:sponge":67,"minecraft:painting":7,"minecraft:smoker":2,"minecraft:diamond_pickaxe":1365,"create:copper_backtank":5,"minecraft:diamond_shovel":1228,"minecraft:acacia_door":2,"minecraft:dark_oak_log":6,"minecraft:bread":50,"minecraft:iron_pickaxe":253,"minecraft:lectern":1,"magistuarmory:copper_chainmorgenstern":42,"jeg:scrap_workbench":2,"minecraft:stone_axe":339,"minecraft:cobblestone":95,"minecraft:grindstone":1,"minecraft:dark_oak_fence":19,"minecraft:bucket":30,"minecraft:candle":8,"minecraft:oak_boat":1},"minecraft:custom":{"minecraft:mob_kills":47,"minecraft:interact_with_crafting_table":45,"minecraft:open_barrel":49,"minecraft:eat_cake_slice":4,"minecraft:leave_game":1,"minecraft:time_since_death":191594,"minecraft:climb_one_cm":5431,"minecraft:sprint_one_cm":652875,"minecraft:walk_one_cm":694172,"minecraft:damage_blocked_by_shield":850,"minecraft:drop":40,"minecraft:play_time":358874,"minecraft:sneak_time":14116,"minecraft:deaths":4,"minecraft:walk_under_water_one_cm":447795,"minecraft:jump":3384,"minecraft:interact_with_blast_furnace":24,"minecraft:walk_on_water_one_cm":149523,"minecraft:enchant_item":7,"minecraft:total_world_time":358874,"minecraft:interact_with_furnace":145,"minecraft:interact_with_stonecutter":3,"minecraft:sleep_in_bed":8,"minecraft:time_since_rest":4730,"minecraft:waystone_activated":2,"minecraft:damage_taken":5238,"minecraft:damage_dealt":4281,"minecraft:swim_one_cm":93278,"minecraft:fly_one_cm":531890,"minecraft:open_chest":239,"minecraft:crouch_one_cm":25669,"minecraft:fall_one_cm":61556,"minecraft:interact_with_smoker":4},"minecraft:picked_up":{"minecraft:crafting_table":1,"minecraft:clay_ball":8,"jeg:scrap_workbench":1,"create:copper_diving_boots":1,"minecraft:string":2,"minecraft:raw_copper":14,"minecraft:red_nether_bricks":11,"minecraft:item_frame":2,"jeg:revolver":1,"minecraft:gold_nugget":63,"minecraft:cobbled_deepslate":270,"minecraft:bucket":1,"minecraft:beef":4,"minecraft:lectern":2,"minecraft:sugar_cane":57,"crittersandcompanions:clam":1,"minecraft:furnace":6,"minecraft:dark_oak_sapling":70,"minecraft:stick":62,"minecraft:raw_iron":34,"minecraft:sandstone":5,"minecraft:torch":21,"minecraft:acacia_log":13,"magistuarmory:rusted_heavymace":2,"magistuarmory:rustedkettlehat":1,"create:copper_backtank":4,"minecraft:redstone":125,"minecraft:dark_oak_planks":24,"minecraft:arrow":14,"minecraft:rotten_flesh":22,"create:scoria":1,"minecraft:nether_bricks":14,"minecraft:deepslate_bricks":50,"rats:cooked_rat":1,"minecraft:blaze_rod":1,"minecraft:obsidian":14,"minecraft:nether_brick_wall":2,"minecraft:cobblestone":715,"minecraft:wet_sponge":69,"minecraft:sponge":52,"minecraft:stripped_oak_log":2,"minecraft:enchanting_table":1,"mcwlights:copper_chain":1,"magistuarmory:rustedhalfarmor_chestplate":2,"minecraft:red_mushroom":1,"minecraft:smoker":3,"minecraft:flint":8,"minecraft:oak_log":91,"minecraft:tuff":22,"create:raw_zinc":62,"jeg:scrap":144,"minecraft:gunpowder":2,"create:incomplete_precision_mechanism":4,"minecraft:lapis_lazuli":21,"minecraft:dirt":59,"minecraft:lantern":1,"jeg:grenade":1,"minecraft:bone":6,"minecraft:red_nether_brick_stairs":1,"minecraft:apple":9,"minecraft:stonecutter":1,"minecraft:wheat_seeds":2,"minecraft:raw_gold":15,"magistuarmory:gold_guisarme":1,"minecraft:acacia_sapling":1,"minecraft:dark_oak_stairs":3,"epicsamurai:aquamarine":6,"jeg:tech_trash":11,"epicsamurai:raw_silver":29,"minecraft:oak_planks":28,"aquaculture:jellyfish":3,"minecraft:book":105,"rustic_engineer:raw_solarite_ore":4,"minecraft:dark_oak_slab":2,"minecraft:black_candle":1,"minecraft:quartz":36,"minecraft:gravel":84,"minecraft:sand":1042,"minecraft:stripped_spruce_log":4,"minecraft:nether_brick_stairs":2,"minecraft:blast_furnace":1,"magistuarmory:rustedchainmail_leggings":3,"minecraft:dark_oak_log":402,"minecraft:spider_eye":1,"create:copper_diving_helmet":1,"rats:nether_cheese":1,"minecraft:diamond":13,"minecraft:painting":7,"minecraft:dark_oak_fence":9,"minecraft:netherrack":116,"minecraft:emerald":1,"minecraft:oak_sapling":51,"epicsamurai:ruby":5,"minecraft:damaged_anvil":2,"minecraft:stripped_dark_oak_log":4,"minecraft:coal":29,"create:precision_mechanism":1},"minecraft:killed_by":{"alexsmobs:bone_serpent":1,"minecraft:wither_skeleton":1,"minecraft:piglin":1},"minecraft:crafted":{"minecraft:oak_planks":344,"create:copper_diving_boots":1,"epicsamurai:silver_ingot":29,"minecraft:barrel":4,"magistuarmory:silver_concavehalberd":1,"minecraft:iron_nugget":54,"minecraft:furnace":8,"minecraft:stone":219,"minecraft:diamond_shovel":1,"create:copper_backtank":1,"minecraft:bookshelf":21,"minecraft:cooked_mutton":1,"minecraft:flint_and_steel":1,"epicsamurai:blue_samurai_leggings_master":1,"magistuarmory:hilt":6,"minecraft:glass":756,"minecraft:dark_oak_fence":96,"jeg:scrap_workbench":1,"minecraft:iron_axe":1,"magistuarmory:steel_ingot":13,"minecraft:chest":20,"minecraft:copper_block":1,"minecraft:spruce_boat":1,"magistuarmory:pole":2,"minecraft:dark_oak_planks":1252,"minecraft:stone_hoe":1,"minecraft:smoker":1,"minecraft:cooked_beef":14,"minecraft:cooked_cod":5,"minecraft:oak_slab":36,"create:andesite_alloy":8,"epicsamurai:blue_samurai_helmet":1,"minecraft:dark_oak_stairs":168,"minecraft:crafting_table":5,"minecraft:spruce_planks":8,"minecraft:enchanting_table":1,"minecraft:cooked_salmon":7,"epicsamurai:green_samurai_boots":1,"minecraft:copper_ingot":29,"magistuarmory:wood_roundshield":1,"minecraft:stone_axe":4,"minecraft:air":0,"jeg:scrap_block":1,"minecraft:oak_boat":1,"minecraft:dark_oak_slab":6,"magistuarmory:silver_rondache":1,"minecraft:iron_chestplate":1,"minecraft:diamond_pickaxe":1,"minecraft:stick":120,"minecraft:iron_ingot":41,"minecraft:acacia_door":3,"minecraft:gold_ingot":12,"magistuarmory:silver_chivalrylance":1,"minecraft:stonecutter":1,"create:shaft":8,"minecraft:acacia_planks":40,"create:copper_diving_helmet":1,"minecraft:torch":20,"minecraft:sponge":12,"create:zinc_ingot":70,"magistuarmory:leather_strip":6},"minecraft:dropped":{"minecraft:stripped_spruce_log":2,"magistuarmory:rustedkettlehat":1,"minecraft:wheat_seeds":2,"minecraft:glass_bottle":2,"minecraft:dark_oak_sapling":7,"minecraft:cobblestone":30,"create:incomplete_precision_mechanism":4,"create:precision_mechanism":1,"minecraft:dirt":2,"create:copper_diving_helmet":1,"mca:book_romance":1,"minecraft:black_candle":1,"create:copper_diving_boots":1,"create:copper_backtank":2,"minecraft:gold_nugget":1,"minecraft:string":4,"magistuarmory:rustedchainmail_leggings":2,"minecraft:rotten_flesh":1,"minecraft:oak_planks":35,"minecraft:damaged_anvil":1,"create:scoria":1,"minecraft:spruce_planks":3,"minecraft:arrow":5},"minecraft:broken":{"minecraft:iron_axe":1,"minecraft:stone_axe":2,"minecraft:iron_pickaxe":1},"minecraft:mined":{"minecraft:dark_oak_planks":25,"create:zinc_ore":25,"minecraft:nether_gold_ore":17,"create:copper_backtank":2,"create:deepslate_zinc_ore":38,"minecraft:tuff":22,"minecraft:mossy_cobblestone":2,"minecraft:deepslate_diamond_ore":15,"minecraft:nether_brick_wall":2,"minecraft:dark_oak_log":399,"minecraft:red_nether_bricks":11,"minecraft:dark_oak_fence":9,"minecraft:obsidian":14,"minecraft:nether_bricks":16,"epicsamurai:deepslate_ruby_ore":5,"minecraft:acacia_log":13,"minecraft:grass_block":30,"minecraft:deepslate_bricks":50,"mcwlights:copper_chain":1,"minecraft:sandstone":7,"minecraft:spawner":1,"minecraft:tall_seagrass":28,"minecraft:furnace":6,"rustic_engineer:solarite_ore_deep_slate":7,"minecraft:red_nether_brick_stairs":1,"minecraft:iron_ore":6,"minecraft:fire":1,"minecraft:stripped_spruce_log":3,"minecraft:deepslate_lapis_ore":3,"minecraft:nether_brick_stairs":2,"minecraft:dark_oak_stairs":3,"minecraft:enchanting_table":1,"minecraft:bookshelf":36,"minecraft:deepslate_iron_ore":28,"epicsamurai:deepslate_silver_ore":29,"minecraft:stripped_oak_log":2,"minecraft:wet_sponge":66,"minecraft:stone":701,"minecraft:deepslate_redstone_ore":28,"jeg:scrap_ore":8,"minecraft:smoker":3,"minecraft:stripped_dark_oak_log":4,"epicsamurai:deepslate_aquamarine_ore":6,"minecraft:crafting_table":1,"minecraft:clay":2,"minecraft:torch":1,"minecraft:blast_furnace":1,"minecraft:sponge":1,"create:scoria":1,"minecraft:lectern":2,"minecraft:nether_quartz_ore":37,"minecraft:glass":92,"minecraft:copper_ore":4,"minecraft:tall_grass":1,"minecraft:cobblestone":7,"minecraft:deepslate_gold_ore":13,"minecraft:sugar_cane":28,"minecraft:damaged_anvil":1,"minecraft:wall_torch":3,"minecraft:seagrass":47,"jeg:deepslate_scrap_ore":62,"jeg:scrap_workbench":1,"minecraft:dark_oak_slab":2,"minecraft:grass":3,"minecraft:oak_log":93,"minecraft:coal_ore":34,"minecraft:gravel":105,"minecraft:sand":1085,"minecraft:dirt":28,"minecraft:fern":1,"minecraft:stonecutter":1,"minecraft:netherrack":124,"minecraft:deepslate":267,"minecraft:oak_leaves":4}},"DataVersion":3465}