{"stats":{"minecraft:broken":{"minecraft:golden_helmet":2,"minecraft:golden_boots":1,"minecraft:golden_leggings":1,"minecraft:diamond_pickaxe":1,"minecraft:stone_axe":4,"minecraft:iron_axe":1,"minecraft:iron_pickaxe":1,"magistuarmory:rustednorman_helmet":1,"magistuarmory:rustedchainmail_leggings":1},"minecraft:custom":{"minecraft:interact_with_crafting_table":94,"minecraft:open_barrel":317,"minecraft:eat_cake_slice":4,"minecraft:leave_game":5,"minecraft:time_since_death":154296,"minecraft:sprint_one_cm":1723637,"minecraft:damage_blocked_by_shield":850,"minecraft:drop":149,"minecraft:play_time":783562,"minecraft:deaths":17,"minecraft:jump":8369,"minecraft:interact_with_brewingstand":26,"minecraft:walk_on_water_one_cm":234032,"minecraft:enchant_item":21,"minecraft:interact_with_furnace":243,"minecraft:interact_with_loom":1,"minecraft:sleep_in_bed":15,"minecraft:waystone_activated":2,"minecraft:damage_dealt":12689,"minecraft:player_kills":3,"minecraft:crouch_one_cm":59074,"minecraft:interact_with_smoker":41,"minecraft:interact_with_anvil":1,"minecraft:mob_kills":592,"minecraft:inspect_hopper":35,"minecraft:climb_one_cm":7167,"minecraft:walk_one_cm":1763968,"minecraft:sneak_time":32975,"minecraft:walk_under_water_one_cm":599771,"minecraft:interact_with_blast_furnace":96,"minecraft:total_world_time":783562,"minecraft:interact_with_grindstone":8,"minecraft:interact_with_stonecutter":4,"minecraft:time_since_rest":53960,"minecraft:damage_taken":13790,"minecraft:swim_one_cm":135497,"minecraft:fly_one_cm":1502189,"minecraft:open_chest":789,"minecraft:fall_one_cm":176720},"minecraft:picked_up":{"minecraft:nether_brick_fence":1,"minecraft:oak_stairs":4,"minecraft:enchanted_book":3,"minecraft:potion":1,"magistuarmory:barding":1,"create:copper_diving_boots":1,"minecraft:golden_sword":14,"minecraft:amethyst_block":1,"minecraft:string":2,"minecraft:raw_copper":207,"create:limestone":1,"minecraft:red_nether_bricks":11,"jeg:recycler":2,"minecraft:experience_bottle":1,"jeg:revolver":1,"alexsmobs:emu_feather":1,"alexsmobs:blood_sac":2,"minecraft:gold_nugget":230,"minecraft:cobbled_deepslate":461,"minecraft:bucket":7,"minecraft:spruce_planks":1,"minecraft:calcite":7,"minecraft:melon_slice":56,"minecraft:furnace":11,"minecraft:golden_helmet":13,"minecraft:stick":90,"minecraft:polished_blackstone_stairs":1,"jeg:pistol_ammo":80,"minecraft:oak_fence":1,"minecraft:spruce_stairs":1,"minecraft:torch":30,"minecraft:acacia_log":13,"magistuarmory:rusted_heavymace":2,"minecraft:diorite":16,"minecraft:warped_button":1,"magistuarmory:rustedcrusader_chestplate":1,"minecraft:golden_chestplate":7,"minecraft:stone_sword":1,"minecraft:honey_bottle":1,"minecraft:rotten_flesh":191,"create:scoria":24,"create:asurine":10,"jeg:rifle_ammo":80,"create:veridium":1,"minecraft:blaze_rod":7,"minecraft:obsidian":32,"minecraft:cobblestone":1426,"minecraft:sponge":52,"minecraft:enchanting_table":1,"mcwlights:copper_chain":1,"minecraft:feather":1,"minecraft:magma_cream":2,"minecraft:andesite":7,"minecraft:golden_leggings":7,"minecraft:smoker":3,"minecraft:potato":418,"minecraft:flint":20,"minecraft:tuff":48,"create:raw_zinc":117,"jeg:scrap":288,"rustic_engineer:book_airship":1,"create:incomplete_precision_mechanism":4,"minecraft:lapis_lazuli":133,"minecraft:dirt":63,"minecraft:lantern":1,"minecraft:name_tag":1,"magistuarmory:gold_bastardsword":7,"minecraft:glass":28,"minecraft:bone":71,"minecraft:bow":3,"minecraft:stonecutter":1,"minecraft:wheat_seeds":2,"minecraft:raw_gold":263,"magistuarmory:gold_guisarme":5,"minecraft:grindstone":1,"jeg:gunnite_ingot":14,"minecraft:glowstone_dust":61,"minecraft:oak_planks":31,"jeg:gunnite_workbench":1,"epicsamurai:raw_silver":169,"aquaculture:jellyfish":7,"minecraft:ghast_tear":1,"jeg:assault_rifle":1,"minecraft:axolotl_bucket":1,"minecraft:poisonous_potato":2,"minecraft:sand":1238,"minecraft:stripped_spruce_log":4,"minecraft:nether_brick_stairs":8,"minecraft:spectral_arrow":8,"minecraft:dark_oak_log":643,"minecraft:diamond":47,"minecraft:granite":828,"minecraft:emerald":1,"minecraft:bread":64,"alexsmobs:banana_slug_slime":1,"epicsamurai:ruby":63,"minecraft:oak_sapling":52,"minecraft:netherrack":235,"minecraft:dark_oak_fence":9,"create:precision_mechanism":1,"minecraft:diamond_pickaxe":1,"minecraft:crafting_table":2,"minecraft:chicken":1,"minecraft:nether_wart":93,"minecraft:clay_ball":8,"jeg:scrap_workbench":2,"minecraft:chain":6,"magistuarmory:brigandine_chestplate":3,"epicsamurai:jade":18,"minecraft:item_frame":2,"create:scorchia":2,"minecraft:blackstone":14,"minecraft:candle":19,"minecraft:beef":12,"minecraft:iron_nugget":23,"minecraft:spruce_slab":6,"minecraft:lectern":2,"minecraft:sugar_cane":129,"minecraft:chest":5,"crittersandcompanions:clam":2,"minecraft:dark_oak_sapling":96,"minecraft:raw_iron":299,"minecraft:sandstone":103,"minecraft:spruce_fence":1,"magistuarmory:rustedkettlehat":1,"create:copper_backtank":4,"minecraft:carrot":1,"minecraft:redstone":182,"magistuarmory:maximilian_chestplate":1,"magistuarmory:gambeson_boots":2,"minecraft:dark_oak_planks":54,"jeg:circuit_board":2,"minecraft:arrow":53,"magistuarmory:gold_lochaberaxe":5,"minecraft:nether_bricks":27,"minecraft:deepslate_bricks":135,"jeg:gunmetal_workbench":1,"alexscaves:spelunkery_table":2,"rats:cooked_rat":2,"minecraft:saddle":1,"minecraft:gold_ingot":5,"minecraft:polished_blackstone":4,"minecraft:mutton":7,"minecraft:nether_brick_wall":2,"jeg:raw_brimstone":224,"alexsmobs:kangaroo_meat":2,"minecraft:white_wool":3,"minecraft:wet_sponge":78,"minecraft:stripped_oak_log":2,"magistuarmory:rustedhalfarmor_chestplate":3,"minecraft:basalt":45,"minecraft:leather":3,"minecraft:red_mushroom":5,"minecraft:filled_map":1,"minecraft:oak_log":100,"minecraft:golden_boots":7,"minecraft:gunpowder":14,"minecraft:paper":9,"jeg:grenade":1,"magistuarmory:gold_buckler":2,"magistuarmory:gold_target":4,"minecraft:red_nether_brick_stairs":5,"minecraft:apple":50,"magistuarmory:steel_flamebladedsword":1,"minecraft:iron_ingot":13,"minecraft:rabbit_hide":4,"magistuarmory:gothic_leggings":1,"aquaculture:minnow":1,"epicsamurai:aquamarine":22,"minecraft:soul_sand":24,"minecraft:acacia_sapling":1,"jeg:tech_trash":46,"minecraft:dark_oak_stairs":12,"minecraft:book":111,"epicsamurai:onyx":18,"rustic_engineer:raw_solarite_ore":7,"minecraft:oak_slab":1,"minecraft:black_candle":1,"minecraft:smooth_basalt":1,"minecraft:dark_oak_slab":2,"magistuarmory:rustedchainmail_chestplate":4,"minecraft:quartz":270,"minecraft:cracked_nether_bricks":3,"minecraft:gravel":231,"magistuarmory:rustednorman_helmet":1,"minecraft:amethyst_shard":84,"minecraft:blast_furnace":1,"magistuarmory:rustedchainmail_leggings":10,"minecraft:spider_eye":1,"magistuarmory:gothic_chestplate":1,"create:copper_diving_helmet":1,"rats:nether_cheese":1,"minecraft:purple_bed":1,"minecraft:slime_ball":2,"minecraft:stone_axe":1,"magistuarmory:rusted_bastardsword":2,"immersive_melodies:didgeridoo":3,"minecraft:painting":13,"minecraft:black_wool":1,"minecraft:baked_potato":6,"minecraft:damaged_anvil":2,"minecraft:stripped_dark_oak_log":4,"magistuarmory:gold_shortsword":7,"minecraft:coal":171,"magistuarmory:steel_nugget":1,"minecraft:hopper":1},"minecraft:used":{"magistuarmory:rusted_heavymace":1,"furnitura:dark_oak_cabinet":2,"minecraft:spruce_slab":6,"minecraft:ladder":3,"minecraft:chest":29,"minecraft:nether_wart":46,"minecraft:rotten_flesh":17,"minecraft:iron_chestplate":4,"minecraft:soul_sand":19,"minecraft:acacia_sapling":1,"minecraft:axolotl_bucket":1,"minecraft:tuff":4,"minecraft:obsidian":20,"jeg:grenade":1,"minecraft:spruce_boat":1,"minecraft:glass":1039,"minecraft:lantern":1,"create:scoria":18,"minecraft:dark_oak_slab":5,"minecraft:item_frame":10,"minecraft:redstone_lamp":7,"rats:cooked_rat":2,"minecraft:oak_sapling":14,"minecraft:furnace":12,"jeg:revolver":65,"minecraft:diorite":10,"minecraft:potato":202,"minecraft:dark_oak_sapling":92,"minecraft:golden_boots":1,"minecraft:damaged_anvil":1,"minecraft:dark_oak_stairs":93,"minecraft:diamond_boots":1,"mcwlights:copper_chain":1,"minecraft:oak_planks":6,"minecraft:blackstone":2,"minecraft:sandstone":11,"minecraft:sugar_cane":16,"jeg:assault_rifle":54,"minecraft:diamond_axe":88,"minecraft:sand":31,"jeg:gunmetal_workbench":1,"minecraft:blast_furnace":1,"minecraft:sponge":76,"minecraft:redstone_torch":8,"jeg:recycler":2,"create:copper_backtank":5,"minecraft:acacia_door":2,"minecraft:dark_oak_log":6,"minecraft:bread":84,"minecraft:lectern":1,"create:asurine":10,"magistuarmory:copper_chainmorgenstern":42,"minecraft:golden_helmet":2,"minecraft:grindstone":2,"minecraft:dark_oak_fence":19,"minecraft:andesite":3,"minecraft:oak_boat":2,"minecraft:experience_bottle":1,"minecraft:enchanting_table":2,"minecraft:flint_and_steel":3,"minecraft:cooked_salmon":7,"minecraft:stone_hoe":35,"minecraft:netherrack":33,"minecraft:torch":50,"minecraft:dirt":28,"minecraft:brewing_stand":1,"magistuarmory:copper_heatershield":12,"jeg:gunnite_workbench":1,"minecraft:hopper":4,"minecraft:diamond_helmet":1,"minecraft:cod_bucket":2,"minecraft:salmon_bucket":4,"minecraft:dark_oak_planks":810,"minecraft:bookshelf":27,"minecraft:iron_axe":264,"minecraft:barrel":4,"minecraft:melon_seeds":4,"minecraft:basalt":23,"minecraft:cooked_beef":23,"magistuarmory:silver_concavehalberd":137,"minecraft:cobbled_deepslate":45,"minecraft:cooked_mutton":1,"minecraft:water_bucket":18,"minecraft:amethyst_block":1,"minecraft:glass_bottle":16,"minecraft:baked_potato":78,"minecraft:stonecutter":2,"minecraft:deepslate_bricks":392,"minecraft:crafting_table":8,"minecraft:oak_slab":4,"minecraft:painting":7,"minecraft:smoker":2,"minecraft:oak_log":1,"minecraft:diamond_pickaxe":4180,"minecraft:apple":12,"minecraft:diamond_shovel":1529,"minecraft:iron_pickaxe":253,"minecraft:golden_leggings":1,"jeg:scrap_workbench":3,"minecraft:stone_axe":595,"minecraft:purple_bed":1,"minecraft:cobblestone":247,"minecraft:bucket":68,"minecraft:diamond_leggings":2,"minecraft:candle":14,"minecraft:chainmail_leggings":1},"minecraft:killed_by":{"minecraft:zombified_piglin":3,"minecraft:wither_skeleton":5,"minecraft:creeper":1,"epicsamurai:oni":2,"minecraft:piglin":1,"alexsmobs:bone_serpent":1,"minecraft:player":1,"minecraft:skeleton":2},"minecraft:dropped":{"minecraft:nether_brick_stairs":6,"minecraft:soul_sand":1,"minecraft:baked_potato":84,"minecraft:glass_bottle":2,"minecraft:dark_oak_sapling":7,"magistuarmory:gold_shortsword":1,"create:incomplete_precision_mechanism":4,"aquaculture:minnow":1,"magistuarmory:silver_chivalrylance":1,"jeg:raw_brimstone":72,"minecraft:red_mushroom":1,"minecraft:flint":7,"create:copper_diving_helmet":1,"minecraft:dirt":4,"create:copper_backtank":2,"magistuarmory:rusted_bastardsword":2,"minecraft:cooked_cod":4,"minecraft:gold_nugget":9,"minecraft:amethyst_shard":1,"minecraft:sand":1,"minecraft:bone":8,"rustic_engineer:book_airship":2,"minecraft:gold_ingot":2,"magistuarmory:rustedchainmail_leggings":5,"minecraft:gravel":9,"minecraft:stone_axe":1,"minecraft:blackstone":4,"minecraft:cobbled_deepslate":2,"minecraft:rotten_flesh":24,"minecraft:oak_planks":37,"minecraft:honey_bottle":1,"minecraft:nether_brick_fence":1,"rats:nether_cheese":1,"minecraft:leather_chestplate":1,"jeg:revolver":1,"magistuarmory:gothic_leggings":1,"create:scoria":1,"minecraft:charcoal":78,"minecraft:leather_boots":1,"create:limestone":1,"magistuarmory:rustedchainmail_chestplate":2,"jeg:assault_rifle":1,"immersive_melodies:didgeridoo":2,"minecraft:arrow":19,"magistuarmory:gold_lochaberaxe":1,"minecraft:cracked_nether_bricks":3,"minecraft:netherrack":2,"magistuarmory:gothic_chestplate":1,"minecraft:golden_boots":1,"minecraft:bread":1,"minecraft:stripped_spruce_log":2,"magistuarmory:rustedkettlehat":1,"minecraft:wheat_seeds":2,"minecraft:golden_helmet":1,"minecraft:polished_blackstone":4,"minecraft:oak_fence":1,"minecraft:cobblestone":299,"create:precision_mechanism":1,"minecraft:apple":2,"minecraft:granite":12,"minecraft:spruce_stairs":1,"minecraft:polished_blackstone_stairs":1,"minecraft:black_candle":1,"mca:book_romance":1,"epicsamurai:spirit_upgrade_smithing_template":1,"minecraft:diorite":6,"epicsamurai:blue_samurai_leggings_master":1,"create:copper_diving_boots":1,"minecraft:rib_armor_trim_smithing_template":1,"minecraft:oak_stairs":4,"minecraft:paper":9,"minecraft:string":4,"epicsamurai:green_samurai_boots":1,"minecraft:stone_sword":1,"minecraft:raw_copper":25,"minecraft:tuff":4,"minecraft:damaged_anvil":1,"magistuarmory:rusted_heavymace":1,"magistuarmory:gold_bastardsword":3,"minecraft:nether_bricks":13,"minecraft:spruce_fence":1,"minecraft:red_nether_brick_stairs":4,"create:veridium":1,"minecraft:spruce_planks":4,"minecraft:diamond_pickaxe":2,"minecraft:iron_chestplate":1,"minecraft:andesite":4,"minecraft:oak_sapling":1,"minecraft:warped_button":1,"minecraft:sandstone":75,"minecraft:bow":1,"minecraft:stone_pickaxe":1,"magistuarmory:silver_rondache":1,"minecraft:calcite":7,"jeg:pistol_ammo":15,"epicsamurai:blue_samurai_helmet":1},"minecraft:crafted":{"minecraft:smooth_stone":63,"minecraft:oak_planks":368,"create:copper_diving_boots":1,"epicsamurai:silver_ingot":29,"minecraft:barrel":4,"magistuarmory:silver_concavehalberd":2,"minecraft:blaze_powder":4,"minecraft:stone":292,"minecraft:diamond_shovel":1,"minecraft:bookshelf":21,"jeg:gunmetal_ingot":47,"minecraft:cooked_mutton":1,"magistuarmory:gold_guisarme":3,"epicsamurai:blue_samurai_leggings_master":1,"minecraft:glass":1132,"minecraft:hopper":3,"minecraft:diamond_helmet":1,"minecraft:diamond_leggings":1,"minecraft:chest":28,"minecraft:copper_block":1,"magistuarmory:pole":3,"minecraft:stone_hoe":1,"magistuarmory:gold_lochaberaxe":1,"magistuarmory:rustedhalfarmor_chestplate":1,"minecraft:golden_sword":7,"minecraft:golden_boots":2,"minecraft:smoker":1,"minecraft:glass_bottle":27,"minecraft:redstone_lamp":11,"minecraft:oak_slab":36,"epicsamurai:blue_samurai_helmet":1,"minecraft:cauldron":1,"minecraft:diamond_axe":1,"minecraft:crafting_table":6,"minecraft:spruce_planks":8,"furnitura:dark_oak_cabinet":2,"minecraft:baked_potato":202,"epicsamurai:green_samurai_boots":1,"minecraft:copper_ingot":128,"magistuarmory:wood_roundshield":1,"minecraft:brewing_stand":1,"minecraft:birch_planks":20,"magistuarmory:gold_buckler":1,"jeg:brimstone_crystal":17,"minecraft:dark_oak_slab":12,"minecraft:iron_chestplate":1,"minecraft:charcoal":224,"minecraft:golden_leggings":4,"minecraft:diamond_pickaxe":5,"minecraft:stick":124,"minecraft:iron_ingot":66,"magistuarmory:gold_shortsword":2,"minecraft:acacia_door":3,"minecraft:gold_ingot":29,"magistuarmory:silver_chivalrylance":1,"minecraft:redstone_torch":77,"minecraft:sponge":12,"minecraft:deepslate_bricks":216,"magistuarmory:leather_strip":6,"minecraft:smooth_stone_slab":12,"minecraft:leather_leggings":1,"minecraft:golden_chestplate":2,"minecraft:iron_nugget":54,"jeg:gunmetal_grit":700,"minecraft:furnace":8,"create:copper_backtank":1,"minecraft:flint_and_steel":1,"magistuarmory:hilt":8,"minecraft:dark_oak_fence":96,"minecraft:polished_deepslate":216,"jeg:scrap_workbench":1,"minecraft:iron_axe":1,"minecraft:ladder":3,"magistuarmory:steel_ingot":13,"minecraft:slime_ball":3,"minecraft:stone_pickaxe":1,"minecraft:diamond_boots":1,"minecraft:spruce_boat":1,"minecraft:dark_oak_planks":1524,"minecraft:golden_helmet":8,"minecraft:chainmail_leggings":1,"minecraft:glistering_melon_slice":1,"minecraft:cooked_beef":14,"minecraft:sugar":9,"minecraft:cooked_cod":5,"create:andesite_alloy":8,"minecraft:dark_oak_stairs":192,"minecraft:enchanting_table":1,"minecraft:cooked_salmon":7,"minecraft:bucket":1,"magistuarmory:rustedchainmail_leggings":2,"minecraft:stone_axe":6,"minecraft:glowstone":15,"minecraft:air":0,"jeg:scrap_block":1,"minecraft:oak_boat":2,"magistuarmory:silver_rondache":1,"minecraft:gunpowder":134,"minecraft:chainmail_boots":1,"minecraft:stonecutter":2,"create:shaft":8,"create:copper_diving_helmet":1,"minecraft:acacia_planks":40,"minecraft:torch":20,"create:zinc_ingot":79},"minecraft:mined":{"minecraft:dark_oak_planks":59,"create:deepslate_zinc_ore":47,"minecraft:spruce_planks":1,"minecraft:red_nether_bricks":11,"minecraft:obsidian":24,"minecraft:granite":781,"minecraft:acacia_log":13,"minecraft:grass_block":30,"epicsamurai:silver_ore":11,"minecraft:deepslate_bricks":137,"minecraft:soul_soil":2,"minecraft:hopper":1,"minecraft:nether_wart":32,"mcwlights:copper_chain":1,"minecraft:spawner":2,"minecraft:tall_seagrass":28,"epicsamurai:deepslate_jade_ore":9,"minecraft:glowstone":22,"minecraft:red_nether_brick_stairs":1,"minecraft:iron_ore":84,"minecraft:fire":30,"minecraft:cobbled_deepslate":3,"minecraft:deepslate_lapis_ore":16,"minecraft:nether_brick_stairs":2,"minecraft:dark_oak_stairs":12,"minecraft:enchanting_table":1,"create:asurine":12,"minecraft:oak_stairs":4,"epicsamurai:deepslate_silver_ore":51,"create:veridium":1,"create:limestone":1,"minecraft:spruce_slab":6,"minecraft:deepslate_redstone_ore":44,"minecraft:blackstone":15,"minecraft:soul_fire":3,"minecraft:smoker":3,"minecraft:amethyst_cluster":11,"minecraft:clay":2,"minecraft:torch":2,"minecraft:blast_furnace":1,"minecraft:calcite":10,"minecraft:melon":10,"jeg:recycler":1,"minecraft:chest":5,"create:scoria":25,"minecraft:glass":293,"minecraft:cobblestone":24,"minecraft:nether_quartz_ore":144,"minecraft:damaged_anvil":1,"minecraft:oak_planks":8,"minecraft:grindstone":1,"minecraft:sugar_cane":29,"minecraft:wall_torch":5,"minecraft:amethyst_block":1,"minecraft:seagrass":47,"minecraft:dark_oak_slab":2,"epicsamurai:aquamarine_ore":7,"minecraft:grass":5,"minecraft:oak_log":102,"minecraft:sand":1290,"minecraft:dirt":35,"minecraft:smooth_basalt":3,"minecraft:deepslate":458,"minecraft:stonecutter":1,"minecraft:oak_leaves":14,"minecraft:netherrack":174,"create:zinc_ore":47,"minecraft:nether_gold_ore":17,"create:copper_backtank":2,"alexscaves:spelunkery_table":2,"minecraft:tuff":48,"minecraft:mossy_cobblestone":2,"epicsamurai:deepslate_onyx_ore":6,"minecraft:deepslate_diamond_ore":37,"minecraft:candle":2,"minecraft:nether_brick_wall":2,"minecraft:dark_oak_log":640,"minecraft:glow_lichen":1,"minecraft:nether_bricks":19,"minecraft:dark_oak_fence":9,"epicsamurai:deepslate_ruby_ore":21,"minecraft:spruce_fence":1,"minecraft:red_mushroom":1,"minecraft:sandstone":129,"minecraft:furnace":11,"rustic_engineer:solarite_ore_deep_slate":10,"minecraft:andesite":7,"create:scorchia":2,"minecraft:stripped_spruce_log":3,"minecraft:bookshelf":36,"minecraft:potatoes":127,"minecraft:deepslate_iron_ore":49,"minecraft:stripped_oak_log":2,"minecraft:wet_sponge":75,"minecraft:stone":1381,"jeg:blackstone_brimstone_ore":19,"minecraft:oak_slab":1,"jeg:scrap_ore":31,"minecraft:soul_sand":23,"minecraft:stripped_dark_oak_log":4,"minecraft:basalt":45,"jeg:basalt_brimstone_ore":80,"epicsamurai:deepslate_aquamarine_ore":8,"minecraft:oak_fence":1,"minecraft:crafting_table":2,"minecraft:sponge":1,"minecraft:lectern":2,"minecraft:copper_ore":21,"minecraft:tall_grass":1,"minecraft:deepslate_gold_ore":74,"minecraft:diorite":16,"minecraft:spruce_stairs":1,"minecraft:purple_bed":1,"jeg:deepslate_scrap_ore":98,"jeg:scrap_workbench":2,"minecraft:polished_blackstone_stairs":1,"minecraft:coal_ore":70,"minecraft:gravel":180,"minecraft:polished_blackstone":5,"minecraft:fern":1,"epicsamurai:ruby_ore":11},"minecraft:killed":{"rats:demon_rat":2,"minecraft:zombified_piglin":296,"minecraft:spider":12,"minecraft:skeleton":47,"minecraft:chicken":1,"alexsmobs:straddler":3,"alexsmobs:kangaroo":1,"minecraft:magma_cube":32,"minecraft:piglin":3,"alexsmobs:seal":2,"alexsmobs:stradpole":2,"minecraft:creeper":7,"alexsmobs:crimson_mosquito":1,"minecraft:sheep":4,"minecraft:pillager":2,"minecraft:zombie":101,"minecraft:ghast":8,"minecraft:blaze":18,"minecraft:cow":6,"minecraft:slime":4,"minecraft:drowned":1,"alexsmobs:rocky_roller":1,"minecraft:bat":1,"alexsmobs:emu":1,"minecraft:wither_skeleton":32,"minecraft:enderman":1}},"DataVersion":3465}