{"stats":{"minecraft:dropped":{"create:scoria":1},"minecraft:used":{"minecraft:water_bucket":2,"magistuarmory:rusted_heavymace":1,"minecraft:oak_planks":6,"minecraft:sugar_cane":12,"minecraft:iron_chestplate":1,"minecraft:torch":7,"magistuarmory:copper_heatershield":7,"minecraft:cod_bucket":2,"minecraft:salmon_bucket":4,"minecraft:diamond_pickaxe":32,"minecraft:bread":12,"minecraft:iron_pickaxe":182,"magistuarmory:copper_chainmorgenstern":19,"jeg:scrap_workbench":1,"minecraft:bucket":2,"minecraft:cobbled_deepslate":36},"minecraft:picked_up":{"minecraft:tuff":16,"create:raw_zinc":19,"jeg:scrap":5,"minecraft:lapis_lazuli":21,"minecraft:dirt":11,"jeg:revolver":1,"minecraft:cobbled_deepslate":93,"minecraft:raw_gold":7,"epicsamurai:aquamarine":6,"minecraft:sugar_cane":12,"epicsamurai:raw_silver":3,"rustic_engineer:raw_solarite_ore":3,"minecraft:raw_iron":33,"minecraft:gravel":1,"magistuarmory:rusted_heavymace":1,"minecraft:redstone":28,"minecraft:arrow":2,"minecraft:rotten_flesh":8,"minecraft:diamond":8,"create:scoria":1,"minecraft:obsidian":9},"minecraft:custom":{"minecraft:interact_with_furnace":3,"minecraft:mob_kills":4,"minecraft:interact_with_crafting_table":9,"minecraft:open_barrel":8,"minecraft:time_since_death":41411,"minecraft:climb_one_cm":2772,"minecraft:time_since_rest":41411,"minecraft:sprint_one_cm":40967,"minecraft:damage_taken":652,"minecraft:walk_one_cm":67078,"minecraft:damage_blocked_by_shield":490,"minecraft:drop":1,"minecraft:damage_dealt":912,"minecraft:swim_one_cm":34302,"minecraft:fly_one_cm":35672,"minecraft:open_chest":35,"minecraft:crouch_one_cm":6923,"minecraft:play_time":41411,"minecraft:sneak_time":2999,"minecraft:walk_under_water_one_cm":11151,"minecraft:jump":311,"minecraft:interact_with_blast_furnace":9,"minecraft:walk_on_water_one_cm":17807,"minecraft:total_world_time":41411,"minecraft:fall_one_cm":7887},"minecraft:mined":{"minecraft:deepslate_redstone_ore":6,"create:deepslate_zinc_ore":19,"minecraft:tuff":16,"minecraft:deepslate_diamond_ore":8,"epicsamurai:deepslate_aquamarine_ore":6,"minecraft:obsidian":9,"minecraft:grass_block":7,"create:scoria":1,"minecraft:deepslate_gold_ore":7,"minecraft:sugar_cane":6,"jeg:deepslate_scrap_ore":2,"rustic_engineer:solarite_ore_deep_slate":5,"minecraft:iron_ore":5,"minecraft:deepslate_lapis_ore":3,"minecraft:deepslate_iron_ore":28,"epicsamurai:deepslate_silver_ore":3,"minecraft:gravel":1,"minecraft:dirt":4,"minecraft:deepslate":93},"minecraft:crafted":{"minecraft:oak_planks":48,"epicsamurai:blue_samurai_helmet":1,"epicsamurai:green_samurai_boots":1,"minecraft:copper_ingot":29,"minecraft:air":0,"jeg:scrap_block":1,"epicsamurai:blue_samurai_leggings_master":1,"minecraft:iron_chestplate":1,"minecraft:diamond_pickaxe":1,"jeg:scrap_workbench":1,"minecraft:iron_axe":1,"magistuarmory:steel_ingot":8,"minecraft:stick":8,"minecraft:iron_ingot":36,"minecraft:gold_ingot":7,"minecraft:torch":8},"minecraft:killed":{"minecraft:zombie":4}},"DataVersion":3465}