{"stats":{"minecraft:killed":{"rats:demon_rat":1,"minecraft:zombified_piglin":282,"minecraft:spider":2,"minecraft:skeleton":17,"minecraft:chicken":1,"alexsmobs:straddler":1,"minecraft:magma_cube":16,"minecraft:piglin":3,"alexsmobs:seal":2,"minecraft:creeper":2,"minecraft:pillager":2,"minecraft:zombie":28,"minecraft:ghast":7,"minecraft:cow":2,"minecraft:blaze":13,"minecraft:drowned":1,"minecraft:wither_skeleton":5,"minecraft:enderman":1},"minecraft:used":{"magistuarmory:rusted_heavymace":1,"minecraft:chest":22,"minecraft:rotten_flesh":17,"minecraft:iron_chestplate":4,"minecraft:acacia_sapling":1,"minecraft:tuff":4,"jeg:grenade":1,"minecraft:obsidian":20,"minecraft:spruce_boat":1,"minecraft:glass":1038,"minecraft:lantern":1,"create:scoria":1,"minecraft:dark_oak_slab":5,"minecraft:item_frame":10,"rats:cooked_rat":1,"minecraft:furnace":12,"minecraft:oak_sapling":14,"jeg:revolver":45,"minecraft:potato":87,"minecraft:dark_oak_sapling":92,"minecraft:golden_boots":1,"minecraft:dark_oak_stairs":80,"minecraft:damaged_anvil":1,"mcwlights:copper_chain":1,"minecraft:oak_planks":6,"minecraft:blackstone":2,"minecraft:diamond_axe":23,"minecraft:sugar_cane":16,"minecraft:sand":28,"minecraft:blast_furnace":1,"minecraft:sponge":76,"create:copper_backtank":5,"minecraft:acacia_door":2,"minecraft:dark_oak_log":6,"minecraft:bread":50,"minecraft:lectern":1,"magistuarmory:copper_chainmorgenstern":42,"minecraft:golden_helmet":1,"minecraft:grindstone":1,"minecraft:dark_oak_fence":19,"minecraft:oak_boat":1,"minecraft:enchanting_table":2,"minecraft:flint_and_steel":2,"minecraft:cooked_salmon":7,"minecraft:stone_hoe":35,"minecraft:netherrack":33,"minecraft:torch":48,"minecraft:dirt":26,"magistuarmory:copper_heatershield":11,"minecraft:cod_bucket":2,"minecraft:salmon_bucket":4,"minecraft:dark_oak_planks":800,"minecraft:bookshelf":27,"minecraft:iron_axe":264,"minecraft:melon_seeds":4,"minecraft:barrel":4,"minecraft:basalt":10,"magistuarmory:silver_concavehalberd":66,"minecraft:cooked_beef":23,"minecraft:cobbled_deepslate":45,"minecraft:cooked_mutton":1,"minecraft:water_bucket":6,"minecraft:glass_bottle":1,"minecraft:baked_potato":29,"minecraft:stonecutter":2,"minecraft:deepslate_bricks":392,"minecraft:crafting_table":6,"minecraft:painting":7,"minecraft:smoker":2,"minecraft:diamond_pickaxe":2283,"minecraft:apple":9,"minecraft:diamond_shovel":1459,"minecraft:iron_pickaxe":253,"minecraft:golden_leggings":1,"jeg:scrap_workbench":2,"minecraft:stone_axe":595,"minecraft:cobblestone":110,"minecraft:bucket":42,"minecraft:candle":8},"minecraft:custom":{"minecraft:interact_with_crafting_table":59,"minecraft:open_barrel":110,"minecraft:eat_cake_slice":4,"minecraft:leave_game":2,"minecraft:time_since_death":71814,"minecraft:sprint_one_cm":1110544,"minecraft:damage_blocked_by_shield":850,"minecraft:drop":67,"minecraft:play_time":543441,"minecraft:deaths":12,"minecraft:jump":4819,"minecraft:walk_on_water_one_cm":205661,"minecraft:enchant_item":14,"minecraft:interact_with_furnace":191,"minecraft:sleep_in_bed":11,"minecraft:waystone_activated":2,"minecraft:damage_dealt":7295,"minecraft:player_kills":1,"minecraft:crouch_one_cm":38321,"minecraft:interact_with_smoker":16,"minecraft:interact_with_anvil":1,"minecraft:mob_kills":386,"minecraft:climb_one_cm":5665,"minecraft:walk_one_cm":1068290,"minecraft:sneak_time":25751,"minecraft:walk_under_water_one_cm":590881,"minecraft:interact_with_blast_furnace":42,"minecraft:total_world_time":543441,"minecraft:interact_with_grindstone":4,"minecraft:interact_with_stonecutter":3,"minecraft:time_since_rest":71970,"minecraft:damage_taken":8890,"minecraft:swim_one_cm":112173,"minecraft:fly_one_cm":757583,"minecraft:open_chest":451,"minecraft:fall_one_cm":86300},"minecraft:picked_up":{"minecraft:potion":1,"minecraft:enchanted_book":3,"magistuarmory:barding":1,"create:copper_diving_boots":1,"minecraft:golden_sword":13,"minecraft:string":2,"minecraft:raw_copper":130,"minecraft:red_nether_bricks":11,"jeg:revolver":1,"minecraft:gold_nugget":213,"minecraft:cobbled_deepslate":397,"minecraft:bucket":7,"minecraft:melon_slice":31,"minecraft:furnace":11,"minecraft:golden_helmet":13,"minecraft:stick":90,"jeg:pistol_ammo":55,"minecraft:torch":28,"minecraft:acacia_log":13,"magistuarmory:rusted_heavymace":2,"minecraft:golden_chestplate":6,"minecraft:honey_bottle":1,"minecraft:rotten_flesh":165,"create:scoria":7,"minecraft:blaze_rod":6,"minecraft:obsidian":32,"minecraft:cobblestone":1089,"minecraft:sponge":52,"minecraft:enchanting_table":1,"mcwlights:copper_chain":1,"minecraft:feather":1,"minecraft:magma_cream":2,"minecraft:golden_leggings":7,"minecraft:smoker":3,"minecraft:potato":135,"minecraft:flint":18,"minecraft:tuff":44,"create:raw_zinc":71,"jeg:scrap":151,"create:incomplete_precision_mechanism":4,"minecraft:lapis_lazuli":64,"minecraft:dirt":59,"minecraft:lantern":1,"minecraft:name_tag":1,"magistuarmory:gold_bastardsword":4,"minecraft:glass":28,"minecraft:bone":23,"minecraft:stonecutter":1,"minecraft:wheat_seeds":2,"minecraft:raw_gold":29,"magistuarmory:gold_guisarme":5,"minecraft:glowstone_dust":61,"minecraft:oak_planks":28,"epicsamurai:raw_silver":29,"aquaculture:jellyfish":6,"minecraft:ghast_tear":1,"minecraft:axolotl_bucket":1,"minecraft:sand":1179,"minecraft:stripped_spruce_log":4,"minecraft:nether_brick_stairs":2,"minecraft:spectral_arrow":8,"minecraft:dark_oak_log":643,"minecraft:diamond":30,"minecraft:emerald":1,"alexsmobs:banana_slug_slime":1,"minecraft:oak_sapling":52,"epicsamurai:ruby":5,"minecraft:netherrack":221,"minecraft:dark_oak_fence":9,"create:precision_mechanism":1,"minecraft:crafting_table":1,"minecraft:chicken":1,"minecraft:clay_ball":8,"jeg:scrap_workbench":1,"minecraft:chain":6,"magistuarmory:brigandine_chestplate":2,"create:scorchia":2,"minecraft:item_frame":2,"minecraft:blackstone":4,"minecraft:candle":13,"minecraft:beef":4,"minecraft:lectern":2,"minecraft:chest":2,"minecraft:sugar_cane":129,"crittersandcompanions:clam":2,"minecraft:dark_oak_sapling":96,"minecraft:raw_iron":58,"minecraft:sandstone":17,"magistuarmory:rustedkettlehat":1,"create:copper_backtank":4,"magistuarmory:maximilian_chestplate":1,"minecraft:redstone":125,"magistuarmory:gambeson_boots":2,"minecraft:dark_oak_planks":41,"minecraft:arrow":25,"magistuarmory:gold_lochaberaxe":5,"minecraft:nether_bricks":14,"minecraft:deepslate_bricks":135,"rats:cooked_rat":1,"minecraft:gold_ingot":5,"minecraft:saddle":1,"minecraft:nether_brick_wall":2,"jeg:raw_brimstone":89,"minecraft:wet_sponge":78,"minecraft:stripped_oak_log":2,"magistuarmory:rustedhalfarmor_chestplate":3,"minecraft:basalt":16,"minecraft:red_mushroom":4,"minecraft:oak_log":97,"minecraft:golden_boots":7,"minecraft:gunpowder":8,"jeg:grenade":1,"magistuarmory:gold_buckler":2,"magistuarmory:gold_target":4,"minecraft:red_nether_brick_stairs":1,"minecraft:apple":48,"minecraft:rabbit_hide":4,"epicsamurai:aquamarine":6,"minecraft:dark_oak_stairs":4,"jeg:tech_trash":12,"minecraft:acacia_sapling":1,"minecraft:book":105,"rustic_engineer:raw_solarite_ore":4,"minecraft:smooth_basalt":1,"minecraft:black_candle":1,"minecraft:dark_oak_slab":2,"minecraft:quartz":270,"minecraft:gravel":222,"magistuarmory:rustednorman_helmet":1,"minecraft:blast_furnace":1,"magistuarmory:rustedchainmail_leggings":3,"minecraft:spider_eye":1,"create:copper_diving_helmet":1,"rats:nether_cheese":1,"minecraft:stone_axe":1,"immersive_melodies:didgeridoo":2,"minecraft:painting":13,"magistuarmory:gold_shortsword":6,"magistuarmory:steel_nugget":1,"minecraft:damaged_anvil":2,"minecraft:stripped_dark_oak_log":4,"minecraft:coal":40},"minecraft:killed_by":{"minecraft:zombified_piglin":3,"minecraft:wither_skeleton":1,"minecraft:creeper":1,"epicsamurai:oni":2,"minecraft:piglin":1,"alexsmobs:bone_serpent":1,"minecraft:player":1,"minecraft:skeleton":1},"minecraft:crafted":{"minecraft:oak_planks":344,"create:copper_diving_boots":1,"epicsamurai:silver_ingot":29,"minecraft:barrel":4,"magistuarmory:silver_concavehalberd":2,"minecraft:stone":283,"minecraft:diamond_shovel":1,"minecraft:bookshelf":21,"minecraft:cooked_mutton":1,"epicsamurai:blue_samurai_leggings_master":1,"minecraft:glass":1132,"minecraft:chest":20,"minecraft:copper_block":1,"magistuarmory:pole":3,"minecraft:stone_hoe":1,"magistuarmory:gold_lochaberaxe":1,"magistuarmory:rustedhalfarmor_chestplate":1,"minecraft:golden_sword":6,"minecraft:golden_boots":2,"minecraft:smoker":1,"minecraft:oak_slab":36,"epicsamurai:blue_samurai_helmet":1,"minecraft:diamond_axe":1,"minecraft:crafting_table":5,"minecraft:spruce_planks":8,"minecraft:baked_potato":69,"epicsamurai:green_samurai_boots":1,"minecraft:copper_ingot":128,"magistuarmory:wood_roundshield":1,"minecraft:birch_planks":20,"jeg:brimstone_crystal":17,"minecraft:dark_oak_slab":6,"minecraft:iron_chestplate":1,"minecraft:golden_leggings":3,"minecraft:charcoal":33,"minecraft:diamond_pickaxe":4,"minecraft:stick":124,"minecraft:iron_ingot":51,"magistuarmory:gold_shortsword":2,"minecraft:acacia_door":3,"minecraft:gold_ingot":29,"magistuarmory:silver_chivalrylance":1,"minecraft:sponge":12,"minecraft:deepslate_bricks":216,"magistuarmory:leather_strip":6,"minecraft:golden_chestplate":2,"minecraft:iron_nugget":54,"minecraft:furnace":8,"create:copper_backtank":1,"minecraft:flint_and_steel":1,"magistuarmory:hilt":8,"minecraft:dark_oak_fence":96,"minecraft:polished_deepslate":216,"jeg:scrap_workbench":1,"minecraft:iron_axe":1,"magistuarmory:steel_ingot":13,"minecraft:stone_pickaxe":1,"minecraft:spruce_boat":1,"minecraft:dark_oak_planks":1380,"minecraft:golden_helmet":7,"minecraft:cooked_beef":14,"minecraft:cooked_cod":5,"create:andesite_alloy":8,"minecraft:dark_oak_stairs":168,"minecraft:enchanting_table":1,"minecraft:cooked_salmon":7,"minecraft:stone_axe":6,"minecraft:air":0,"jeg:scrap_block":1,"minecraft:oak_boat":1,"magistuarmory:silver_rondache":1,"minecraft:gunpowder":14,"minecraft:stonecutter":1,"create:shaft":8,"minecraft:acacia_planks":40,"create:copper_diving_helmet":1,"minecraft:torch":20,"create:zinc_ingot":79},"minecraft:dropped":{"minecraft:baked_potato":23,"minecraft:glass_bottle":2,"minecraft:dark_oak_sapling":7,"create:incomplete_precision_mechanism":4,"magistuarmory:silver_chivalrylance":1,"jeg:raw_brimstone":72,"minecraft:flint":7,"minecraft:red_mushroom":1,"create:copper_diving_helmet":1,"minecraft:dirt":2,"create:copper_backtank":2,"minecraft:cooked_cod":4,"minecraft:gold_nugget":2,"minecraft:gold_ingot":2,"magistuarmory:rustedchainmail_leggings":2,"minecraft:stone_axe":1,"minecraft:rotten_flesh":1,"minecraft:oak_planks":35,"create:scoria":1,"immersive_melodies:didgeridoo":1,"minecraft:arrow":5,"magistuarmory:gold_lochaberaxe":1,"minecraft:netherrack":2,"minecraft:golden_boots":1,"minecraft:bread":1,"minecraft:stripped_spruce_log":2,"magistuarmory:rustedkettlehat":1,"minecraft:wheat_seeds":2,"minecraft:golden_helmet":1,"minecraft:cobblestone":31,"create:precision_mechanism":1,"mca:book_romance":1,"minecraft:black_candle":1,"create:copper_diving_boots":1,"epicsamurai:blue_samurai_leggings_master":1,"minecraft:string":4,"epicsamurai:green_samurai_boots":1,"minecraft:raw_copper":17,"magistuarmory:rusted_heavymace":1,"minecraft:damaged_anvil":1,"minecraft:spruce_planks":3,"minecraft:iron_chestplate":1,"minecraft:oak_sapling":1,"minecraft:stone_pickaxe":1,"magistuarmory:silver_rondache":1,"epicsamurai:blue_samurai_helmet":1},"minecraft:broken":{"minecraft:golden_helmet":1,"minecraft:golden_boots":1,"minecraft:diamond_pickaxe":1,"minecraft:stone_axe":4,"minecraft:iron_axe":1,"minecraft:iron_pickaxe":1,"magistuarmory:rustedchainmail_leggings":1},"minecraft:mined":{"minecraft:dark_oak_planks":43,"create:deepslate_zinc_ore":47,"minecraft:red_nether_bricks":11,"minecraft:obsidian":24,"minecraft:acacia_log":13,"minecraft:grass_block":30,"minecraft:deepslate_bricks":137,"mcwlights:copper_chain":1,"minecraft:spawner":2,"minecraft:tall_seagrass":28,"minecraft:glowstone":22,"minecraft:red_nether_brick_stairs":1,"minecraft:iron_ore":12,"minecraft:fire":21,"minecraft:deepslate_lapis_ore":10,"minecraft:nether_brick_stairs":2,"minecraft:dark_oak_stairs":4,"minecraft:enchanting_table":1,"epicsamurai:deepslate_silver_ore":29,"minecraft:deepslate_redstone_ore":28,"minecraft:blackstone":5,"minecraft:smoker":3,"minecraft:clay":2,"minecraft:torch":1,"minecraft:blast_furnace":1,"minecraft:melon":6,"minecraft:chest":2,"create:scoria":7,"minecraft:cobblestone":9,"minecraft:glass":292,"minecraft:nether_quartz_ore":144,"minecraft:sugar_cane":29,"minecraft:damaged_anvil":1,"minecraft:wall_torch":5,"minecraft:seagrass":47,"minecraft:dark_oak_slab":2,"minecraft:grass":3,"minecraft:oak_log":99,"minecraft:sand":1248,"minecraft:dirt":28,"minecraft:smooth_basalt":1,"minecraft:stonecutter":1,"minecraft:netherrack":160,"minecraft:oak_leaves":10,"minecraft:deepslate":394,"create:zinc_ore":25,"minecraft:nether_gold_ore":17,"create:copper_backtank":2,"minecraft:tuff":44,"minecraft:mossy_cobblestone":2,"minecraft:deepslate_diamond_ore":30,"minecraft:nether_brick_wall":2,"minecraft:dark_oak_log":640,"minecraft:nether_bricks":16,"minecraft:dark_oak_fence":9,"epicsamurai:deepslate_ruby_ore":5,"minecraft:red_mushroom":1,"minecraft:sandstone":16,"minecraft:furnace":11,"rustic_engineer:solarite_ore_deep_slate":7,"create:scorchia":2,"minecraft:stripped_spruce_log":3,"minecraft:bookshelf":36,"minecraft:potatoes":47,"minecraft:deepslate_iron_ore":37,"minecraft:stripped_oak_log":2,"minecraft:wet_sponge":75,"minecraft:stone":1043,"jeg:blackstone_brimstone_ore":3,"jeg:scrap_ore":8,"minecraft:stripped_dark_oak_log":4,"minecraft:basalt":17,"jeg:basalt_brimstone_ore":34,"epicsamurai:deepslate_aquamarine_ore":6,"minecraft:crafting_table":1,"minecraft:sponge":1,"minecraft:lectern":2,"minecraft:tall_grass":1,"minecraft:copper_ore":13,"minecraft:deepslate_gold_ore":27,"jeg:deepslate_scrap_ore":62,"jeg:scrap_workbench":1,"minecraft:coal_ore":38,"minecraft:gravel":169,"minecraft:fern":1}},"DataVersion":3465}